query_id,category,scope,query,gold_terms,top_titles,top_chunks,recall_at_1,recall_at_3,recall_at_5,precision_at_5,mrr_at_5,ndcg_at_5,evidence_coverage,citation_alignment,no_evidence_detection,failure_reason,latency_ms,retrieval_latency_ms,http_status
"g5i_ret_direct_fact_001","direct_fact","in_scope","Hiệp định Paris 1973 là gì?","paris | rut quan | Hiệp định Paris 1973 | PARIS_1973_US_WITHDRAWAL | Paris 1973 | Mỹ rút quân | chiến tranh chưa kết thúc ngay | 1975","Việt Nam hóa chiến tranh giai đoạn 1969-1973 | Phân biệt Hiệp định Genève 1954 và Hiệp định Paris 1973 | Bối cảnh chính của Hiệp định Paris 1973 | Nguồn trực tiếp: cục diện sau Hiệp định Paris | Xô viết Nghệ Tĩnh trong cao trào 1930-1931","S20G2_TOPIC_VIET_NAM_HOA_CHIEN_TRANH_1969_1973 | S20D2_COMPARE_GENEVE_1954_PARIS_1973_STRICT | S20D2_CONTEXT_PARIS_1973_DATE | S20D2_SOURCE_CUC_DIEN_SAU_PARIS_1973_1974_DIRECT | S20G2_TOPIC_XO_VIET_NGHE_TINH_1930_1931","1","1","1","0.8","1","0.9338707053410261","1","1","","","477","387.7","200"
"g5i_ret_direct_fact_002","direct_fact","in_scope","Mốc chính của Hiệp định Paris 1973 là gì?","paris | 27/1/1973 | Hiệp định Paris | Mỹ rút quân | quyền dân tộc | Hiệp định Paris 1973","Bối cảnh chính của Hiệp định Paris 1973 | Việt Nam hóa chiến tranh giai đoạn 1969-1973 | Nguồn trực tiếp: cục diện sau Hiệp định Paris | Xô viết Nghệ Tĩnh trong cao trào 1930-1931 | Tổng tuyển cử thống nhất dự kiến năm 1956 sau Hiệp định Genève","S20D2_CONTEXT_PARIS_1973_DATE | S20G2_TOPIC_VIET_NAM_HOA_CHIEN_TRANH_1969_1973 | S20D2_SOURCE_CUC_DIEN_SAU_PARIS_1973_1974_DIRECT | S20G2_TOPIC_XO_VIET_NGHE_TINH_1930_1931 | S20G2_TOPIC_1956_TONG_TUYEN_CU","1","1","1","0.8","1","0.9577074441112762","1","1","","","313","270.8","200"
"g5i_ret_direct_fact_003","direct_fact","in_scope","Hỏi thẳng về Chiến dịch Điện Biên Phủ 1954.","13/3/1954 | dien bien phu | Chiến dịch Điện Biên Phủ 1954 | DBP_1954_MILESTONES | Him Lam | 56 ngày đêm | 7/5/1954","Ý nghĩa Chiến thắng Điện Biên Phủ 1954 | So sánh Điện Biên Phủ 1954 và Chiến dịch Hồ Chí Minh 1975 | Chiến thắng Điện Biên Phủ - canonical answer evidence | Mốc ngày 7/5/1954 trong lịch sử Việt Nam 1945-1954 | So sánh Chiến dịch Biên giới 1950 và Chiến dịch Điện Biên Phủ 1954","SEM15G_MEANING_DBP_1954 | SEM15G_COMPARE_DBP_HCM | S18B_SEED_S1954_DBP_THANG | S18B_DATE_7_5_1954 | S18B_COMPARE_003","1","1","1","1","1","1","0.8571428571428571","1","","","2194","1734.8","200"
"g5i_ret_direct_fact_004","direct_fact","in_scope","Chiến thắng Điện Biên Phủ 1954 là gì?","y nghia chien thang dien bien phu | Chiến thắng Điện Biên Phủ 1954 | DBP_1954_INTERNATIONAL_IMPACT | cổ vũ phong trào giải phóng dân tộc | suy yếu chủ nghĩa thực dân | Genève 1954 | đánh bại | mốc quyết định","Ý nghĩa Chiến thắng Điện Biên Phủ 1954 | So sánh Điện Biên Phủ 1954 và Chiến dịch Hồ Chí Minh 1975 | Chiến thắng Điện Biên Phủ - canonical answer evidence | Mốc ngày 7/5/1954 trong lịch sử Việt Nam 1945-1954 | So sánh Chiến dịch Biên giới 1950 và Chiến dịch Điện Biên Phủ 1954","SEM15G_MEANING_DBP_1954 | SEM15G_COMPARE_DBP_HCM | S18B_SEED_S1954_DBP_THANG | S18B_DATE_7_5_1954 | S18B_COMPARE_003","1","1","1","1","1","0.9956256198544241","0.625","1","","","1027","984.7","200"
"g5i_ret_direct_fact_005","direct_fact","in_scope","Mốc chính của Điện Biên Phủ 1954 và Điện Biên Phủ trên không 1972 là gì?","dien bien phu tren khong | Điện Biên Phủ 1954 và Điện Biên Phủ trên không 1972 | DBP_1954_VS_AIR_1972 | 1954 chống Pháp | 1972 chống Mỹ","Năm 1972: Tiến công chiến lược và Điện Biên Phủ trên không | Bối cảnh chính của Điện Biên Phủ trên không | Diễn biến chính thời kỳ 1945-1954 | So sánh Điện Biên Phủ 1954 và Hiệp định Genève 1954 | So sánh Điện Biên Phủ 1954 và Hiệp định Genève 1954","S20G2_YEAR_1972_EXPANDED_TIMELINE | S20D2_CONTEXT_DBP_TREN_KHONG_1972 | S20D_PERIOD_1945_1954_CORE | S18B_COMPARE_008 | S20D_COMPARE_DBP_1954_GENEVE_1954","1","1","1","1","1","1","1","1","","","2063","1952","200"
"g5i_ret_direct_fact_006","direct_fact","in_scope","Hỏi thẳng về Hiệp định Genève 1954.","vi tuyen 17 | tam thoi | Hiệp định Genève 1954 | GENEVE_1954_17TH_PARALLEL | giới tuyến quân sự tạm thời | không phải biên giới vĩnh viễn | kết thúc chiến tranh | tổng tuyển cử","Phân biệt Hiệp định Genève 1954 và Hiệp định Paris 1973 | Tổng tuyển cử thống nhất dự kiến năm 1956 sau Hiệp định Genève | Nguồn trực tiếp: Hiệp định Genève 1954 quy định đình chỉ chiến sự và giới tuyến tạm thời | So sánh Điện Biên Phủ 1954 và Hiệp định Genève 1954 | Bối cảnh chính của Hiệp định Genève 1954","S20D2_COMPARE_GENEVE_1954_PARIS_1973_STRICT | S20G2_TOPIC_1956_TONG_TUYEN_CU | S20D2_SOURCE_GENEVE_1954_DINH_CHI_VI_TUYEN_DIRECT | S20D_COMPARE_DBP_1954_GENEVE_1954 | S20D_GENEVE_1954_CONTEXT_DATE_STRONG","1","1","1","1","1","0.8196718819486545","0.75","1","","","2131","2094.9","200"
"g5i_ret_direct_fact_007","direct_fact","in_scope","Genève 1954 và Paris 1973 là gì?","paris | geneve | Genève 1954 và Paris 1973 | GENEVE_1954_VS_PARIS_1973 | Genève 1954 | Paris 1973 | vĩ tuyến 17 | Mỹ rút quân","Phân biệt Hiệp định Genève 1954 và Hiệp định Paris 1973 | Bối cảnh chính của Hiệp định Paris 1973 | Nguồn trực tiếp: Hiệp định Genève 1954 quy định đình chỉ chiến sự và giới tuyến tạm thời | So sánh Điện Biên Phủ 1954 và Hiệp định Genève 1954 | Bối cảnh chính của Hiệp định Genève 1954","S20D2_COMPARE_GENEVE_1954_PARIS_1973_STRICT | S20D2_CONTEXT_PARIS_1973_DATE | S20D2_SOURCE_GENEVE_1954_DINH_CHI_VI_TUYEN_DIRECT | S20D_COMPARE_DBP_1954_GENEVE_1954 | S20D_GENEVE_1954_CONTEXT_DATE_STRONG","1","1","1","1","1","0.9893231728463076","1","1","","","1850","1764.6","200"
"g5i_ret_direct_fact_008","direct_fact","in_scope","Mốc chính của Đồng Khởi và Mặt trận Dân tộc Giải phóng miền Nam là gì?","20/12/1960 | mat tran dan toc giai phong | Đồng Khởi và Mặt trận Dân tộc Giải phóng miền Nam | DONG_KHOI_TO_NLF_1960 | Đồng Khởi 1959-1960 | Mặt trận Dân tộc Giải phóng miền Nam","Đường 9 trong Chiến dịch Đường 9 - Nam Lào năm 1971 | Đồng Khởi là chuyển biến quan trọng ở miền Nam | Việt Nam hóa chiến tranh giai đoạn 1969-1973 | Chiến thắng Phước Long cuối 1974 - đầu 1975 | Hội nghị Trung ương 8 năm 1941 và Việt Minh","S20G2_TOPIC_DUONG_9_NAM_LAO_1971 | S20G2_SOURCE_DONG_KHOI_CHUYEN_BIEN_MIỀN_NAM_1960 | S20G2_TOPIC_VIET_NAM_HOA_CHIEN_TRANH_1969_1973 | S20G2_TOPIC_PHUOC_LONG_1974_1975 | S20G2_SOURCE_HTW8_1941","0","1","1","0.4","0.5","0.6563271371851376","1","1","","","463","440.7","200"
"g5i_ret_direct_fact_009","direct_fact","in_scope","Hỏi thẳng về Phong trào Đồng Khởi.","dong khoi | Phong trào Đồng Khởi | DONG_KHOI_MEANING | giữ gìn lực lượng sang thế tiến công | phá thế kìm kẹp | Mặt trận Dân tộc Giải phóng miền Nam | 1959-1960","Đồng Khởi là chuyển biến quan trọng ở miền Nam | Bối cảnh chính của Phong trào Đồng Khởi | Ý nghĩa Cách mạng Tháng Tám 1945 | Cao trào kháng Nhật cứu nước năm 1945 | Phong trào dân chủ 1936-1939","S20G2_SOURCE_DONG_KHOI_CHUYEN_BIEN_MIỀN_NAM_1960 | S20D2_CONTEXT_DONG_KHOI_1960 | S20G2_TOPIC_CACH_MANG_THANG_TAM_MEANING_1945 | S20G2_TOPIC_KHANG_NHAT_1945 | S20G2_TOPIC_DAN_CHU_1936_1939","1","1","1","0.4","1","0.9265803195715411","0.7142857142857143","1","","","945","870.1","200"
"g5i_ret_direct_fact_010","direct_fact","in_scope","Tết Mậu Thân 1968 là gì?","tet mau than | 1968 | Paris | 1973 | Tết Mậu Thân 1968 | TET_MAU_THAN_1968_IMPACT | dư luận/chính trường Mỹ | đàm phán","Năm 1968: Tổng tiến công và nổi dậy Tết Mậu Thân | Đường 9 trong Chiến dịch Đường 9 - Nam Lào năm 1971 | Việt Nam hóa chiến tranh giai đoạn 1969-1973 | Mặt trận Dân tộc Giải phóng miền Nam Việt Nam ra đời ngày 20/12/1960 | Ngày 10/3/1975 mở màn chiến dịch Tây Nguyên tại Buôn Ma Thuột","S20G2_YEAR_1968_EXPANDED_TIMELINE | S20G2_TOPIC_DUONG_9_NAM_LAO_1971 | S20G2_TOPIC_VIET_NAM_HOA_CHIEN_TRANH_1969_1973 | S20D3_CONTEXT_MAT_TRAN_1960_1220 | S20G2_EXACT_1975_0310_BUON_MA_THUOT","1","1","1","0.4","1","0.9748573880108006","0.75","1","","","1225","1195.1","200"
"g5i_ret_direct_fact_011","direct_fact","in_scope","Mốc chính của Cách mạng Tháng Tám 1945 là gì?","cach mang thang tam | Cách mạng Tháng Tám 1945 | CMT8_1945_POLITICAL_RESULT | giành chính quyền | Việt Nam Dân chủ Cộng hòa | 2/9/1945","Ý nghĩa Cách mạng Tháng Tám 1945 | Cao trào kháng Nhật cứu nước năm 1945 | Đường 9 trong Chiến dịch Đường 9 - Nam Lào năm 1971 | Năm 1945: Nhật đảo chính Pháp, Tổng khởi nghĩa và Tuyên ngôn Độc lập | Chiến thắng Phước Long cuối 1974 - đầu 1975","S20G2_TOPIC_CACH_MANG_THANG_TAM_MEANING_1945 | S20G2_TOPIC_KHANG_NHAT_1945 | S20G2_TOPIC_DUONG_9_NAM_LAO_1971 | S20G2_YEAR_1945_EXPANDED_TIMELINE | S20G2_TOPIC_PHUOC_LONG_1974_1975","1","1","1","0.6","1","0.9728041123364262","1","1","","","417","400.5","200"
"g5i_ret_direct_fact_012","direct_fact","in_scope","Hỏi thẳng về Tuyên ngôn Độc lập 1945.","tuyen ngon doc lap | Tuyên ngôn Độc lập 1945 | 2/9/1945 | Hồ Chí Minh | Quảng trường Ba Đình | Việt Nam Dân chủ Cộng hòa","Năm 1945: Nhật đảo chính Pháp, Tổng khởi nghĩa và Tuyên ngôn Độc lập | Nguồn trực tiếp: ngày 2/9/1945 là ngày tuyên bố độc lập | Tuyên ngôn Độc lập ngày 2/9/1945 | Đội Việt Nam Tuyên truyền Giải phóng quân thành lập ngày 22/12/1944 | Bình dân học vụ sau Cách mạng Tháng Tám","S20G2_YEAR_1945_EXPANDED_TIMELINE | S20D2_SOURCE_1945_0902_TUYEN_NGON_STRICT | S20D_EXACT_1945_0902_TUYEN_NGON_DOC_LAP | S20G2_TOPIC_VNTTGPQ_1944_EXACT_DATE | S20D_SOURCE_BINH_DAN_HOC_VU_STRONG","1","1","1","0.6","1","1","1","1","","","611","583.6","200"
"g5i_ret_direct_fact_013","direct_fact","in_scope","Từ Nhật đảo chính Pháp đến Tuyên ngôn Độc lập là gì?","1945 | tuyen ngon doc lap | Từ Nhật đảo chính Pháp đến Tuyên ngôn Độc lập | NHAT_DAO_CHINH_TO_DOC_LAP_TIMELINE | 9/3/1945 | Tổng khởi nghĩa tháng 8 | 2/9/1945","Cao trào kháng Nhật cứu nước năm 1945 | Năm 1945: Nhật đảo chính Pháp, Tổng khởi nghĩa và Tuyên ngôn Độc lập | Nguồn trực tiếp: ngày 2/9/1945 là ngày tuyên bố độc lập | Tuyên ngôn Độc lập ngày 2/9/1945 | Nhật đảo chính Pháp ngày 9/3/1945","S20G2_TOPIC_KHANG_NHAT_1945 | S20G2_YEAR_1945_EXPANDED_TIMELINE | S20D2_SOURCE_1945_0902_TUYEN_NGON_STRICT | S20D_EXACT_1945_0902_TUYEN_NGON_DOC_LAP | S20D_EXACT_1945_0309_NHAT_DAO_CHINH_PHAP","1","1","1","1","1","0.8425613796462355","1","1","","","1134","1073.7","200"
"g5i_ret_direct_fact_014","direct_fact","in_scope","Mốc chính của Việt Minh 1941 là gì?","viet minh | 19/5/1941 | Mặt trận Việt Minh | Việt Minh 1941 | VIET_MINH_1941_ROLE | 1941 | tập hợp lực lượng | lãnh đạo quần chúng","Hội nghị Trung ương 8 năm 1941 và Việt Minh | Đường 9 trong Chiến dịch Đường 9 - Nam Lào năm 1971 | So sánh Đảng Cộng sản Việt Nam và Việt Minh | Việt Nam hóa chiến tranh giai đoạn 1969-1973 | Ngày 10/3/1975 mở màn chiến dịch Tây Nguyên tại Buôn Ma Thuột","S20G2_SOURCE_HTW8_1941 | S20G2_TOPIC_DUONG_9_NAM_LAO_1971 | S20G2_COMPARE_DCSVN_VIET_MINH | S20G2_TOPIC_VIET_NAM_HOA_CHIEN_TRANH_1969_1973 | S20G2_EXACT_1975_0310_BUON_MA_THUOT","1","1","1","0.6","1","0.9506312183706672","0.875","1","","","964","835.6","200"
"g5i_ret_direct_fact_015","direct_fact","in_scope","Hỏi thẳng về Việt Minh và Mặt trận Dân tộc Giải phóng miền Nam.","viet minh | Việt Minh và Mặt trận Dân tộc Giải phóng miền Nam | VIET_MINH_VS_NLF | Việt Minh 1941 | 20/12/1960 | khác bối cảnh | MTDTGPMN 1960","So sánh Đảng Cộng sản Việt Nam và Việt Minh | Đồng Khởi là chuyển biến quan trọng ở miền Nam | Hội nghị Trung ương 8 năm 1941 và Việt Minh | Ý nghĩa Cách mạng Tháng Tám 1945 | Năm 1975: Tổng tiến công mùa Xuân và giải phóng miền Nam","S20G2_COMPARE_DCSVN_VIET_MINH | S20G2_SOURCE_DONG_KHOI_CHUYEN_BIEN_MIỀN_NAM_1960 | S20G2_SOURCE_HTW8_1941 | S20G2_TOPIC_CACH_MANG_THANG_TAM_MEANING_1945 | S20G2_YEAR_1975_EXPANDED_TIMELINE","1","1","1","0.6","1","0.9753383386153195","1","1","","","625","562.7","200"
"g5i_ret_direct_fact_016","direct_fact","in_scope","Toàn quốc kháng chiến 1946 là gì?","toan quoc khang chien | Toàn quốc kháng chiến 1946 | TOAN_QUOC_KHANG_CHIEN_1946_MEANING | mở đầu kháng chiến toàn quốc | chống Pháp | toàn dân","Đấu tranh ngoại giao với Pháp trước 19/12/1946 | Toàn quốc kháng chiến bùng nổ | Hình thành đường lối kháng chiến toàn dân, toàn diện, lâu dài, tự lực cánh sinh | Công bố/lan truyền Lời kêu gọi Toàn quốc kháng chiến | Pháp tấn công và tàn sát dân thường tại Hải Phòng (11-1946) – chuẩn bị toàn quốc kháng chiến","CANON_SUP_E45_074 | CANON_SUP_E45_019 | CANON_SUP_E45_021 | CANON_SUP_E45_020 | EVT_0156","1","1","1","1","1","0.8348771963526481","1","1","","","815","790.2","200"
"g5i_ret_direct_fact_017","direct_fact","in_scope","Mốc chính của Chiến thắng Việt Bắc Thu Đông 1947 là gì?","viet bac | Chiến thắng Việt Bắc Thu Đông 1947 | VIET_BAC_1947_MEANING | đánh nhanh thắng nhanh | bảo vệ căn cứ Việt Bắc | kháng chiến lâu dài","Đường 9 trong Chiến dịch Đường 9 - Nam Lào năm 1971 | Việt Nam hóa chiến tranh giai đoạn 1969-1973 | Đại hội II năm 1951 và Đảng Lao động Việt Nam | Ngày 10/3/1975 mở màn chiến dịch Tây Nguyên tại Buôn Ma Thuột | Ý nghĩa Cách mạng Tháng Tám 1945","S20G2_TOPIC_DUONG_9_NAM_LAO_1971 | S20G2_TOPIC_VIET_NAM_HOA_CHIEN_TRANH_1969_1973 | S20G2_TOPIC_DAI_HOI_II_1951_DANG_LAO_DONG | S20G2_EXACT_1975_0310_BUON_MA_THUOT | S20G2_TOPIC_CACH_MANG_THANG_TAM_MEANING_1945","0","1","1","0.4","0.5","0.6934264036172708","1","1","","","813","730.1","200"
"g5i_ret_direct_fact_018","direct_fact","in_scope","Hỏi thẳng về Chiến dịch Biên giới Thu Đông 1950.","bien gioi | Chiến dịch Biên giới Thu Đông 1950 | BIEN_GIOI_1950_MEANING | khai thông biên giới | mở rộng căn cứ | thế chủ động","Diễn biến chính thời kỳ 1945-1954 | Năm 1939: Chiến tranh thế giới thứ hai và Hội nghị Trung ương 6 | Năm 1939, Chiến tranh thế giới thứ hai và chuyển hướng chiến lược | Năm 1974: chuyển biến trước Tổng tiến công 1975 và Phước Long | Nguồn trực tiếp: Chiến dịch Hòa Bình diễn ra giai đoạn 1951-1952","S20D_PERIOD_1945_1954_CORE | S20G2_YEAR_1939_EXPANDED_TIMELINE | S20G2_TOPIC_1939_THE_CHIEN_TW6 | S20G2_YEAR_1974_EXPANDED_TIMELINE | S20D2_SOURCE_CHIEN_DICH_HOA_BINH_1951_1952_DIRECT","0","1","1","0","0","0","1","1","","no_gold_term_in_top5","702","677.7","200"
"g5i_ret_direct_fact_019","direct_fact","in_scope","Đường Trường Sơn là gì?","duong truong son | hậu phương miền Bắc | tiền tuyến miền Nam | TRUONG_SON_SUPPORT | tuyến vận tải chiến lược | chi viện miền Nam | người và vật chất","Bắt đầu xây dựng đường Trường Sơn (đường Hồ Chí Minh) – huyết mạch chi viện miền Nam (1959) | Đường Trường Sơn - canonical answer evidence | Mốc ngày 19/5/1959 trong lịch sử Việt Nam 1954-1975 | Bối cảnh chính của Đường Trường Sơn và Đoàn 559 | Năm 1959: Đoàn 559 và đường Trường Sơn","EVT_0261 | S19B_SEED_S1959_TRUONGSON | S19B_DATE_19_5_1959 | S20D2_CONTEXT_TRUONG_SON_DOAN_559_1959 | S20G2_YEAR_1959_EXPANDED_TIMELINE","1","1","1","0.8","1","0.9691335020260111","0.42857142857142855","0.6666666666666666","","low_evidence_coverage","1366","1335.1","200"
"g5i_ret_direct_fact_020","direct_fact","in_scope","Mốc chính của Hậu phương miền Bắc là gì?","duong truong son | Hậu phương miền Bắc | NORTH_REAR_BASE_SUPPORT | hậu phương lớn | chi viện người và vật chất | miền Nam","Bắt đầu xây dựng đường Trường Sơn (đường Hồ Chí Minh) – huyết mạch chi viện miền Nam (1959) | Đường 9 trong Chiến dịch Đường 9 - Nam Lào năm 1971 | Đồng Khởi là chuyển biến quan trọng ở miền Nam | Việt Nam hóa chiến tranh giai đoạn 1969-1973 | Ngày 10/3/1975 mở màn chiến dịch Tây Nguyên tại Buôn Ma Thuột","EVT_0261 | S20G2_TOPIC_DUONG_9_NAM_LAO_1971 | S20G2_SOURCE_DONG_KHOI_CHUYEN_BIEN_MIỀN_NAM_1960 | S20G2_TOPIC_VIET_NAM_HOA_CHIEN_TRANH_1969_1973 | S20G2_EXACT_1975_0310_BUON_MA_THUOT","1","1","1","0.4","1","0.9524478305332281","1","1","","","1678","1655.6","200"
"g5i_ret_direct_fact_021","direct_fact","in_scope","Hỏi thẳng về Tổng tiến công mùa Xuân 1975.","tong tien cong | 1975 | Buôn Ma Thuột | Huế - Đà Nẵng | Chiến dịch Hồ Chí Minh | 30/4/1975 | Tây Nguyên | 10/3/1975","Huế được giải phóng ngày 26/3/1975 | Ngày 10/3/1975 mở màn chiến dịch Tây Nguyên tại Buôn Ma Thuột | Chiến thắng Phước Long cuối 1974 - đầu 1975 | Năm 1975: Tổng tiến công mùa Xuân và giải phóng miền Nam | Năm 1974: chuyển biến trước Tổng tiến công 1975 và Phước Long","S20G2_SOURCE_HUE_1975_0326 | S20G2_EXACT_1975_0310_BUON_MA_THUOT | S20G2_TOPIC_PHUOC_LONG_1974_1975 | S20G2_YEAR_1975_EXPANDED_TIMELINE | S20G2_YEAR_1974_EXPANDED_TIMELINE","1","1","1","1","1","0.8715930644584924","1","1","","","1571","1509.6","200"
"g5i_ret_direct_fact_022","direct_fact","in_scope","Chiến dịch Tây Nguyên 1975 là gì?","tay nguyen | buon ma thuot | Chiến dịch Tây Nguyên 1975 | TAY_NGUYEN_1975_BREAKTHROUGH | đột phá chiến lược | 10/3/1975 | Huế - Đà Nẵng | Sài Gòn","Ngày 10/3/1975 mở màn chiến dịch Tây Nguyên tại Buôn Ma Thuột | Chiến thắng Phước Long cuối 1974 - đầu 1975 | Năm 1975: Tổng tiến công mùa Xuân và giải phóng miền Nam | Đường 9 trong Chiến dịch Đường 9 - Nam Lào năm 1971 | Ý nghĩa Cách mạng Tháng Tám 1945","S20G2_EXACT_1975_0310_BUON_MA_THUOT | S20G2_TOPIC_PHUOC_LONG_1974_1975 | S20G2_YEAR_1975_EXPANDED_TIMELINE | S20G2_TOPIC_DUONG_9_NAM_LAO_1971 | S20G2_TOPIC_CACH_MANG_THANG_TAM_MEANING_1945","1","1","1","0.6","1","1","0.625","1","","","1658","1642.2","200"
"g5i_ret_direct_fact_023","direct_fact","in_scope","Mốc chính của Chiến dịch Hồ Chí Minh 1975 là gì?","chien dich ho chi minh | Chiến dịch Hồ Chí Minh 1975 | HO_CHI_MINH_CAMPAIGN_FINAL | chiến dịch cuối cùng | 30/4/1975 | Sài Gòn | chính quyền Sài Gòn đầu hàng | Tây Nguyên","Ý nghĩa Chiến dịch Hồ Chí Minh và Đại thắng mùa Xuân 1975 | Ngày 30/4/1975 - Dinh Độc Lập bị chiếm và chính quyền Sài Gòn đầu hàng | Nguồn chứng minh 30/4/1975 là mốc kết thúc chiến tranh và thống nhất đất nước | So sánh Điện Biên Phủ 1954 và Chiến dịch Hồ Chí Minh 1975 | Trận Buôn Ma Thuột mở màn then chốt","SEM15G_MEANING_HCM_CAMPAIGN_1975 | SEM15G_EXACT_1975_0430 | SEM15G_SOURCE_3041975_END_WAR | SEM15G_COMPARE_DBP_HCM | CANON_SUP_M75_EVT_0063","1","1","1","0.8","1","1","1","1","","","1048","1009.2","200"
"g5i_ret_direct_fact_024","direct_fact","in_scope","Hỏi thẳng về Ngày 30/4/1975.","30/4/1975 | Ngày 30/4/1975 | APRIL_30_1975_MEANING | giải phóng miền Nam | kết thúc chiến tranh | thống nhất đất nước","Bối cảnh chính của Chiến dịch Hồ Chí Minh | Phân biệt 30/4/1975 với mốc Quốc hội hoàn tất thống nhất nhà nước | Chiến thắng Phước Long cuối 1974 - đầu 1975 | Huế được giải phóng ngày 26/3/1975 | Ngày 10/3/1975 mở màn chiến dịch Tây Nguyên tại Buôn Ma Thuột","S20D2_CONTEXT_CHIEN_DICH_HO_CHI_MINH_1975 | S20D_DISAMBIG_1975_0430_NOT_QUOC_HOI_UNIFICATION | S20G2_TOPIC_PHUOC_LONG_1974_1975 | S20G2_SOURCE_HUE_1975_0326 | S20G2_EXACT_1975_0310_BUON_MA_THUOT","1","1","1","1","1","0.799416911401953","1","1","","","636","624.4","200"
"g5i_ret_direct_fact_025","direct_fact","in_scope","Hội nghị thành lập Đảng Cộng sản Việt Nam 1930 là gì?","Đảng Cộng sản Việt Nam thành lập năm 1930 | 3/2/1930 | Hội nghị hợp nhất các tổ chức cộng sản | Hội nghị thành lập Đảng Cộng sản Việt Nam 1930 | PARTY_FOUNDING_CONFERENCE_1930 | 1930 | Đảng Cộng sản Việt Nam","So sánh Đảng Cộng sản Việt Nam và Việt Minh | Đảng Cộng sản Việt Nam thành lập năm 1930 | Năm 1930: Đảng Cộng sản Việt Nam ra đời và cao trào 1930-1931 | Đại hội I của Đảng năm 1935 | Hội nghị Trung ương 8 năm 1941 và Việt Minh","S20G2_COMPARE_DCSVN_VIET_MINH | S20G2_SOURCE_DCSVN_1930_NO_ACCENT | S20G2_YEAR_1930_EXPANDED_TIMELINE | S20G2_TOPIC_DAI_HOI_I_1935 | S20G2_SOURCE_HTW8_1941","1","1","1","0.6","1","0.7932775377436168","1","1","","","740","649.3","200"
"g5i_ret_direct_fact_026","direct_fact","in_scope","Mốc chính của Đội Việt Nam Tuyên truyền Giải phóng quân 1944 là gì?","Đội Việt Nam Tuyên truyền Giải phóng quân thành lập ngày 22/12/1944 | Đội Việt Nam Tuyên truyền Giải phóng quân 1944 | VNTTGPQ_1944_FOUNDING_DATE | 22/12/1944 | Đội Việt Nam Tuyên truyền Giải phóng quân","Đội Việt Nam Tuyên truyền Giải phóng quân thành lập ngày 22/12/1944 | Đường 9 trong Chiến dịch Đường 9 - Nam Lào năm 1971 | Việt Nam hóa chiến tranh giai đoạn 1969-1973 | Chiến thắng Phước Long cuối 1974 - đầu 1975 | Đồng Khởi là chuyển biến quan trọng ở miền Nam","S20G2_TOPIC_VNTTGPQ_1944_EXACT_DATE | S20G2_TOPIC_DUONG_9_NAM_LAO_1971 | S20G2_TOPIC_VIET_NAM_HOA_CHIEN_TRANH_1969_1973 | S20G2_TOPIC_PHUOC_LONG_1974_1975 | S20G2_SOURCE_DONG_KHOI_CHUYEN_BIEN_MIỀN_NAM_1960","1","1","1","0.2","1","1","1","1","","","681","668.7","200"
"g5i_ret_direct_fact_027","direct_fact","in_scope","Hỏi thẳng về Chiến dịch Điện Biên Phủ kết thúc.","7/5/1954 | dien bien phu | Chiến dịch Điện Biên Phủ kết thúc | DBP_1954_END_DATE","Ý nghĩa Chiến thắng Điện Biên Phủ 1954 | So sánh Điện Biên Phủ 1954 và Chiến dịch Hồ Chí Minh 1975 | Chiến thắng Điện Biên Phủ - canonical answer evidence | Mốc ngày 7/5/1954 trong lịch sử Việt Nam 1945-1954 | So sánh Chiến dịch Biên giới 1950 và Chiến dịch Điện Biên Phủ 1954","SEM15G_MEANING_DBP_1954 | SEM15G_COMPARE_DBP_HCM | S18B_SEED_S1954_DBP_THANG | S18B_DATE_7_5_1954 | S18B_COMPARE_003","1","1","1","1","1","0.9905684013820716","1","1","","","1215","1180.8","200"
"g5i_ret_direct_fact_028","direct_fact","in_scope","So sánh Biên giới 1950 và Điện Biên Phủ 1954 là gì?","So sánh Chiến dịch Biên giới 1950 và Chiến dịch Điện Biên Phủ 1954 | So sánh Biên giới 1950 và Điện Biên Phủ 1954 | BIEN_GIOI_1950_VS_DBP_1954 | Biên giới Thu Đông 1950 | khai thông biên giới | Điện Biên Phủ 1954 | 7/5/1954 | kháng chiến chống Pháp","Ý nghĩa Chiến thắng Điện Biên Phủ 1954 | So sánh Điện Biên Phủ 1954 và Chiến dịch Hồ Chí Minh 1975 | Chiến thắng Điện Biên Phủ - canonical answer evidence | Mốc ngày 7/5/1954 trong lịch sử Việt Nam 1945-1954 | So sánh Chiến dịch Biên giới 1950 và Chiến dịch Điện Biên Phủ 1954","SEM15G_MEANING_DBP_1954 | SEM15G_COMPARE_DBP_HCM | S18B_SEED_S1954_DBP_THANG | S18B_DATE_7_5_1954 | S18B_COMPARE_003","1","1","1","1","1","0.9507646162411075","1","1","","","1373","1350.9","200"
"g5i_ret_direct_fact_029","direct_fact","in_scope","Mốc chính của So sánh Việt Bắc 1947 và Biên giới 1950 là gì?","So sánh Chiến dịch Việt Bắc 1947 và Chiến dịch Biên giới 1950 | So sánh Việt Bắc 1947 và Biên giới 1950 | VIET_BAC_1947_VS_BIEN_GIOI_1950 | Việt Bắc Thu Đông 1947 | bảo vệ căn cứ | Biên giới Thu Đông 1950 | khai thông biên giới | Biên giới Thu Đông 1950 diễn ra sau","So sánh Chiến dịch Việt Bắc 1947 và Chiến dịch Biên giới 1950 | So sánh Đảng Cộng sản Việt Nam và Việt Minh | Diễn biến chính thời kỳ 1945-1954 | Bối cảnh chính của Hiệp định Genève 1954 | So sánh Điện Biên Phủ 1954 và Hiệp định Genève 1954","S18B_COMPARE_002 | S20G2_COMPARE_DCSVN_VIET_MINH | S20D_PERIOD_1945_1954_CORE | S20D_GENEVE_1954_CONTEXT_DATE_STRONG | S20D_COMPARE_DBP_1954_GENEVE_1954","1","1","1","0.2","1","1","1","1","","","1207","1189.6","200"
"g5i_ret_direct_fact_030","direct_fact","in_scope","Hỏi thẳng về So sánh Xô viết Nghệ Tĩnh và Cách mạng Tháng Tám.","Xô viết Nghệ Tĩnh trong cao trào 1930-1931 | So sánh Xô viết Nghệ Tĩnh và Cách mạng Tháng Tám | XO_VIET_NGHE_TINH_VS_CMT8 | 1930-1931 | Cách mạng Tháng Tám 1945 | giành chính quyền | khác thời điểm","So sánh Xô viết Nghệ Tĩnh và Cách mạng Tháng Tám 1945 | Xô viết Nghệ Tĩnh trong cao trào 1930-1931 | Ý nghĩa Cách mạng Tháng Tám 1945 | So sánh Đảng Cộng sản Việt Nam và Việt Minh | Nguồn trực tiếp: Bình dân học vụ chống nạn mù chữ sau Cách mạng Tháng Tám","S17B_COMPARE_003 | S20G2_TOPIC_XO_VIET_NGHE_TINH_1930_1931 | S20G2_TOPIC_CACH_MANG_THANG_TAM_MEANING_1945 | S20G2_COMPARE_DCSVN_VIET_MINH | S20D2_SOURCE_BINH_DAN_HOC_VU_DIRECT","1","1","1","0.8","1","0.9930990831232537","1","1","","","1218","1212.1","200"
"g5i_ret_direct_fact_031","direct_fact","in_scope","Tổng tuyển cử 1956 theo Genève là gì?","Tổng tuyển cử thống nhất dự kiến năm 1956 sau Hiệp định Genève | Tổng tuyển cử 1956 theo Genève | GENEVE_1956_ELECTION_NOT_HELD | 1956 | không được thực hiện | chia cắt","Tổng tuyển cử thống nhất dự kiến năm 1956 sau Hiệp định Genève | Nguồn trực tiếp: Hiệp định Genève 1954 quy định đình chỉ chiến sự và giới tuyến tạm thời | Phân biệt Hiệp định Genève 1954 và Hiệp định Paris 1973 | Bối cảnh chính của Hiệp định Genève 1954 | Đường 9 trong Chiến dịch Đường 9 - Nam Lào năm 1971","S20G2_TOPIC_1956_TONG_TUYEN_CU | S20D2_SOURCE_GENEVE_1954_DINH_CHI_VI_TUYEN_DIRECT | S20D2_COMPARE_GENEVE_1954_PARIS_1973_STRICT | S20D_GENEVE_1954_CONTEXT_DATE_STRONG | S20G2_TOPIC_DUONG_9_NAM_LAO_1971","1","1","1","0.2","1","1","1","1","","","802","795.9","200"
"g5i_ret_direct_fact_032","direct_fact","in_scope","Mốc chính của So sánh Đồng Khởi và Tết Mậu Thân 1968 là gì?","So sánh Đồng Khởi và Tết Mậu Thân 1968 | DONG_KHOI_VS_TET_1968 | 1959-1960 | 1968 | khác thời điểm | tác động chính trị","So sánh Đồng Khởi và Tết Mậu Thân 1968 | Đồng Khởi là chuyển biến quan trọng ở miền Nam | Năm 1968: Tổng tiến công và nổi dậy Tết Mậu Thân | Năm 1959: Đoàn 559 và đường Trường Sơn | Năm 1975: Tổng tiến công mùa Xuân và giải phóng miền Nam","S19B_COMPARE_004 | S20G2_SOURCE_DONG_KHOI_CHUYEN_BIEN_MIỀN_NAM_1960 | S20G2_YEAR_1968_EXPANDED_TIMELINE | S20G2_YEAR_1959_EXPANDED_TIMELINE | S20G2_YEAR_1975_EXPANDED_TIMELINE","1","1","1","0.8","1","0.9764621540124053","1","1","","","450","442.4","200"
"g5i_ret_direct_fact_033","direct_fact","in_scope","Hỏi thẳng về So sánh 30/4/1975 và 2/9/1945.","30/4/1975 | 2/9/1945 | So sánh 30/4/1975 và 2/9/1945 | APR30_1975_VS_SEP2_1945 | Việt Nam Dân chủ Cộng hòa | kết thúc chiến tranh","Năm 1975: Tổng tiến công mùa Xuân và giải phóng miền Nam | Bối cảnh chính của Chiến dịch Hồ Chí Minh | Nguồn trực tiếp: ngày 2/9/1945 là ngày tuyên bố độc lập | So sánh Đảng Cộng sản Việt Nam và Việt Minh | Phân biệt 30/4/1975 với mốc Quốc hội hoàn tất thống nhất nhà nước","S20G2_YEAR_1975_EXPANDED_TIMELINE | S20D2_CONTEXT_CHIEN_DICH_HO_CHI_MINH_1975 | S20D2_SOURCE_1945_0902_TUYEN_NGON_STRICT | S20G2_COMPARE_DCSVN_VIET_MINH | S20D_DISAMBIG_1975_0430_NOT_QUOC_HOI_UNIFICATION","1","1","1","1","1","0.8747661083785221","1","1","","","453","418.2","200"
"g5i_ret_direct_fact_034","direct_fact","in_scope","Bảo Đại thoái vị và ngày 2/9/1945 là gì?","Bảo Đại thoái vị tại Huế | 2/9/1945 | Bảo Đại thoái vị và ngày 2/9/1945 | BAO_DAI_ABDICATION_VS_SEP2_1945 | 30/8/1945 | Tuyên ngôn Độc lập","Nguồn trực tiếp: ngày 2/9/1945 là ngày tuyên bố độc lập | Cao trào kháng Nhật cứu nước năm 1945 | Tuyên ngôn Độc lập ngày 2/9/1945 | Đường 9 trong Chiến dịch Đường 9 - Nam Lào năm 1971 | Nguồn trực tiếp: tình thế ngàn cân treo sợi tóc sau 2/9/1945","S20D2_SOURCE_1945_0902_TUYEN_NGON_STRICT | S20G2_TOPIC_KHANG_NHAT_1945 | S20D_EXACT_1945_0902_TUYEN_NGON_DOC_LAP | S20G2_TOPIC_DUONG_9_NAM_LAO_1971 | S20D2_SOURCE_1945_1946_NGAN_CAN_DIRECT","1","1","1","0.8","1","0.9508480835752493","1","1","","","827","814.1","200"
"g5i_ret_direct_fact_035","direct_fact","in_scope","Mốc chính của Cách mạng Tháng Tám 1945 theo nguyên nhân - kết quả là gì?","Năm 1945: Nhật đảo chính Pháp | Ý nghĩa Cách mạng Tháng Tám 1945 | Cách mạng Tháng Tám 1945 theo nguyên nhân - kết quả | CMT8_1945_CAUSE_RESULT_STRUCTURE | Nguyên nhân | Kết quả | giành chính quyền | Việt Nam Dân chủ Cộng hòa","Ý nghĩa Cách mạng Tháng Tám 1945 | Cao trào kháng Nhật cứu nước năm 1945 | Đường 9 trong Chiến dịch Đường 9 - Nam Lào năm 1971 | Năm 1945: Nhật đảo chính Pháp, Tổng khởi nghĩa và Tuyên ngôn Độc lập | Chiến thắng Phước Long cuối 1974 - đầu 1975","S20G2_TOPIC_CACH_MANG_THANG_TAM_MEANING_1945 | S20G2_TOPIC_KHANG_NHAT_1945 | S20G2_TOPIC_DUONG_9_NAM_LAO_1971 | S20G2_YEAR_1945_EXPANDED_TIMELINE | S20G2_TOPIC_PHUOC_LONG_1974_1975","1","1","1","0.6","1","0.9674679834891693","0.875","1","","","698","682.9","200"
"g5i_ret_direct_fact_036","direct_fact","in_scope","Hỏi thẳng về Hồ Chí Minh đọc Tuyên ngôn Độc lập 2/9/1945.","Năm 1945: Nhật đảo chính Pháp, Tổng khởi nghĩa và Tuyên ngôn Độc lập | Tuyên ngôn Độc lập | Hồ Chí Minh đọc Tuyên ngôn Độc lập 2/9/1945 | HO_CHI_MINH_READ_DECLARATION_1945 | Hồ Chí Minh | 2/9/1945 | Quảng trường Ba Đình","Nguồn trực tiếp: ngày 2/9/1945 là ngày tuyên bố độc lập | Tuyên ngôn Độc lập ngày 2/9/1945 | Lời kêu gọi thi đua ái quốc ngày 11/6/1948 | Nguồn trực tiếp: tình thế ngàn cân treo sợi tóc sau 2/9/1945 | Ý nghĩa Cách mạng Tháng Tám 1945","S20D2_SOURCE_1945_0902_TUYEN_NGON_STRICT | S20D_EXACT_1945_0902_TUYEN_NGON_DOC_LAP | S20G2_EXACT_1948_0611_THI_DUA_AI_QUOC | S20D2_SOURCE_1945_1946_NGAN_CAN_DIRECT | S20G2_TOPIC_CACH_MANG_THANG_TAM_MEANING_1945","1","1","1","0.8","1","0.9660025773112335","1","1","","","946","931.9","200"
"g5i_ret_direct_fact_037","direct_fact","in_scope","Nam Bộ kháng chiến 1945 là gì?","Nam Bộ kháng chiến bắt đầu ngày 23/9/1945 | 23/9/1945 | Nam Bộ kháng chiến 1945 | NAM_BO_KHANG_CHIEN_1945_START_DATE | Nam Bộ kháng chiến | thực dân Pháp trở lại","Cao trào kháng Nhật cứu nước năm 1945 | Năm 1946: Hiệp định Sơ bộ, Tạm ước và Toàn quốc kháng chiến | Năm 1945: Nhật đảo chính Pháp, Tổng khởi nghĩa và Tuyên ngôn Độc lập | Nguồn trực tiếp: ngày 2/9/1945 là ngày tuyên bố độc lập | Nam Bộ kháng chiến bắt đầu ngày 23/9/1945","S20G2_TOPIC_KHANG_NHAT_1945 | S20G2_YEAR_1946_EXPANDED_TIMELINE | S20G2_YEAR_1945_EXPANDED_TIMELINE | S20D2_SOURCE_1945_0902_TUYEN_NGON_STRICT | S20D_EXACT_1945_0923_NAM_BO_KHANG_CHIEN","1","1","1","1","1","0.8279855622398876","1","1","","","1044","1027.7","200"
"g5i_ret_direct_fact_038","direct_fact","in_scope","Mốc chính của Chiến thắng Việt Bắc Thu Đông 1947 là gì?","Việt Bắc Thu Đông 1947 | đánh nhanh thắng nhanh | Chiến thắng Việt Bắc Thu Đông 1947 | VIET_BAC_1947_DATE | 1947 | Việt Bắc Thu Đông","Đường 9 trong Chiến dịch Đường 9 - Nam Lào năm 1971 | Việt Nam hóa chiến tranh giai đoạn 1969-1973 | Đại hội II năm 1951 và Đảng Lao động Việt Nam | Ngày 10/3/1975 mở màn chiến dịch Tây Nguyên tại Buôn Ma Thuột | Ý nghĩa Cách mạng Tháng Tám 1945","S20G2_TOPIC_DUONG_9_NAM_LAO_1971 | S20G2_TOPIC_VIET_NAM_HOA_CHIEN_TRANH_1969_1973 | S20G2_TOPIC_DAI_HOI_II_1951_DANG_LAO_DONG | S20G2_EXACT_1975_0310_BUON_MA_THUOT | S20G2_TOPIC_CACH_MANG_THANG_TAM_MEANING_1945","0","1","1","0.2","0.3333333333333333","0.5","1","1","","","661","641","200"
"g5i_ret_direct_fact_039","direct_fact","in_scope","Hỏi thẳng về Mặt trận Dân tộc Giải phóng miền Nam 1960.","Mặt trận Dân tộc Giải phóng miền Nam Việt Nam ra đời ngày 20/12/1960 | 20/12/1960 | Mặt trận Dân tộc Giải phóng miền Nam 1960 | NLF_1960_FOUNDING_DATE | Mặt trận Dân tộc Giải phóng miền Nam | miền Nam | tập hợp lực lượng miền Nam | đấu tranh chống Mỹ","So sánh Đảng Cộng sản Việt Nam và Việt Minh | Đồng Khởi là chuyển biến quan trọng ở miền Nam | Hội nghị Trung ương 8 năm 1941 và Việt Minh | Ý nghĩa Cách mạng Tháng Tám 1945 | Lời kêu gọi thi đua ái quốc ngày 11/6/1948","S20G2_COMPARE_DCSVN_VIET_MINH | S20G2_SOURCE_DONG_KHOI_CHUYEN_BIEN_MIỀN_NAM_1960 | S20G2_SOURCE_HTW8_1941 | S20G2_TOPIC_CACH_MANG_THANG_TAM_MEANING_1945 | S20G2_EXACT_1948_0611_THI_DUA_AI_QUOC","0","1","1","0.2","0.5","0.6309297535714574","0.875","1","","","666","653.5","200"
"g5i_ret_direct_fact_040","direct_fact","in_scope","Mặt trận Việt Minh 1941 là gì?","19/5/1941 | Mặt trận Việt Minh | Hội nghị Trung ương 8 | giải phóng dân tộc | Mặt trận Việt Minh 1941 | VIET_MINH_1941_FOUNDING_DATE_EXACT","So sánh Đảng Cộng sản Việt Nam và Việt Minh | Mặt trận Dân tộc Giải phóng miền Nam Việt Nam ra đời ngày 20/12/1960 | Hội nghị Trung ương 8 năm 1941 và Việt Minh | Đường 9 trong Chiến dịch Đường 9 - Nam Lào năm 1971 | Việt Nam hóa chiến tranh giai đoạn 1969-1973","S20G2_COMPARE_DCSVN_VIET_MINH | S20D3_CONTEXT_MAT_TRAN_1960_1220 | S20G2_SOURCE_HTW8_1941 | S20G2_TOPIC_DUONG_9_NAM_LAO_1971 | S20G2_TOPIC_VIET_NAM_HOA_CHIEN_TRANH_1969_1973","1","1","1","0.8","1","0.6838587661685418","1","1","","","611","574.2","200"
"g5i_ret_direct_fact_041","direct_fact","in_scope","Mốc chính của Toàn quốc kháng chiến 1946 là gì?","19/12/1946 | Toàn quốc kháng chiến | Toàn quốc kháng chiến 1946 | TOAN_QUOC_KHANG_CHIEN_1946_START_DATE | chống thực dân Pháp","Đấu tranh ngoại giao với Pháp trước 19/12/1946 | Toàn quốc kháng chiến bùng nổ | Hình thành đường lối kháng chiến toàn dân, toàn diện, lâu dài, tự lực cánh sinh | Công bố/lan truyền Lời kêu gọi Toàn quốc kháng chiến | Pháp tấn công và tàn sát dân thường tại Hải Phòng (11-1946) – chuẩn bị toàn quốc kháng chiến","CANON_SUP_E45_074 | CANON_SUP_E45_019 | CANON_SUP_E45_021 | CANON_SUP_E45_020 | EVT_0156","1","1","1","1","1","0.8748967816784089","1","1","","","666","654.2","200"
"g5i_ret_direct_fact_042","direct_fact","in_scope","Hỏi thẳng về Luận cương chính trị tháng 10/1930.","Luận cương chính trị tháng 10/1930 | Trần Phú | LUAN_CUONG_1930_TRAN_PHU | Luận cương chính trị | 10/1930","Năm 1930: Đảng Cộng sản Việt Nam ra đời và cao trào 1930-1931 | Ngày 10/3/1975 mở màn chiến dịch Tây Nguyên tại Buôn Ma Thuột | Đảng Cộng sản Việt Nam thành lập năm 1930 | So sánh Đảng Cộng sản Việt Nam và Việt Minh | Ý nghĩa Cách mạng Tháng Tám 1945","S20G2_YEAR_1930_EXPANDED_TIMELINE | S20G2_EXACT_1975_0310_BUON_MA_THUOT | S20G2_SOURCE_DCSVN_1930_NO_ACCENT | S20G2_COMPARE_DCSVN_VIET_MINH | S20G2_TOPIC_CACH_MANG_THANG_TAM_MEANING_1945","1","1","1","0.4","1","0.9197207891481874","1","1","","","873","863.3","200"
"g5i_ret_direct_fact_043","direct_fact","in_scope","Nhật đảo chính Pháp ở Đông Dương 1945 là gì?","9/3/1945 | Nhật đảo chính Pháp | Nhật đảo chính Pháp ở Đông Dương 1945 | NHAT_DAO_CHINH_PHAP_1945_DATE","Đường 9 trong Chiến dịch Đường 9 - Nam Lào năm 1971 | Cao trào kháng Nhật cứu nước năm 1945 | Năm 1945: Nhật đảo chính Pháp, Tổng khởi nghĩa và Tuyên ngôn Độc lập | Năm 1939, Chiến tranh thế giới thứ hai và chuyển hướng chiến lược | Nhật đảo chính Pháp ngày 9/3/1945","S20G2_TOPIC_DUONG_9_NAM_LAO_1971 | S20G2_TOPIC_KHANG_NHAT_1945 | S20G2_YEAR_1945_EXPANDED_TIMELINE | S20G2_TOPIC_1939_THE_CHIEN_TW6 | S20D_EXACT_1945_0309_NHAT_DAO_CHINH_PHAP","0","1","1","0.6","0.5","0.6679169850748394","1","1","","","1446","991.7","200"
"g5i_ret_direct_fact_044","direct_fact","in_scope","Mốc chính của Hà Nội giành chính quyền ngày 19/8/1945 là gì?","19/8/1945 | Hà Nội giành chính quyền | Hà Nội giành chính quyền ngày 19/8/1945 | HANOI_AUG19_1945_DATE | Hà Nội | Cách mạng Tháng Tám","Ý nghĩa Cách mạng Tháng Tám 1945 | Ngày 2/9/1945 - Tuyên ngôn Độc lập tại Ba Đình | Chủ tịch Hồ Chí Minh qua đời | Hòa hoãn với Pháp để đẩy quân Tưởng về nước | Tổng khởi nghĩa thắng lợi ở Sài Gòn","SEM15G_MEANING_CMT8_1945 | SEM15G_EXACT_1945_0902 | CANON_SUP_M75_EVT_0054 | CANON_SUP_E45_015 | CANON_SUP_E079","1","1","1","0.4","1","1","1","1","","","1585","1575.6","200"
"g5i_ret_direct_fact_045","direct_fact","in_scope","Hỏi thẳng về Hiệp định Sơ bộ Việt - Pháp 6/3/1946.","6/3/1946 | Hiệp định Sơ bộ | Hiệp định Sơ bộ Việt - Pháp 6/3/1946 | HIEP_DINH_SO_BO_1946_DATE | Việt - Pháp","Năm 1946: Hiệp định Sơ bộ, Tạm ước và Toàn quốc kháng chiến | Bối cảnh chính của Hiệp định Paris 1973 | Năm 1945: Nhật đảo chính Pháp, Tổng khởi nghĩa và Tuyên ngôn Độc lập | Phân biệt Hiệp định Genève 1954 và Hiệp định Paris 1973 | Bối cảnh chính của Hiệp định Genève 1954","S20G2_YEAR_1946_EXPANDED_TIMELINE | S20D2_CONTEXT_PARIS_1973_DATE | S20G2_YEAR_1945_EXPANDED_TIMELINE | S20D2_COMPARE_GENEVE_1954_PARIS_1973_STRICT | S20D_GENEVE_1954_CONTEXT_DATE_STRONG","1","1","1","0.8","1","0.9690081875242373","1","1","","","1576","1566.4","200"
"g5i_ret_direct_fact_046","direct_fact","in_scope","Hiến pháp 1946 là gì?","Hiến pháp 1946 | 9/11/1946 | Việt Nam Dân chủ Cộng hòa | HIEN_PHAP_1946_FIRST_CONSTITUTION | 1946 | Hiến pháp đầu tiên","Năm 1946: Hiệp định Sơ bộ, Tạm ước và Toàn quốc kháng chiến | Đường 9 trong Chiến dịch Đường 9 - Nam Lào năm 1971 | Việt Nam hóa chiến tranh giai đoạn 1969-1973 | Xô viết Nghệ Tĩnh trong cao trào 1930-1931 | Lời kêu gọi thi đua ái quốc ngày 11/6/1948","S20G2_YEAR_1946_EXPANDED_TIMELINE | S20G2_TOPIC_DUONG_9_NAM_LAO_1971 | S20G2_TOPIC_VIET_NAM_HOA_CHIEN_TRANH_1969_1973 | S20G2_TOPIC_XO_VIET_NGHE_TINH_1930_1931 | S20G2_EXACT_1948_0611_THI_DUA_AI_QUOC","1","1","1","0.2","1","1","1","1","","","1686","1417.6","200"
"g5i_ret_direct_fact_047","direct_fact","in_scope","Mốc chính của Đại hội II của Đảng năm 1951 là gì?","Đại hội II năm 1951 | Đảng Lao động Việt Nam | Đại hội II của Đảng năm 1951 | DAI_HOI_II_1951 | 1951 | Đại hội II","Đại hội II năm 1951 và Đảng Lao động Việt Nam | Đại hội I của Đảng năm 1935 | Hội nghị Trung ương 8 năm 1941 và Việt Minh | Xô viết Nghệ Tĩnh trong cao trào 1930-1931 | Đảng Cộng sản Việt Nam thành lập năm 1930","S20G2_TOPIC_DAI_HOI_II_1951_DANG_LAO_DONG | S20G2_TOPIC_DAI_HOI_I_1935 | S20G2_SOURCE_HTW8_1941 | S20G2_TOPIC_XO_VIET_NGHE_TINH_1930_1931 | S20G2_SOURCE_DCSVN_1930_NO_ACCENT","1","1","1","0.4","1","0.9722536570092819","1","1","","","1077","1059.4","200"
"g5i_ret_direct_fact_048","direct_fact","in_scope","Hỏi thẳng về Mở màn Chiến dịch Điện Biên Phủ 1954.","13/3/1954 | Him Lam | Điện Biên Phủ | Mở màn Chiến dịch Điện Biên Phủ 1954 | DBP_1954_START_DATE | Chiến dịch Điện Biên Phủ","Ý nghĩa Chiến thắng Điện Biên Phủ 1954 | So sánh Điện Biên Phủ 1954 và Chiến dịch Hồ Chí Minh 1975 | Trận đánh đồi Him Lam mở màn chiến dịch Điện Biên Phủ | Phân biệt Chiến dịch Điện Biên Phủ với trận Him Lam mở màn | Mở màn Chiến dịch Điện Biên Phủ - canonical answer evidence","SEM15G_MEANING_DBP_1954 | SEM15G_COMPARE_DBP_HCM | EVT_0208 | SYN_COMPARE_002 | S18B_SEED_S1954_DBP_MO","1","1","1","1","1","0.9897513365010374","1","1","","","1232","1204.5","200"
"g5i_ret_direct_fact_049","direct_fact","in_scope","Tết Mậu Thân 1968 là gì?","Tết Mậu Thân | 1968 | Tết Mậu Thân 1968 | TET_MAU_THAN_1968_YEAR","Năm 1968: Tổng tiến công và nổi dậy Tết Mậu Thân | Đường 9 trong Chiến dịch Đường 9 - Nam Lào năm 1971 | Việt Nam hóa chiến tranh giai đoạn 1969-1973 | Mặt trận Dân tộc Giải phóng miền Nam Việt Nam ra đời ngày 20/12/1960 | Ngày 10/3/1975 mở màn chiến dịch Tây Nguyên tại Buôn Ma Thuột","S20G2_YEAR_1968_EXPANDED_TIMELINE | S20G2_TOPIC_DUONG_9_NAM_LAO_1971 | S20G2_TOPIC_VIET_NAM_HOA_CHIEN_TRANH_1969_1973 | S20D3_CONTEXT_MAT_TRAN_1960_1220 | S20G2_EXACT_1975_0310_BUON_MA_THUOT","1","1","1","0.2","1","1","1","1","","","1455","1380.6","200"
"g5i_ret_direct_fact_050","direct_fact","in_scope","Mốc chính của Điện Biên Phủ trên không 1972 là gì?","Điện Biên Phủ trên không | Paris | 12 ngày đêm | Paris 1973 | Điện Biên Phủ trên không 1972 | 1972","Năm 1972: Tiến công chiến lược và Điện Biên Phủ trên không | Bối cảnh chính của Điện Biên Phủ trên không | Việt Nam hóa chiến tranh giai đoạn 1969-1973 | Năm 1968: Tổng tiến công và nổi dậy Tết Mậu Thân | Bối cảnh chính của Chính phủ Cách mạng lâm thời Cộng hòa miền Nam Việt Nam","S20G2_YEAR_1972_EXPANDED_TIMELINE | S20D2_CONTEXT_DBP_TREN_KHONG_1972 | S20G2_TOPIC_VIET_NAM_HOA_CHIEN_TRANH_1969_1973 | S20G2_YEAR_1968_EXPANDED_TIMELINE | S20D2_CONTEXT_CHINH_PHU_CMLT_1969","1","1","1","0.6","1","1","1","1","","","651","644","200"
"g5i_ret_direct_fact_051","direct_fact","in_scope","Hỏi thẳng về Trận Buôn Ma Thuột 10/3/1975.","10/3/1975 | Buôn Ma Thuột | Tây Nguyên | Trận Buôn Ma Thuột 10/3/1975 | BUON_MA_THUOT_1975_START_DATE","Ngày 10/3/1975 mở màn chiến dịch Tây Nguyên tại Buôn Ma Thuột | Chiến thắng Phước Long cuối 1974 - đầu 1975 | Bối cảnh chính của Chiến dịch Hồ Chí Minh | Đại hội I của Đảng năm 1935 | Năm 1975: Tổng tiến công mùa Xuân và giải phóng miền Nam","S20G2_EXACT_1975_0310_BUON_MA_THUOT | S20G2_TOPIC_PHUOC_LONG_1974_1975 | S20D2_CONTEXT_CHIEN_DICH_HO_CHI_MINH_1975 | S20G2_TOPIC_DAI_HOI_I_1935 | S20G2_YEAR_1975_EXPANDED_TIMELINE","1","1","1","0.8","1","0.9906587434846122","1","1","","","863","852.2","200"
"g5i_ret_direct_fact_052","direct_fact","in_scope","Huế được giải phóng ngày 26/3/1975 là gì?","26/3/1975 | Huế được giải phóng | Huế được giải phóng ngày 26/3/1975 | HUE_1975_LIBERATION_DATE | giải phóng","Huế được giải phóng ngày 26/3/1975 | Chiến thắng Phước Long cuối 1974 - đầu 1975 | Đội Việt Nam Tuyên truyền Giải phóng quân thành lập ngày 22/12/1944 | Ngày 10/3/1975 mở màn chiến dịch Tây Nguyên tại Buôn Ma Thuột | Đảng Cộng sản Việt Nam thành lập năm 1930","S20G2_SOURCE_HUE_1975_0326 | S20G2_TOPIC_PHUOC_LONG_1974_1975 | S20G2_TOPIC_VNTTGPQ_1944_EXACT_DATE | S20G2_EXACT_1975_0310_BUON_MA_THUOT | S20G2_SOURCE_DCSVN_1930_NO_ACCENT","1","1","1","0.8","1","0.9841690229680629","1","1","","","846","835.9","200"
"g5i_ret_direct_fact_053","direct_fact","in_scope","Mốc chính của Các mốc chống Mỹ 1960-1973 là gì?","1960 | Tết Mậu Thân | Điện Biên Phủ trên không | Paris | Các mốc chống Mỹ 1960-1973 | ANTI_US_1960_1973_TIMELINE | 1968 | 1972","Việt Nam hóa chiến tranh giai đoạn 1969-1973 | Chiến thắng Phước Long cuối 1974 - đầu 1975 | Đồng Khởi là chuyển biến quan trọng ở miền Nam | Mặt trận Dân tộc Giải phóng miền Nam Việt Nam ra đời ngày 20/12/1960 | Lời kêu gọi thi đua ái quốc ngày 11/6/1948","S20G2_TOPIC_VIET_NAM_HOA_CHIEN_TRANH_1969_1973 | S20G2_TOPIC_PHUOC_LONG_1974_1975 | S20G2_SOURCE_DONG_KHOI_CHUYEN_BIEN_MIỀN_NAM_1960 | S20D3_CONTEXT_MAT_TRAN_1960_1220 | S20G2_EXACT_1948_0611_THI_DUA_AI_QUOC","1","1","1","0.8","1","0.8459872763460943","1","1","","","906","883.1","200"
"g5i_ret_direct_fact_054","direct_fact","in_scope","Hỏi thẳng về Từ Genève 1954 đến Đồng Khởi.","vĩ tuyến 17 | 1959-1960 | Đồng Khởi | Từ Genève 1954 đến Đồng Khởi | GENEVE_1954_TO_DONG_KHOI_TIMELINE | 1954","Đồng Khởi là chuyển biến quan trọng ở miền Nam | Phân biệt Hiệp định Genève 1954 và Hiệp định Paris 1973 | Nguồn trực tiếp: Hiệp định Genève 1954 quy định đình chỉ chiến sự và giới tuyến tạm thời | Bối cảnh chính của Phong trào Đồng Khởi | Bối cảnh chính của Hiệp định Genève 1954","S20G2_SOURCE_DONG_KHOI_CHUYEN_BIEN_MIỀN_NAM_1960 | S20D2_COMPARE_GENEVE_1954_PARIS_1973_STRICT | S20D2_SOURCE_GENEVE_1954_DINH_CHI_VI_TUYEN_DIRECT | S20D2_CONTEXT_DONG_KHOI_1960 | S20D_GENEVE_1954_CONTEXT_DATE_STRONG","1","1","1","1","1","0.8571379266421973","1","1","","","1138","1058.2","200"
"g5i_ret_direct_fact_055","direct_fact","in_scope","Từ Việt Bắc 1947 đến Biên giới 1950 là gì?","Việt Bắc Thu Đông 1947 | Biên giới Thu Đông 1950 | thế chủ động | Từ Việt Bắc 1947 đến Biên giới 1950 | VIET_BAC_1947_TO_BIEN_GIOI_1950_TIMELINE | Việt Bắc 1947 | Biên giới 1950","Diễn biến chính thời kỳ 1945-1954 | Việt Nam hóa chiến tranh giai đoạn 1969-1973 | Năm 1939, Chiến tranh thế giới thứ hai và chuyển hướng chiến lược | So sánh Điện Biên Phủ 1954 và Hiệp định Genève 1954 | Bối cảnh chính của Hiệp định Genève 1954","S20D_PERIOD_1945_1954_CORE | S20G2_TOPIC_VIET_NAM_HOA_CHIEN_TRANH_1969_1973 | S20G2_TOPIC_1939_THE_CHIEN_TW6 | S20D_COMPARE_DBP_1954_GENEVE_1954 | S20D_GENEVE_1954_CONTEXT_DATE_STRONG","0","1","1","0","0","0","1","1","","no_gold_term_in_top5","741","720.4","200"
"g5i_ret_direct_fact_056","direct_fact","in_scope","Mốc chính của Nam Bộ kháng chiến và Toàn quốc kháng chiến là gì?","23/9/1945 | 19/12/1946 | Nam Bộ kháng chiến | Toàn quốc kháng chiến | Nam Bộ kháng chiến và Toàn quốc kháng chiến | NAM_BO_VS_TOAN_QUOC_KHANG_CHIEN | khác nhau","Đấu tranh ngoại giao với Pháp trước 19/12/1946 | Toàn quốc kháng chiến bùng nổ | Hình thành đường lối kháng chiến toàn dân, toàn diện, lâu dài, tự lực cánh sinh | Công bố/lan truyền Lời kêu gọi Toàn quốc kháng chiến | Pháp tấn công và tàn sát dân thường tại Hải Phòng (11-1946) – chuẩn bị toàn quốc kháng chiến","CANON_SUP_E45_074 | CANON_SUP_E45_019 | CANON_SUP_E45_021 | CANON_SUP_E45_020 | EVT_0156","1","1","1","1","1","0.7715048544081993","1","1","","","873","866.8","200"
"g5i_ret_direct_fact_057","direct_fact","in_scope","Hỏi thẳng về Hội nghị thành lập Đảng 1930 và Đại hội II 1951.","Hội nghị hợp nhất thành lập Đảng | Đại hội II năm 1951 | Đảng Lao động Việt Nam | Hội nghị thành lập Đảng 1930 và Đại hội II 1951 | PARTY_FOUNDING_1930_VS_CONGRESS_II_1951 | 1930 | 1951","Đại hội II năm 1951 và Đảng Lao động Việt Nam | So sánh Đảng Cộng sản Việt Nam và Việt Minh | Đại hội I của Đảng năm 1935 | Đảng Cộng sản Việt Nam thành lập năm 1930 | Hội nghị Trung ương 8 năm 1941 và Việt Minh","S20G2_TOPIC_DAI_HOI_II_1951_DANG_LAO_DONG | S20G2_COMPARE_DCSVN_VIET_MINH | S20G2_TOPIC_DAI_HOI_I_1935 | S20G2_SOURCE_DCSVN_1930_NO_ACCENT | S20G2_SOURCE_HTW8_1941","1","1","1","0.6","1","0.9162515430408725","1","1","","","841","808.5","200"
"g5i_ret_direct_fact_058","direct_fact","in_scope","Năm 1954: Điện Biên Phủ và Genève là gì?","Điện Biên Phủ | Genève | 1954 | Năm 1954: Điện Biên Phủ và Genève | YEAR_1954_DBP_GENEVE","Ý nghĩa Chiến thắng Điện Biên Phủ 1954 | So sánh Điện Biên Phủ 1954 và Chiến dịch Hồ Chí Minh 1975 | Chiến thắng Điện Biên Phủ - canonical answer evidence | Mốc ngày 7/5/1954 trong lịch sử Việt Nam 1945-1954 | So sánh Chiến dịch Biên giới 1950 và Chiến dịch Điện Biên Phủ 1954","SEM15G_MEANING_DBP_1954 | SEM15G_COMPARE_DBP_HCM | S18B_SEED_S1954_DBP_THANG | S18B_DATE_7_5_1954 | S18B_COMPARE_003","1","1","1","1","1","0.9952919001051653","1","1","","","1257","1222.7","200"
"g5i_ret_direct_fact_059","direct_fact","in_scope","Mốc chính của Từ Việt Minh đến Đội Việt Nam Tuyên truyền Giải phóng quân là gì?","Việt Minh | 22/12/1944 | lực lượng vũ trang | Từ Việt Minh đến Đội Việt Nam Tuyên truyền Giải phóng quân | VIET_MINH_TO_VNTTGPQ_TIMELINE | 1941","Đường 9 trong Chiến dịch Đường 9 - Nam Lào năm 1971 | Đội Việt Nam Tuyên truyền Giải phóng quân thành lập ngày 22/12/1944 | Việt Nam hóa chiến tranh giai đoạn 1969-1973 | Đồng Khởi là chuyển biến quan trọng ở miền Nam | Hội nghị Trung ương 8 năm 1941 và Việt Minh","S20G2_TOPIC_DUONG_9_NAM_LAO_1971 | S20G2_TOPIC_VNTTGPQ_1944_EXACT_DATE | S20G2_TOPIC_VIET_NAM_HOA_CHIEN_TRANH_1969_1973 | S20G2_SOURCE_DONG_KHOI_CHUYEN_BIEN_MIỀN_NAM_1960 | S20G2_SOURCE_HTW8_1941","0","1","1","0.4","0.5","0.624050520003838","1","1","","","1105","1097.2","200"
"g5i_ret_direct_fact_060","direct_fact","in_scope","Hỏi thẳng về Các mốc Việt Nam Dân chủ Cộng hòa lúc mới ra đời.","2/9/1945 | Hiến pháp 1946 | 19/12/1946 | Các mốc Việt Nam Dân chủ Cộng hòa lúc mới ra đời | EARLY_VNDCCH_1945_1946_TIMELINE","Việt Nam hóa chiến tranh giai đoạn 1969-1973 | Đại hội II năm 1951 và Đảng Lao động Việt Nam | Ý nghĩa Cách mạng Tháng Tám 1945 | Phong trào dân chủ 1936-1939 | Năm 1930: Đảng Cộng sản Việt Nam ra đời và cao trào 1930-1931","S20G2_TOPIC_VIET_NAM_HOA_CHIEN_TRANH_1969_1973 | S20G2_TOPIC_DAI_HOI_II_1951_DANG_LAO_DONG | S20G2_TOPIC_CACH_MANG_THANG_TAM_MEANING_1945 | S20G2_TOPIC_DAN_CHU_1936_1939 | S20G2_YEAR_1930_EXPANDED_TIMELINE","0","1","1","0.4","0.3333333333333333","0.5256825473266558","1","1","","","921","913.8","200"
"g5i_ret_direct_fact_061","direct_fact","in_scope","Kháng chiến chống Pháp 1946-1954 là gì?","19/12/1946 | Biên giới Thu Đông 1950 | Điện Biên Phủ | Genève | Kháng chiến chống Pháp 1946-1954 | ANTI_FRENCH_1946_1954_TIMELINE | Biên giới 1950 | Điện Biên Phủ 1954","Đại hội II năm 1951 và Đảng Lao động Việt Nam | Lời kêu gọi thi đua ái quốc ngày 11/6/1948 | Năm 1946: Hiệp định Sơ bộ, Tạm ước và Toàn quốc kháng chiến | Nguồn trực tiếp: Chiến dịch Hòa Bình diễn ra giai đoạn 1951-1952 | So sánh Điện Biên Phủ 1954 và Chiến dịch Hồ Chí Minh 1975","S20G2_TOPIC_DAI_HOI_II_1951_DANG_LAO_DONG | S20G2_EXACT_1948_0611_THI_DUA_AI_QUOC | S20G2_YEAR_1946_EXPANDED_TIMELINE | S20D2_SOURCE_CHIEN_DICH_HOA_BINH_1951_1952_DIRECT | S20D_COMPARE_DBP_1954_HCM_1975","0","1","1","0.4","0.3333333333333333","0.5131508597384646","1","1","","","997","987.3","200"
"g5i_ret_direct_fact_062","direct_fact","in_scope","Mốc chính của Từ Paris 1973 đến 30/4/1975 là gì?","Paris | Mỹ rút quân | 30/4/1975 | Từ Paris 1973 đến 30/4/1975 | PARIS_1973_TO_APR30_1975_TIMELINE | Paris 1973","Bối cảnh chính của Chiến dịch Hồ Chí Minh | Phân biệt 30/4/1975 với mốc Quốc hội hoàn tất thống nhất nhà nước | Ngày 10/3/1975 mở màn chiến dịch Tây Nguyên tại Buôn Ma Thuột | Bối cảnh chính của Hiệp định Paris 1973 | Việt Nam hóa chiến tranh giai đoạn 1969-1973","S20D2_CONTEXT_CHIEN_DICH_HO_CHI_MINH_1975 | S20D_DISAMBIG_1975_0430_NOT_QUOC_HOI_UNIFICATION | S20G2_EXACT_1975_0310_BUON_MA_THUOT | S20D2_CONTEXT_PARIS_1973_DATE | S20G2_TOPIC_VIET_NAM_HOA_CHIEN_TRANH_1969_1973","1","1","1","1","1","0.8392389165691747","1","1","","","680","663.5","200"
"g5i_ret_direct_fact_063","direct_fact","in_scope","Hỏi thẳng về Chiến dịch Tây Nguyên và Chiến dịch Hồ Chí Minh.","Tây Nguyên | Chiến dịch Hồ Chí Minh | 30/4/1975 | Chiến dịch Tây Nguyên và Chiến dịch Hồ Chí Minh | TAY_NGUYEN_VS_HCM_CAMPAIGN | Tây Nguyên mở đầu","Ý nghĩa Chiến dịch Hồ Chí Minh và Đại thắng mùa Xuân 1975 | Ngày 30/4/1975 - Dinh Độc Lập bị chiếm và chính quyền Sài Gòn đầu hàng | Nguồn chứng minh 30/4/1975 là mốc kết thúc chiến tranh và thống nhất đất nước | So sánh Điện Biên Phủ 1954 và Chiến dịch Hồ Chí Minh 1975 | Trận Buôn Ma Thuột mở màn then chốt","SEM15G_MEANING_HCM_CAMPAIGN_1975 | SEM15G_EXACT_1975_0430 | SEM15G_SOURCE_3041975_END_WAR | SEM15G_COMPARE_DBP_HCM | CANON_SUP_M75_EVT_0063","1","1","1","0.8","1","0.9319268121802669","1","1","","","950","919.4","200"
"g5i_ret_direct_fact_064","direct_fact","in_scope","Hiến pháp 1946 và Tuyên ngôn Độc lập là gì?","Hiến pháp 1946 | Tuyên ngôn Độc lập | 2/9/1945 | Hiến pháp 1946 và Tuyên ngôn Độc lập | HIEN_PHAP_1946_VS_TUYEN_NGON","Năm 1945: Nhật đảo chính Pháp, Tổng khởi nghĩa và Tuyên ngôn Độc lập | Nguồn trực tiếp: ngày 2/9/1945 là ngày tuyên bố độc lập | Tuyên ngôn Độc lập ngày 2/9/1945 | Đường 9 trong Chiến dịch Đường 9 - Nam Lào năm 1971 | Ý nghĩa Cách mạng Tháng Tám 1945","S20G2_YEAR_1945_EXPANDED_TIMELINE | S20D2_SOURCE_1945_0902_TUYEN_NGON_STRICT | S20D_EXACT_1945_0902_TUYEN_NGON_DOC_LAP | S20G2_TOPIC_DUONG_9_NAM_LAO_1971 | S20G2_TOPIC_CACH_MANG_THANG_TAM_MEANING_1945","1","1","1","0.8","1","0.994413532371006","1","1","","","1145","1079.3","200"
"g5i_ret_direct_fact_065","direct_fact","in_scope","Mốc chính của Đội Việt Nam Tuyên truyền Giải phóng quân và Việt Minh là gì?","Việt Minh | 22/12/1944 | lực lượng vũ trang | Đội Việt Nam Tuyên truyền Giải phóng quân và Việt Minh | VNTTGPQ_VS_VIET_MINH | 1941","Đường 9 trong Chiến dịch Đường 9 - Nam Lào năm 1971 | Đội Việt Nam Tuyên truyền Giải phóng quân thành lập ngày 22/12/1944 | Việt Nam hóa chiến tranh giai đoạn 1969-1973 | Hội nghị Trung ương 8 năm 1941 và Việt Minh | Xô viết Nghệ Tĩnh trong cao trào 1930-1931","S20G2_TOPIC_DUONG_9_NAM_LAO_1971 | S20G2_TOPIC_VNTTGPQ_1944_EXACT_DATE | S20G2_TOPIC_VIET_NAM_HOA_CHIEN_TRANH_1969_1973 | S20G2_SOURCE_HTW8_1941 | S20G2_TOPIC_XO_VIET_NGHE_TINH_1930_1931","0","1","1","0.4","0.5","0.6509209298071326","1","1","","","1005","993.6","200"
"g5i_ret_direct_fact_066","direct_fact","in_scope","Hỏi thẳng về Cương lĩnh chính trị đầu tiên và Luận cương chính trị tháng 10/1930.","Cương lĩnh | Luận cương | Trần Phú | Cương lĩnh chính trị đầu tiên và Luận cương chính trị tháng 10/1930 | CUONG_LINH_VS_LUAN_CUONG_1930","Năm 1930: Đảng Cộng sản Việt Nam ra đời và cao trào 1930-1931 | Đảng Cộng sản Việt Nam thành lập năm 1930 | So sánh Đảng Cộng sản Việt Nam và Việt Minh | Đồng Khởi là chuyển biến quan trọng ở miền Nam | Đại hội I của Đảng năm 1935","S20G2_YEAR_1930_EXPANDED_TIMELINE | S20G2_SOURCE_DCSVN_1930_NO_ACCENT | S20G2_COMPARE_DCSVN_VIET_MINH | S20G2_SOURCE_DONG_KHOI_CHUYEN_BIEN_MIỀN_NAM_1960 | S20G2_TOPIC_DAI_HOI_I_1935","1","1","1","0.4","1","1","1","1","","","1027","1013.2","200"
"g5i_ret_direct_fact_067","direct_fact","in_scope","Hội nghị thành lập Đảng 1930 và Hội nghị Trung ương 8 năm 1941 là gì?","Hội nghị hợp nhất thành lập Đảng | Hội nghị Trung ương 8 | Việt Minh | Hội nghị thành lập Đảng 1930 và Hội nghị Trung ương 8 năm 1941 | PARTY_FOUNDING_1930_VS_TW8_1941 | 1930 | 1941","So sánh Đảng Cộng sản Việt Nam và Việt Minh | Hội nghị Trung ương 8 năm 1941 và Việt Minh | Đảng Cộng sản Việt Nam thành lập năm 1930 | Năm 1939: Chiến tranh thế giới thứ hai và Hội nghị Trung ương 6 | Năm 1930: Đảng Cộng sản Việt Nam ra đời và cao trào 1930-1931","S20G2_COMPARE_DCSVN_VIET_MINH | S20G2_SOURCE_HTW8_1941 | S20G2_SOURCE_DCSVN_1930_NO_ACCENT | S20G2_YEAR_1939_EXPANDED_TIMELINE | S20G2_YEAR_1930_EXPANDED_TIMELINE","1","1","1","1","1","0.7698596711602386","1","1","","","907","900.3","200"
"g5i_ret_direct_fact_068","direct_fact","in_scope","Mốc chính của Cách mạng Tháng Tám và kháng chiến chống Pháp là gì?","Cách mạng Tháng Tám | kháng chiến chống Pháp | Điện Biên Phủ | Cách mạng Tháng Tám và kháng chiến chống Pháp | CMT8_VS_ANTI_FRENCH_WAR | 1945 | 1946-1954 | chống Pháp","Đường 9 trong Chiến dịch Đường 9 - Nam Lào năm 1971 | Ý nghĩa Cách mạng Tháng Tám 1945 | Đại hội II năm 1951 và Đảng Lao động Việt Nam | Chiến thắng Phước Long cuối 1974 - đầu 1975 | Cao trào kháng Nhật cứu nước năm 1945","S20G2_TOPIC_DUONG_9_NAM_LAO_1971 | S20G2_TOPIC_CACH_MANG_THANG_TAM_MEANING_1945 | S20G2_TOPIC_DAI_HOI_II_1951_DANG_LAO_DONG | S20G2_TOPIC_PHUOC_LONG_1974_1975 | S20G2_TOPIC_KHANG_NHAT_1945","0","1","1","0.4","0.5","0.6268070989949921","1","1","","","733","708.9","200"
"g5i_ret_direct_fact_069","direct_fact","in_scope","Hỏi thẳng về Sửa nhầm ngày Hồ Chí Minh đọc Tuyên ngôn Độc lập.","2/9/1945 | Hồ Chí Minh | Quảng trường Ba Đình | 30/4/1975 | Sửa nhầm ngày Hồ Chí Minh đọc Tuyên ngôn Độc lập | HO_CHI_MINH_DECLARATION_DATE_CORRECTION | Ba Đình","Ý nghĩa Cách mạng Tháng Tám 1945 | Lời kêu gọi thi đua ái quốc ngày 11/6/1948 | Năm 1945: Nhật đảo chính Pháp, Tổng khởi nghĩa và Tuyên ngôn Độc lập | Nguồn trực tiếp: ngày 2/9/1945 là ngày tuyên bố độc lập | Tuyên ngôn Độc lập ngày 2/9/1945","S20G2_TOPIC_CACH_MANG_THANG_TAM_MEANING_1945 | S20G2_EXACT_1948_0611_THI_DUA_AI_QUOC | S20G2_YEAR_1945_EXPANDED_TIMELINE | S20D2_SOURCE_1945_0902_TUYEN_NGON_STRICT | S20D_EXACT_1945_0902_TUYEN_NGON_DOC_LAP","1","1","1","0.8","1","0.7381784579952831","0.7142857142857143","1","","","767","749.5","200"
"g5i_ret_direct_fact_070","direct_fact","in_scope","Xô viết Nghệ Tĩnh trong cao trào 1930-1931 là gì?","Xô viết Nghệ Tĩnh | 1930-1931 | Nghệ An | Hà Tĩnh | Xô viết Nghệ Tĩnh trong cao trào 1930-1931 | XO_VIET_NGHE_TINH_1930_1931","Xô viết Nghệ Tĩnh trong cao trào 1930-1931 | Năm 1930: Đảng Cộng sản Việt Nam ra đời và cao trào 1930-1931 | Đường 9 trong Chiến dịch Đường 9 - Nam Lào năm 1971 | So sánh Đảng Cộng sản Việt Nam và Việt Minh | Việt Nam hóa chiến tranh giai đoạn 1969-1973","S20G2_TOPIC_XO_VIET_NGHE_TINH_1930_1931 | S20G2_YEAR_1930_EXPANDED_TIMELINE | S20G2_TOPIC_DUONG_9_NAM_LAO_1971 | S20G2_COMPARE_DCSVN_VIET_MINH | S20G2_TOPIC_VIET_NAM_HOA_CHIEN_TRANH_1969_1973","1","1","1","0.4","1","1","1","1","","","580","573.5","200"
"g5i_ret_natural_paraphrase_001","natural_paraphrase","in_scope","Tôi đang ôn giai đoạn 1930-1975, giúp tôi nhớ nhanh về Tết Mậu Thân 1968.","tet mau than | 1968 | Paris | 1973 | Tết Mậu Thân 1968 | TET_MAU_THAN_1968_IMPACT | dư luận/chính trường Mỹ | đàm phán","Phong trào dân chủ 1936-1939 | Huế được giải phóng ngày 26/3/1975 | Năm 1968: Tổng tiến công và nổi dậy Tết Mậu Thân | Ngày 10/3/1975 mở màn chiến dịch Tây Nguyên tại Buôn Ma Thuột | Xô viết Nghệ Tĩnh trong cao trào 1930-1931","S20G2_TOPIC_DAN_CHU_1936_1939 | S20G2_SOURCE_HUE_1975_0326 | S20G2_YEAR_1968_EXPANDED_TIMELINE | S20G2_EXACT_1975_0310_BUON_MA_THUOT | S20G2_TOPIC_XO_VIET_NGHE_TINH_1930_1931","0","1","1","0.2","0.3333333333333333","0.5","0.625","0.3333333333333333","","","426","405.5","200"
"g5i_ret_natural_paraphrase_002","natural_paraphrase","in_scope","Nếu giải thích cho học sinh, nên nói gì về Cách mạng Tháng Tám 1945?","cach mang thang tam | Cách mạng Tháng Tám 1945 | CMT8_1945_POLITICAL_RESULT | giành chính quyền | Việt Nam Dân chủ Cộng hòa | 2/9/1945","Ý nghĩa Cách mạng Tháng Tám 1945 | Nguồn trực tiếp: Bình dân học vụ chống nạn mù chữ sau Cách mạng Tháng Tám | Năm 1945: Nhật đảo chính Pháp, Tổng khởi nghĩa và Tuyên ngôn Độc lập | Bình dân học vụ sau Cách mạng Tháng Tám | Đường 9 trong Chiến dịch Đường 9 - Nam Lào năm 1971","S20G2_TOPIC_CACH_MANG_THANG_TAM_MEANING_1945 | S20D2_SOURCE_BINH_DAN_HOC_VU_DIRECT | S20G2_YEAR_1945_EXPANDED_TIMELINE | S20D_SOURCE_BINH_DAN_HOC_VU_STRONG | S20G2_TOPIC_DUONG_9_NAM_LAO_1971","1","1","1","0.8","1","0.9814774605190985","1","1","","","645","630.2","200"
"g5i_ret_natural_paraphrase_003","natural_paraphrase","in_scope","Nói theo cách tự nhiên: Tuyên ngôn Độc lập 1945 đáng nhớ ở đâu?","tuyen ngon doc lap | Tuyên ngôn Độc lập 1945 | 2/9/1945 | Hồ Chí Minh | Quảng trường Ba Đình | Việt Nam Dân chủ Cộng hòa","Ý nghĩa Cách mạng Tháng Tám 1945 | Ngày 2/9/1945 - Tuyên ngôn Độc lập tại Ba Đình | Ra mắt Chính phủ lâm thời nước VNDCCH | Lễ Tuyên ngôn Độc lập tại Quảng trường Ba Đình | Hồ Chí Minh đọc Tuyên ngôn Độc lập tại Hà Nội","SEM15G_MEANING_CMT8_1945 | SEM15G_EXACT_1945_0902 | CANON_SUP_E45_002 | CANON_SUP_E082 | EVT_0130","1","1","1","0.8","1","0.8645594332413803","1","1","","","913","885.4","200"
"g5i_ret_natural_paraphrase_004","natural_paraphrase","in_scope","Tôi đang ôn giai đoạn 1930-1975, giúp tôi nhớ nhanh về Từ Nhật đảo chính Pháp đến Tuyên ngôn Độc lập.","1945 | tuyen ngon doc lap | Từ Nhật đảo chính Pháp đến Tuyên ngôn Độc lập | NHAT_DAO_CHINH_TO_DOC_LAP_TIMELINE | 9/3/1945 | Tổng khởi nghĩa tháng 8 | 2/9/1945","So sánh Đảng Cộng sản Việt Nam và Việt Minh | Đại hội II năm 1951 và Đảng Lao động Việt Nam | Năm 1945: Nhật đảo chính Pháp, Tổng khởi nghĩa và Tuyên ngôn Độc lập | Cao trào kháng Nhật cứu nước năm 1945 | Xô viết Nghệ Tĩnh trong cao trào 1930-1931","S20G2_COMPARE_DCSVN_VIET_MINH | S20G2_TOPIC_DAI_HOI_II_1951_DANG_LAO_DONG | S20G2_YEAR_1945_EXPANDED_TIMELINE | S20G2_TOPIC_KHANG_NHAT_1945 | S20G2_TOPIC_XO_VIET_NGHE_TINH_1930_1931","0","1","1","0.4","0.3333333333333333","0.5327125890753328","1","1","","","789","775","200"
"g5i_ret_natural_paraphrase_005","natural_paraphrase","in_scope","Nếu giải thích cho học sinh, nên nói gì về Việt Minh 1941?","viet minh | 19/5/1941 | Mặt trận Việt Minh | Việt Minh 1941 | VIET_MINH_1941_ROLE | 1941 | tập hợp lực lượng | lãnh đạo quần chúng","So sánh Đảng Cộng sản Việt Nam và Việt Minh | Hội nghị Trung ương 8 năm 1941 và Việt Minh | Việt Nam hóa chiến tranh giai đoạn 1969-1973 | Chiến thắng Phước Long cuối 1974 - đầu 1975 | Phong trào dân chủ 1936-1939","S20G2_COMPARE_DCSVN_VIET_MINH | S20G2_SOURCE_HTW8_1941 | S20G2_TOPIC_VIET_NAM_HOA_CHIEN_TRANH_1969_1973 | S20G2_TOPIC_PHUOC_LONG_1974_1975 | S20G2_TOPIC_DAN_CHU_1936_1939","1","1","1","0.6","1","0.8446134862047641","0.875","1","","","969","936.8","200"
"g5i_ret_natural_paraphrase_006","natural_paraphrase","in_scope","Nói theo cách tự nhiên: Việt Minh và Mặt trận Dân tộc Giải phóng miền Nam đáng nhớ ở đâu?","viet minh | Việt Minh và Mặt trận Dân tộc Giải phóng miền Nam | VIET_MINH_VS_NLF | Việt Minh 1941 | 20/12/1960 | khác bối cảnh | MTDTGPMN 1960","So sánh Đảng Cộng sản Việt Nam và Việt Minh | Đồng Khởi là chuyển biến quan trọng ở miền Nam | Hội nghị Trung ương 8 năm 1941 và Việt Minh | Xô viết Nghệ Tĩnh trong cao trào 1930-1931 | Năm 1975: Tổng tiến công mùa Xuân và giải phóng miền Nam","S20G2_COMPARE_DCSVN_VIET_MINH | S20G2_SOURCE_DONG_KHOI_CHUYEN_BIEN_MIỀN_NAM_1960 | S20G2_SOURCE_HTW8_1941 | S20G2_TOPIC_XO_VIET_NGHE_TINH_1930_1931 | S20G2_YEAR_1975_EXPANDED_TIMELINE","1","1","1","0.6","1","0.9753383386153195","1","1","","","760","745.2","200"
"g5i_ret_natural_paraphrase_007","natural_paraphrase","in_scope","Tôi đang ôn giai đoạn 1930-1975, giúp tôi nhớ nhanh về Toàn quốc kháng chiến 1946.","toan quoc khang chien | Toàn quốc kháng chiến 1946 | TOAN_QUOC_KHANG_CHIEN_1946_MEANING | mở đầu kháng chiến toàn quốc | chống Pháp | toàn dân","Đấu tranh ngoại giao với Pháp trước 19/12/1946 | Toàn quốc kháng chiến bùng nổ | Hình thành đường lối kháng chiến toàn dân, toàn diện, lâu dài, tự lực cánh sinh | Công bố/lan truyền Lời kêu gọi Toàn quốc kháng chiến | Pháp tấn công và tàn sát dân thường tại Hải Phòng (11-1946) – chuẩn bị toàn quốc kháng chiến","CANON_SUP_E45_074 | CANON_SUP_E45_019 | CANON_SUP_E45_021 | CANON_SUP_E45_020 | EVT_0156","1","1","1","1","1","0.8348771963526481","1","1","","","694","680.1","200"
"g5i_ret_natural_paraphrase_008","natural_paraphrase","in_scope","Nếu giải thích cho học sinh, nên nói gì về Chiến thắng Việt Bắc Thu Đông 1947?","viet bac | Chiến thắng Việt Bắc Thu Đông 1947 | VIET_BAC_1947_MEANING | đánh nhanh thắng nhanh | bảo vệ căn cứ Việt Bắc | kháng chiến lâu dài","Diễn biến chính thời kỳ 1945-1954 | Đường 9 trong Chiến dịch Đường 9 - Nam Lào năm 1971 | Việt Nam hóa chiến tranh giai đoạn 1969-1973 | Chiến thắng Phước Long cuối 1974 - đầu 1975 | Phong trào dân chủ 1936-1939","S20D_PERIOD_1945_1954_CORE | S20G2_TOPIC_DUONG_9_NAM_LAO_1971 | S20G2_TOPIC_VIET_NAM_HOA_CHIEN_TRANH_1969_1973 | S20G2_TOPIC_PHUOC_LONG_1974_1975 | S20G2_TOPIC_DAN_CHU_1936_1939","0","1","1","0.2","0.3333333333333333","0.5","1","1","","","901","866.6","200"
"g5i_ret_natural_paraphrase_009","natural_paraphrase","in_scope","Nói theo cách tự nhiên: Chiến dịch Biên giới Thu Đông 1950 đáng nhớ ở đâu?","bien gioi | Chiến dịch Biên giới Thu Đông 1950 | BIEN_GIOI_1950_MEANING | khai thông biên giới | mở rộng căn cứ | thế chủ động","Năm 1939, Chiến tranh thế giới thứ hai và chuyển hướng chiến lược | Năm 1939: Chiến tranh thế giới thứ hai và Hội nghị Trung ương 6 | Năm 1974: chuyển biến trước Tổng tiến công 1975 và Phước Long | Năm 1975: Tổng tiến công mùa Xuân và giải phóng miền Nam | Diễn biến chính thời kỳ 1945-1954","S20G2_TOPIC_1939_THE_CHIEN_TW6 | S20G2_YEAR_1939_EXPANDED_TIMELINE | S20G2_YEAR_1974_EXPANDED_TIMELINE | S20G2_YEAR_1975_EXPANDED_TIMELINE | S20D_PERIOD_1945_1954_CORE","0","1","1","0","0","0","1","1","","no_gold_term_in_top5","681","665","200"
"g5i_ret_natural_paraphrase_010","natural_paraphrase","in_scope","Tôi đang ôn giai đoạn 1930-1975, giúp tôi nhớ nhanh về Đường Trường Sơn.","duong truong son | hậu phương miền Bắc | tiền tuyến miền Nam | TRUONG_SON_SUPPORT | tuyến vận tải chiến lược | chi viện miền Nam | người và vật chất","Bắt đầu xây dựng đường Trường Sơn (đường Hồ Chí Minh) – huyết mạch chi viện miền Nam (1959) | Đường Trường Sơn - canonical answer evidence | Mốc ngày 19/5/1959 trong lịch sử Việt Nam 1954-1975 | Bối cảnh chính của Đường Trường Sơn và Đoàn 559 | Năm 1959: Đoàn 559 và đường Trường Sơn","EVT_0261 | S19B_SEED_S1959_TRUONGSON | S19B_DATE_19_5_1959 | S20D2_CONTEXT_TRUONG_SON_DOAN_559_1959 | S20G2_YEAR_1959_EXPANDED_TIMELINE","1","1","1","0.8","1","0.9691335020260111","0.2857142857142857","0","","low_evidence_coverage","1145","1120.6","200"
"g5i_ret_natural_paraphrase_011","natural_paraphrase","in_scope","Nếu giải thích cho học sinh, nên nói gì về Hậu phương miền Bắc?","duong truong son | Hậu phương miền Bắc | NORTH_REAR_BASE_SUPPORT | hậu phương lớn | chi viện người và vật chất | miền Nam","Bắt đầu xây dựng đường Trường Sơn (đường Hồ Chí Minh) – huyết mạch chi viện miền Nam (1959) | Đồng Khởi là chuyển biến quan trọng ở miền Nam | Bối cảnh chính của Điện Biên Phủ trên không | Chiến tranh đặc biệt ở miền Nam giai đoạn 1961-1965 | Mặt trận Dân tộc Giải phóng miền Nam Việt Nam ra đời ngày 20/12/1960","EVT_0261 | S20G2_SOURCE_DONG_KHOI_CHUYEN_BIEN_MIỀN_NAM_1960 | S20D2_CONTEXT_DBP_TREN_KHONG_1972 | S20G2_TOPIC_CHIEN_TRANH_DAC_BIET_1961_1965 | S20D3_CONTEXT_MAT_TRAN_1960_1220","1","1","1","0.8","1","0.9692874339696389","1","1","","","1762","1723.7","200"
"g5i_ret_natural_paraphrase_012","natural_paraphrase","in_scope","Nói theo cách tự nhiên: Tổng tiến công mùa Xuân 1975 đáng nhớ ở đâu?","tong tien cong | 1975 | Buôn Ma Thuột | Huế - Đà Nẵng | Chiến dịch Hồ Chí Minh | 30/4/1975 | Tây Nguyên | 10/3/1975","Huế được giải phóng ngày 26/3/1975 | Ngày 10/3/1975 mở màn chiến dịch Tây Nguyên tại Buôn Ma Thuột | Chiến thắng Phước Long cuối 1974 - đầu 1975 | Năm 1975: Tổng tiến công mùa Xuân và giải phóng miền Nam | Năm 1974: chuyển biến trước Tổng tiến công 1975 và Phước Long","S20G2_SOURCE_HUE_1975_0326 | S20G2_EXACT_1975_0310_BUON_MA_THUOT | S20G2_TOPIC_PHUOC_LONG_1974_1975 | S20G2_YEAR_1975_EXPANDED_TIMELINE | S20G2_YEAR_1974_EXPANDED_TIMELINE","1","1","1","1","1","0.8715930644584924","1","1","","","1542","1527.8","200"
"g5i_ret_natural_paraphrase_013","natural_paraphrase","in_scope","Tôi đang ôn giai đoạn 1930-1975, giúp tôi nhớ nhanh về Chiến dịch Tây Nguyên 1975.","tay nguyen | buon ma thuot | Chiến dịch Tây Nguyên 1975 | TAY_NGUYEN_1975_BREAKTHROUGH | đột phá chiến lược | 10/3/1975 | Huế - Đà Nẵng | Sài Gòn","Ngày 10/3/1975 mở màn chiến dịch Tây Nguyên tại Buôn Ma Thuột | Huế được giải phóng ngày 26/3/1975 | Xô viết Nghệ Tĩnh trong cao trào 1930-1931 | Ý nghĩa Cách mạng Tháng Tám 1945 | Năm 1975: Tổng tiến công mùa Xuân và giải phóng miền Nam","S20G2_EXACT_1975_0310_BUON_MA_THUOT | S20G2_SOURCE_HUE_1975_0326 | S20G2_TOPIC_XO_VIET_NGHE_TINH_1930_1931 | S20G2_TOPIC_CACH_MANG_THANG_TAM_MEANING_1945 | S20G2_YEAR_1975_EXPANDED_TIMELINE","1","1","1","0.6","1","0.9617428306760696","0.625","1","","","1531","1515","200"
"g5i_ret_natural_paraphrase_014","natural_paraphrase","in_scope","Nếu giải thích cho học sinh, nên nói gì về Chiến dịch Hồ Chí Minh 1975?","chien dich ho chi minh | Chiến dịch Hồ Chí Minh 1975 | HO_CHI_MINH_CAMPAIGN_FINAL | chiến dịch cuối cùng | 30/4/1975 | Sài Gòn | chính quyền Sài Gòn đầu hàng | Tây Nguyên","Ý nghĩa Chiến dịch Hồ Chí Minh và Đại thắng mùa Xuân 1975 | Ngày 30/4/1975 - Dinh Độc Lập bị chiếm và chính quyền Sài Gòn đầu hàng | Nguồn chứng minh 30/4/1975 là mốc kết thúc chiến tranh và thống nhất đất nước | So sánh Điện Biên Phủ 1954 và Chiến dịch Hồ Chí Minh 1975 | Trận Buôn Ma Thuột mở màn then chốt","SEM15G_MEANING_HCM_CAMPAIGN_1975 | SEM15G_EXACT_1975_0430 | SEM15G_SOURCE_3041975_END_WAR | SEM15G_COMPARE_DBP_HCM | CANON_SUP_M75_EVT_0063","1","1","1","0.8","1","1","0.75","1","","","1249","1222.4","200"
"g5i_ret_natural_paraphrase_015","natural_paraphrase","in_scope","Nói theo cách tự nhiên: Ngày 30/4/1975 đáng nhớ ở đâu?","30/4/1975 | Ngày 30/4/1975 | APRIL_30_1975_MEANING | giải phóng miền Nam | kết thúc chiến tranh | thống nhất đất nước","Bối cảnh chính của Chiến dịch Hồ Chí Minh | Phân biệt 30/4/1975 với mốc Quốc hội hoàn tất thống nhất nhà nước | Chiến thắng Phước Long cuối 1974 - đầu 1975 | Huế được giải phóng ngày 26/3/1975 | Ngày 10/3/1975 mở màn chiến dịch Tây Nguyên tại Buôn Ma Thuột","S20D2_CONTEXT_CHIEN_DICH_HO_CHI_MINH_1975 | S20D_DISAMBIG_1975_0430_NOT_QUOC_HOI_UNIFICATION | S20G2_TOPIC_PHUOC_LONG_1974_1975 | S20G2_SOURCE_HUE_1975_0326 | S20G2_EXACT_1975_0310_BUON_MA_THUOT","1","1","1","1","1","0.799416911401953","1","1","","","724","712","200"
"g5i_ret_natural_paraphrase_016","natural_paraphrase","in_scope","Tôi đang ôn giai đoạn 1930-1975, giúp tôi nhớ nhanh về Hội nghị thành lập Đảng Cộng sản Việt Nam 1930.","Đảng Cộng sản Việt Nam thành lập năm 1930 | 3/2/1930 | Hội nghị hợp nhất các tổ chức cộng sản | Hội nghị thành lập Đảng Cộng sản Việt Nam 1930 | PARTY_FOUNDING_CONFERENCE_1930 | 1930 | Đảng Cộng sản Việt Nam","So sánh Đảng Cộng sản Việt Nam và Việt Minh | Đại hội II năm 1951 và Đảng Lao động Việt Nam | Đảng Cộng sản Việt Nam thành lập năm 1930 | Đại hội I của Đảng năm 1935 | Năm 1930: Đảng Cộng sản Việt Nam ra đời và cao trào 1930-1931","S20G2_COMPARE_DCSVN_VIET_MINH | S20G2_TOPIC_DAI_HOI_II_1951_DANG_LAO_DONG | S20G2_SOURCE_DCSVN_1930_NO_ACCENT | S20G2_TOPIC_DAI_HOI_I_1935 | S20G2_YEAR_1930_EXPANDED_TIMELINE","1","1","1","0.8","1","0.6796289091824474","1","1","","","1049","1005.2","200"
"g5i_ret_natural_paraphrase_017","natural_paraphrase","in_scope","Nếu giải thích cho học sinh, nên nói gì về Đội Việt Nam Tuyên truyền Giải phóng quân 1944?","Đội Việt Nam Tuyên truyền Giải phóng quân thành lập ngày 22/12/1944 | Đội Việt Nam Tuyên truyền Giải phóng quân 1944 | VNTTGPQ_1944_FOUNDING_DATE | 22/12/1944 | Đội Việt Nam Tuyên truyền Giải phóng quân","Đội Việt Nam Tuyên truyền Giải phóng quân thành lập ngày 22/12/1944 | Bối cảnh chính của Chiến dịch Hồ Chí Minh | Năm 1930: Đảng Cộng sản Việt Nam ra đời và cao trào 1930-1931 | Đường 9 trong Chiến dịch Đường 9 - Nam Lào năm 1971 | Việt Nam hóa chiến tranh giai đoạn 1969-1973","S20G2_TOPIC_VNTTGPQ_1944_EXACT_DATE | S20D2_CONTEXT_CHIEN_DICH_HO_CHI_MINH_1975 | S20G2_YEAR_1930_EXPANDED_TIMELINE | S20G2_TOPIC_DUONG_9_NAM_LAO_1971 | S20G2_TOPIC_VIET_NAM_HOA_CHIEN_TRANH_1969_1973","1","1","1","0.2","1","1","1","1","","","935","913.3","200"
"g5i_ret_natural_paraphrase_018","natural_paraphrase","in_scope","Nói theo cách tự nhiên: Chiến dịch Điện Biên Phủ kết thúc đáng nhớ ở đâu?","7/5/1954 | dien bien phu | Chiến dịch Điện Biên Phủ kết thúc | DBP_1954_END_DATE","Ý nghĩa Chiến thắng Điện Biên Phủ 1954 | So sánh Điện Biên Phủ 1954 và Chiến dịch Hồ Chí Minh 1975 | Chiến thắng Điện Biên Phủ - canonical answer evidence | Mốc ngày 7/5/1954 trong lịch sử Việt Nam 1945-1954 | So sánh Chiến dịch Biên giới 1950 và Chiến dịch Điện Biên Phủ 1954","SEM15G_MEANING_DBP_1954 | SEM15G_COMPARE_DBP_HCM | S18B_SEED_S1954_DBP_THANG | S18B_DATE_7_5_1954 | S18B_COMPARE_003","1","1","1","1","1","0.9905684013820716","1","1","","","1355","1341.9","200"
"g5i_ret_natural_paraphrase_019","natural_paraphrase","in_scope","Tôi đang ôn giai đoạn 1930-1975, giúp tôi nhớ nhanh về So sánh Biên giới 1950 và Điện Biên Phủ 1954.","So sánh Chiến dịch Biên giới 1950 và Chiến dịch Điện Biên Phủ 1954 | So sánh Biên giới 1950 và Điện Biên Phủ 1954 | BIEN_GIOI_1950_VS_DBP_1954 | Biên giới Thu Đông 1950 | khai thông biên giới | Điện Biên Phủ 1954 | 7/5/1954 | kháng chiến chống Pháp","Ý nghĩa Chiến thắng Điện Biên Phủ 1954 | So sánh Điện Biên Phủ 1954 và Chiến dịch Hồ Chí Minh 1975 | Chiến thắng Điện Biên Phủ - canonical answer evidence | Mốc ngày 7/5/1954 trong lịch sử Việt Nam 1945-1954 | So sánh Chiến dịch Biên giới 1950 và Chiến dịch Điện Biên Phủ 1954","SEM15G_MEANING_DBP_1954 | SEM15G_COMPARE_DBP_HCM | S18B_SEED_S1954_DBP_THANG | S18B_DATE_7_5_1954 | S18B_COMPARE_003","1","1","1","1","1","0.9507646162411075","1","1","","","1579","1565.2","200"
"g5i_ret_natural_paraphrase_020","natural_paraphrase","in_scope","Nếu giải thích cho học sinh, nên nói gì về So sánh Việt Bắc 1947 và Biên giới 1950?","So sánh Chiến dịch Việt Bắc 1947 và Chiến dịch Biên giới 1950 | So sánh Việt Bắc 1947 và Biên giới 1950 | VIET_BAC_1947_VS_BIEN_GIOI_1950 | Việt Bắc Thu Đông 1947 | bảo vệ căn cứ | Biên giới Thu Đông 1950 | khai thông biên giới | Biên giới Thu Đông 1950 diễn ra sau","So sánh Chiến dịch Việt Bắc 1947 và Chiến dịch Biên giới 1950 | Chiến thắng Phước Long cuối 1974 - đầu 1975 | So sánh Đảng Cộng sản Việt Nam và Việt Minh | Diễn biến chính thời kỳ 1945-1954 | So sánh Điện Biên Phủ 1954 và Hiệp định Genève 1954","S18B_COMPARE_002 | S20G2_TOPIC_PHUOC_LONG_1974_1975 | S20G2_COMPARE_DCSVN_VIET_MINH | S20D_PERIOD_1945_1954_CORE | S20D_COMPARE_DBP_1954_GENEVE_1954","1","1","1","0.2","1","1","1","1","","","1363","1344.3","200"
"g5i_ret_natural_paraphrase_021","natural_paraphrase","in_scope","Nói theo cách tự nhiên: So sánh Xô viết Nghệ Tĩnh và Cách mạng Tháng Tám đáng nhớ ở đâu?","Xô viết Nghệ Tĩnh trong cao trào 1930-1931 | So sánh Xô viết Nghệ Tĩnh và Cách mạng Tháng Tám | XO_VIET_NGHE_TINH_VS_CMT8 | 1930-1931 | Cách mạng Tháng Tám 1945 | giành chính quyền | khác thời điểm","So sánh Xô viết Nghệ Tĩnh và Cách mạng Tháng Tám 1945 | Xô viết Nghệ Tĩnh trong cao trào 1930-1931 | Chiến thắng Phước Long cuối 1974 - đầu 1975 | Ý nghĩa Cách mạng Tháng Tám 1945 | Năm 1930: Đảng Cộng sản Việt Nam ra đời và cao trào 1930-1931","S17B_COMPARE_003 | S20G2_TOPIC_XO_VIET_NGHE_TINH_1930_1931 | S20G2_TOPIC_PHUOC_LONG_1974_1975 | S20G2_TOPIC_CACH_MANG_THANG_TAM_MEANING_1945 | S20G2_YEAR_1930_EXPANDED_TIMELINE","1","1","1","0.8","1","0.965509179863337","1","1","","","1259","1253.8","200"
"g5i_ret_natural_paraphrase_022","natural_paraphrase","in_scope","Tôi đang ôn giai đoạn 1930-1975, giúp tôi nhớ nhanh về Tổng tuyển cử 1956 theo Genève.","Tổng tuyển cử thống nhất dự kiến năm 1956 sau Hiệp định Genève | Tổng tuyển cử 1956 theo Genève | GENEVE_1956_ELECTION_NOT_HELD | 1956 | không được thực hiện | chia cắt","Tổng tuyển cử thống nhất dự kiến năm 1956 sau Hiệp định Genève | Huế được giải phóng ngày 26/3/1975 | Ngày 10/3/1975 mở màn chiến dịch Tây Nguyên tại Buôn Ma Thuột | Xô viết Nghệ Tĩnh trong cao trào 1930-1931 | Ý nghĩa Cách mạng Tháng Tám 1945","S20G2_TOPIC_1956_TONG_TUYEN_CU | S20G2_SOURCE_HUE_1975_0326 | S20G2_EXACT_1975_0310_BUON_MA_THUOT | S20G2_TOPIC_XO_VIET_NGHE_TINH_1930_1931 | S20G2_TOPIC_CACH_MANG_THANG_TAM_MEANING_1945","1","1","1","0.2","1","1","1","1","","","765","759.1","200"
"g5i_ret_natural_paraphrase_023","natural_paraphrase","in_scope","Nếu giải thích cho học sinh, nên nói gì về So sánh Đồng Khởi và Tết Mậu Thân 1968?","So sánh Đồng Khởi và Tết Mậu Thân 1968 | DONG_KHOI_VS_TET_1968 | 1959-1960 | 1968 | khác thời điểm | tác động chính trị","So sánh Đồng Khởi và Tết Mậu Thân 1968 | Đồng Khởi là chuyển biến quan trọng ở miền Nam | Chiến thắng Phước Long cuối 1974 - đầu 1975 | Năm 1968: Tổng tiến công và nổi dậy Tết Mậu Thân | Năm 1975: Tổng tiến công mùa Xuân và giải phóng miền Nam","S19B_COMPARE_004 | S20G2_SOURCE_DONG_KHOI_CHUYEN_BIEN_MIỀN_NAM_1960 | S20G2_TOPIC_PHUOC_LONG_1974_1975 | S20G2_YEAR_1968_EXPANDED_TIMELINE | S20G2_YEAR_1975_EXPANDED_TIMELINE","1","1","1","0.6","1","0.9392733015604672","1","1","","","303","294.4","200"
"g5i_ret_natural_paraphrase_024","natural_paraphrase","in_scope","Nói theo cách tự nhiên: So sánh 30/4/1975 và 2/9/1945 đáng nhớ ở đâu?","30/4/1975 | 2/9/1945 | So sánh 30/4/1975 và 2/9/1945 | APR30_1975_VS_SEP2_1945 | Việt Nam Dân chủ Cộng hòa | kết thúc chiến tranh","Chiến thắng Phước Long cuối 1974 - đầu 1975 | Năm 1975: Tổng tiến công mùa Xuân và giải phóng miền Nam | Năm 1945: Nhật đảo chính Pháp, Tổng khởi nghĩa và Tuyên ngôn Độc lập | Nguồn trực tiếp: ngày 2/9/1945 là ngày tuyên bố độc lập | Bối cảnh chính của Chiến dịch Hồ Chí Minh","S20G2_TOPIC_PHUOC_LONG_1974_1975 | S20G2_YEAR_1975_EXPANDED_TIMELINE | S20G2_YEAR_1945_EXPANDED_TIMELINE | S20D2_SOURCE_1945_0902_TUYEN_NGON_STRICT | S20D2_CONTEXT_CHIEN_DICH_HO_CHI_MINH_1975","1","1","1","1","1","0.9045875459712651","1","1","","","368","310.2","200"
"g5i_ret_natural_paraphrase_025","natural_paraphrase","in_scope","Tôi đang ôn giai đoạn 1930-1975, giúp tôi nhớ nhanh về Bảo Đại thoái vị và ngày 2/9/1945.","Bảo Đại thoái vị tại Huế | 2/9/1945 | Bảo Đại thoái vị và ngày 2/9/1945 | BAO_DAI_ABDICATION_VS_SEP2_1945 | 30/8/1945 | Tuyên ngôn Độc lập","Nguồn trực tiếp: ngày 2/9/1945 là ngày tuyên bố độc lập | Đại hội II năm 1951 và Đảng Lao động Việt Nam | Huế được giải phóng ngày 26/3/1975 | Cao trào kháng Nhật cứu nước năm 1945 | Tuyên ngôn Độc lập ngày 2/9/1945","S20D2_SOURCE_1945_0902_TUYEN_NGON_STRICT | S20G2_TOPIC_DAI_HOI_II_1951_DANG_LAO_DONG | S20G2_SOURCE_HUE_1975_0326 | S20G2_TOPIC_KHANG_NHAT_1945 | S20D_EXACT_1945_0902_TUYEN_NGON_DOC_LAP","1","1","1","0.6","1","0.8518831130909875","1","1","","","657","640.9","200"
"g5i_ret_natural_paraphrase_026","natural_paraphrase","in_scope","Nếu giải thích cho học sinh, nên nói gì về Cách mạng Tháng Tám 1945 theo nguyên nhân - kết quả?","Năm 1945: Nhật đảo chính Pháp | Ý nghĩa Cách mạng Tháng Tám 1945 | Cách mạng Tháng Tám 1945 theo nguyên nhân - kết quả | CMT8_1945_CAUSE_RESULT_STRUCTURE | Nguyên nhân | Kết quả | giành chính quyền | Việt Nam Dân chủ Cộng hòa","Ý nghĩa Cách mạng Tháng Tám 1945 | Nguồn trực tiếp: Bình dân học vụ chống nạn mù chữ sau Cách mạng Tháng Tám | Năm 1945: Nhật đảo chính Pháp, Tổng khởi nghĩa và Tuyên ngôn Độc lập | Bình dân học vụ sau Cách mạng Tháng Tám | Đường 9 trong Chiến dịch Đường 9 - Nam Lào năm 1971","S20G2_TOPIC_CACH_MANG_THANG_TAM_MEANING_1945 | S20D2_SOURCE_BINH_DAN_HOC_VU_DIRECT | S20G2_YEAR_1945_EXPANDED_TIMELINE | S20D_SOURCE_BINH_DAN_HOC_VU_STRONG | S20G2_TOPIC_DUONG_9_NAM_LAO_1971","1","1","1","0.8","1","0.9442175976547675","0.875","1","","","880","859.1","200"
"g5i_ret_natural_paraphrase_027","natural_paraphrase","in_scope","Nói theo cách tự nhiên: Hồ Chí Minh đọc Tuyên ngôn Độc lập 2/9/1945 đáng nhớ ở đâu?","Năm 1945: Nhật đảo chính Pháp, Tổng khởi nghĩa và Tuyên ngôn Độc lập | Tuyên ngôn Độc lập | Hồ Chí Minh đọc Tuyên ngôn Độc lập 2/9/1945 | HO_CHI_MINH_READ_DECLARATION_1945 | Hồ Chí Minh | 2/9/1945 | Quảng trường Ba Đình","Ý nghĩa Cách mạng Tháng Tám 1945 | Ngày 2/9/1945 - Tuyên ngôn Độc lập tại Ba Đình | Ra mắt Chính phủ lâm thời nước VNDCCH | Lễ Tuyên ngôn Độc lập tại Quảng trường Ba Đình | Hồ Chí Minh đọc Tuyên ngôn Độc lập tại Hà Nội","SEM15G_MEANING_CMT8_1945 | SEM15G_EXACT_1945_0902 | CANON_SUP_E45_002 | CANON_SUP_E082 | EVT_0130","1","1","1","0.8","1","0.8686460477314275","1","1","","","1294","1279.5","200"
"g5i_ret_natural_paraphrase_028","natural_paraphrase","in_scope","Tôi đang ôn giai đoạn 1930-1975, giúp tôi nhớ nhanh về Nam Bộ kháng chiến 1945.","Nam Bộ kháng chiến bắt đầu ngày 23/9/1945 | 23/9/1945 | Nam Bộ kháng chiến 1945 | NAM_BO_KHANG_CHIEN_1945_START_DATE | Nam Bộ kháng chiến | thực dân Pháp trở lại","Đại hội II năm 1951 và Đảng Lao động Việt Nam | Cao trào kháng Nhật cứu nước năm 1945 | Xô viết Nghệ Tĩnh trong cao trào 1930-1931 | Ý nghĩa Cách mạng Tháng Tám 1945 | Đại hội I của Đảng năm 1935","S20G2_TOPIC_DAI_HOI_II_1951_DANG_LAO_DONG | S20G2_TOPIC_KHANG_NHAT_1945 | S20G2_TOPIC_XO_VIET_NGHE_TINH_1930_1931 | S20G2_TOPIC_CACH_MANG_THANG_TAM_MEANING_1945 | S20G2_TOPIC_DAI_HOI_I_1935","0","1","1","0.4","0.5","0.6509209298071326","1","1","","","1222","1206.5","200"
"g5i_ret_natural_paraphrase_029","natural_paraphrase","in_scope","Nếu giải thích cho học sinh, nên nói gì về Chiến thắng Việt Bắc Thu Đông 1947?","Việt Bắc Thu Đông 1947 | đánh nhanh thắng nhanh | Chiến thắng Việt Bắc Thu Đông 1947 | VIET_BAC_1947_DATE | 1947 | Việt Bắc Thu Đông","Diễn biến chính thời kỳ 1945-1954 | Đường 9 trong Chiến dịch Đường 9 - Nam Lào năm 1971 | Việt Nam hóa chiến tranh giai đoạn 1969-1973 | Chiến thắng Phước Long cuối 1974 - đầu 1975 | Phong trào dân chủ 1936-1939","S20D_PERIOD_1945_1954_CORE | S20G2_TOPIC_DUONG_9_NAM_LAO_1971 | S20G2_TOPIC_VIET_NAM_HOA_CHIEN_TRANH_1969_1973 | S20G2_TOPIC_PHUOC_LONG_1974_1975 | S20G2_TOPIC_DAN_CHU_1936_1939","0","0","1","0","0","0","1","1","","no_gold_term_in_top5","1208","1179.5","200"
"g5i_ret_natural_paraphrase_030","natural_paraphrase","in_scope","Nói theo cách tự nhiên: Mặt trận Dân tộc Giải phóng miền Nam 1960 đáng nhớ ở đâu?","Mặt trận Dân tộc Giải phóng miền Nam Việt Nam ra đời ngày 20/12/1960 | 20/12/1960 | Mặt trận Dân tộc Giải phóng miền Nam 1960 | NLF_1960_FOUNDING_DATE | Mặt trận Dân tộc Giải phóng miền Nam | miền Nam | tập hợp lực lượng miền Nam | đấu tranh chống Mỹ","So sánh Đảng Cộng sản Việt Nam và Việt Minh | Đồng Khởi là chuyển biến quan trọng ở miền Nam | Chiến thắng Phước Long cuối 1974 - đầu 1975 | Hội nghị Trung ương 8 năm 1941 và Việt Minh | Năm 1975: Tổng tiến công mùa Xuân và giải phóng miền Nam","S20G2_COMPARE_DCSVN_VIET_MINH | S20G2_SOURCE_DONG_KHOI_CHUYEN_BIEN_MIỀN_NAM_1960 | S20G2_TOPIC_PHUOC_LONG_1974_1975 | S20G2_SOURCE_HTW8_1941 | S20G2_YEAR_1975_EXPANDED_TIMELINE","0","1","1","0.4","0.5","0.625392906152618","0.875","1","","","960","943.9","200"
"g5i_ret_natural_paraphrase_031","natural_paraphrase","in_scope","Tôi đang ôn giai đoạn 1930-1975, giúp tôi nhớ nhanh về Mặt trận Việt Minh 1941.","19/5/1941 | Mặt trận Việt Minh | Hội nghị Trung ương 8 | giải phóng dân tộc | Mặt trận Việt Minh 1941 | VIET_MINH_1941_FOUNDING_DATE_EXACT","Phong trào dân chủ 1936-1939 | So sánh Đảng Cộng sản Việt Nam và Việt Minh | Hội nghị Trung ương 8 năm 1941 và Việt Minh | Ngày 10/3/1975 mở màn chiến dịch Tây Nguyên tại Buôn Ma Thuột | Xô viết Nghệ Tĩnh trong cao trào 1930-1931","S20G2_TOPIC_DAN_CHU_1936_1939 | S20G2_COMPARE_DCSVN_VIET_MINH | S20G2_SOURCE_HTW8_1941 | S20G2_EXACT_1975_0310_BUON_MA_THUOT | S20G2_TOPIC_XO_VIET_NGHE_TINH_1930_1931","0","1","1","0.4","0.5","0.544970511571141","1","1","","","544","531.3","200"
"g5i_ret_natural_paraphrase_032","natural_paraphrase","in_scope","Nếu giải thích cho học sinh, nên nói gì về Toàn quốc kháng chiến 1946?","19/12/1946 | Toàn quốc kháng chiến | Toàn quốc kháng chiến 1946 | TOAN_QUOC_KHANG_CHIEN_1946_START_DATE | chống thực dân Pháp","Đấu tranh ngoại giao với Pháp trước 19/12/1946 | Toàn quốc kháng chiến bùng nổ | Hình thành đường lối kháng chiến toàn dân, toàn diện, lâu dài, tự lực cánh sinh | Công bố/lan truyền Lời kêu gọi Toàn quốc kháng chiến | Pháp tấn công và tàn sát dân thường tại Hải Phòng (11-1946) – chuẩn bị toàn quốc kháng chiến","CANON_SUP_E45_074 | CANON_SUP_E45_019 | CANON_SUP_E45_021 | CANON_SUP_E45_020 | EVT_0156","1","1","1","1","1","0.8748967816784089","1","1","","","1005","968.3","200"
"g5i_ret_natural_paraphrase_033","natural_paraphrase","in_scope","Nói theo cách tự nhiên: Luận cương chính trị tháng 10/1930 đáng nhớ ở đâu?","Luận cương chính trị tháng 10/1930 | Trần Phú | LUAN_CUONG_1930_TRAN_PHU | Luận cương chính trị | 10/1930","Năm 1930: Đảng Cộng sản Việt Nam ra đời và cao trào 1930-1931 | Đảng Cộng sản Việt Nam thành lập năm 1930 | So sánh Đảng Cộng sản Việt Nam và Việt Minh | Xô viết Nghệ Tĩnh trong cao trào 1930-1931 | Đại hội I của Đảng năm 1935","S20G2_YEAR_1930_EXPANDED_TIMELINE | S20G2_SOURCE_DCSVN_1930_NO_ACCENT | S20G2_COMPARE_DCSVN_VIET_MINH | S20G2_TOPIC_XO_VIET_NGHE_TINH_1930_1931 | S20G2_TOPIC_DAI_HOI_I_1935","1","1","1","0.6","1","0.9674679834891693","1","1","","","1008","997.4","200"
"g5i_ret_natural_paraphrase_034","natural_paraphrase","in_scope","Tôi đang ôn giai đoạn 1930-1975, giúp tôi nhớ nhanh về Nhật đảo chính Pháp ở Đông Dương 1945.","9/3/1945 | Nhật đảo chính Pháp | Nhật đảo chính Pháp ở Đông Dương 1945 | NHAT_DAO_CHINH_PHAP_1945_DATE","Phong trào dân chủ 1936-1939 | So sánh Đảng Cộng sản Việt Nam và Việt Minh | Đại hội II năm 1951 và Đảng Lao động Việt Nam | Cao trào kháng Nhật cứu nước năm 1945 | Xô viết Nghệ Tĩnh trong cao trào 1930-1931","S20G2_TOPIC_DAN_CHU_1936_1939 | S20G2_COMPARE_DCSVN_VIET_MINH | S20G2_TOPIC_DAI_HOI_II_1951_DANG_LAO_DONG | S20G2_TOPIC_KHANG_NHAT_1945 | S20G2_TOPIC_XO_VIET_NGHE_TINH_1930_1931","0","0","1","0.2","0.25","0.43067655807339306","1","1","","","1345","1008.5","200"
"g5i_ret_natural_paraphrase_035","natural_paraphrase","in_scope","Nếu giải thích cho học sinh, nên nói gì về Hà Nội giành chính quyền ngày 19/8/1945?","19/8/1945 | Hà Nội giành chính quyền | Hà Nội giành chính quyền ngày 19/8/1945 | HANOI_AUG19_1945_DATE | Hà Nội | Cách mạng Tháng Tám","Ý nghĩa Cách mạng Tháng Tám 1945 | Ngày 2/9/1945 - Tuyên ngôn Độc lập tại Ba Đình | Chủ tịch Hồ Chí Minh qua đời | Hòa hoãn với Pháp để đẩy quân Tưởng về nước | Tổng khởi nghĩa thắng lợi ở Sài Gòn","SEM15G_MEANING_CMT8_1945 | SEM15G_EXACT_1945_0902 | CANON_SUP_M75_EVT_0054 | CANON_SUP_E45_015 | CANON_SUP_E079","1","1","1","0.4","1","1","1","1","","","1587","1579","200"
"g5i_ret_natural_paraphrase_036","natural_paraphrase","in_scope","Nói theo cách tự nhiên: Hiệp định Sơ bộ Việt - Pháp 6/3/1946 đáng nhớ ở đâu?","6/3/1946 | Hiệp định Sơ bộ | Hiệp định Sơ bộ Việt - Pháp 6/3/1946 | HIEP_DINH_SO_BO_1946_DATE | Việt - Pháp","Năm 1946: Hiệp định Sơ bộ, Tạm ước và Toàn quốc kháng chiến | Xô viết Nghệ Tĩnh trong cao trào 1930-1931 | Năm 1945: Nhật đảo chính Pháp, Tổng khởi nghĩa và Tuyên ngôn Độc lập | Mốc ngày 6/3/1946 trong lịch sử Việt Nam 1945-1954 | Hiệp định Sơ bộ Việt-Pháp - canonical answer evidence","S20G2_YEAR_1946_EXPANDED_TIMELINE | S20G2_TOPIC_XO_VIET_NGHE_TINH_1930_1931 | S20G2_YEAR_1945_EXPANDED_TIMELINE | S18B_DATE_6_3_1946 | S18B_SEED_S1946_SOBO","1","1","1","0.6","1","0.7824439912435525","1","1","","","1345","1337.7","200"
"g5i_ret_natural_paraphrase_037","natural_paraphrase","in_scope","Tôi đang ôn giai đoạn 1930-1975, giúp tôi nhớ nhanh về Hiến pháp 1946.","Hiến pháp 1946 | 9/11/1946 | Việt Nam Dân chủ Cộng hòa | HIEN_PHAP_1946_FIRST_CONSTITUTION | 1946 | Hiến pháp đầu tiên","Phong trào dân chủ 1936-1939 | Đại hội II năm 1951 và Đảng Lao động Việt Nam | Huế được giải phóng ngày 26/3/1975 | Xô viết Nghệ Tĩnh trong cao trào 1930-1931 | Ngày 10/3/1975 mở màn chiến dịch Tây Nguyên tại Buôn Ma Thuột","S20G2_TOPIC_DAN_CHU_1936_1939 | S20G2_TOPIC_DAI_HOI_II_1951_DANG_LAO_DONG | S20G2_SOURCE_HUE_1975_0326 | S20G2_TOPIC_XO_VIET_NGHE_TINH_1930_1931 | S20G2_EXACT_1975_0310_BUON_MA_THUOT","0","0","0","0","0","0","1","1","","no_gold_term_in_top5","1269","1056.8","200"
"g5i_ret_natural_paraphrase_038","natural_paraphrase","in_scope","Nếu giải thích cho học sinh, nên nói gì về Đại hội II của Đảng năm 1951?","Đại hội II năm 1951 | Đảng Lao động Việt Nam | Đại hội II của Đảng năm 1951 | DAI_HOI_II_1951 | 1951 | Đại hội II","Đại hội II năm 1951 và Đảng Lao động Việt Nam | Đại hội I của Đảng năm 1935 | Chiến thắng Phước Long cuối 1974 - đầu 1975 | Nguồn trực tiếp: Chiến dịch Hòa Bình diễn ra giai đoạn 1951-1952 | Lời kêu gọi thi đua ái quốc ngày 11/6/1948","S20G2_TOPIC_DAI_HOI_II_1951_DANG_LAO_DONG | S20G2_TOPIC_DAI_HOI_I_1935 | S20G2_TOPIC_PHUOC_LONG_1974_1975 | S20D2_SOURCE_CHIEN_DICH_HOA_BINH_1951_1952_DIRECT | S20G2_EXACT_1948_0611_THI_DUA_AI_QUOC","1","1","1","0.4","1","0.9141775993174276","1","1","","","1152","1130.3","200"
"g5i_ret_natural_paraphrase_039","natural_paraphrase","in_scope","Nói theo cách tự nhiên: Mở màn Chiến dịch Điện Biên Phủ 1954 đáng nhớ ở đâu?","13/3/1954 | Him Lam | Điện Biên Phủ | Mở màn Chiến dịch Điện Biên Phủ 1954 | DBP_1954_START_DATE | Chiến dịch Điện Biên Phủ","Ý nghĩa Chiến thắng Điện Biên Phủ 1954 | So sánh Điện Biên Phủ 1954 và Chiến dịch Hồ Chí Minh 1975 | Trận đánh đồi Him Lam mở màn chiến dịch Điện Biên Phủ | Phân biệt Chiến dịch Điện Biên Phủ với trận Him Lam mở màn | Mở màn Chiến dịch Điện Biên Phủ - canonical answer evidence","SEM15G_MEANING_DBP_1954 | SEM15G_COMPARE_DBP_HCM | EVT_0208 | SYN_COMPARE_002 | S18B_SEED_S1954_DBP_MO","1","1","1","1","1","0.9897513365010374","1","1","","","1343","1325.6","200"
"g5i_ret_natural_paraphrase_040","natural_paraphrase","in_scope","Tôi đang ôn giai đoạn 1930-1975, giúp tôi nhớ nhanh về Tết Mậu Thân 1968.","Tết Mậu Thân | 1968 | Tết Mậu Thân 1968 | TET_MAU_THAN_1968_YEAR","Phong trào dân chủ 1936-1939 | Huế được giải phóng ngày 26/3/1975 | Năm 1968: Tổng tiến công và nổi dậy Tết Mậu Thân | Ngày 10/3/1975 mở màn chiến dịch Tây Nguyên tại Buôn Ma Thuột | Xô viết Nghệ Tĩnh trong cao trào 1930-1931","S20G2_TOPIC_DAN_CHU_1936_1939 | S20G2_SOURCE_HUE_1975_0326 | S20G2_YEAR_1968_EXPANDED_TIMELINE | S20G2_EXACT_1975_0310_BUON_MA_THUOT | S20G2_TOPIC_XO_VIET_NGHE_TINH_1930_1931","0","1","1","0.2","0.3333333333333333","0.5","1","0","","","1107","1093.1","200"
"g5i_ret_natural_paraphrase_041","natural_paraphrase","in_scope","Nếu giải thích cho học sinh, nên nói gì về Điện Biên Phủ trên không 1972?","Điện Biên Phủ trên không | Paris | 12 ngày đêm | Paris 1973 | Điện Biên Phủ trên không 1972 | 1972","Bối cảnh chính của Điện Biên Phủ trên không | Năm 1972: Tiến công chiến lược và Điện Biên Phủ trên không | Diễn biến chính thời kỳ 1945-1954 | So sánh Điện Biên Phủ 1954 và Hiệp định Genève 1954 | Việt Nam hóa chiến tranh giai đoạn 1969-1973","S20D2_CONTEXT_DBP_TREN_KHONG_1972 | S20G2_YEAR_1972_EXPANDED_TIMELINE | S20D_PERIOD_1945_1954_CORE | S18B_COMPARE_008 | S20G2_TOPIC_VIET_NAM_HOA_CHIEN_TRANH_1969_1973","1","1","1","0.6","1","0.9811936302436859","1","1","","","1064","1041.4","200"
"g5i_ret_natural_paraphrase_042","natural_paraphrase","in_scope","Nói theo cách tự nhiên: Trận Buôn Ma Thuột 10/3/1975 đáng nhớ ở đâu?","10/3/1975 | Buôn Ma Thuột | Tây Nguyên | Trận Buôn Ma Thuột 10/3/1975 | BUON_MA_THUOT_1975_START_DATE","Ngày 10/3/1975 mở màn chiến dịch Tây Nguyên tại Buôn Ma Thuột | Chiến thắng Phước Long cuối 1974 - đầu 1975 | Huế được giải phóng ngày 26/3/1975 | Xô viết Nghệ Tĩnh trong cao trào 1930-1931 | Đại hội I của Đảng năm 1935","S20G2_EXACT_1975_0310_BUON_MA_THUOT | S20G2_TOPIC_PHUOC_LONG_1974_1975 | S20G2_SOURCE_HUE_1975_0326 | S20G2_TOPIC_XO_VIET_NGHE_TINH_1930_1931 | S20G2_TOPIC_DAI_HOI_I_1935","1","1","1","0.6","1","1","1","1","","","1157","1147.8","200"
"g5i_ret_natural_paraphrase_043","natural_paraphrase","in_scope","Tôi đang ôn giai đoạn 1930-1975, giúp tôi nhớ nhanh về Huế được giải phóng ngày 26/3/1975.","26/3/1975 | Huế được giải phóng | Huế được giải phóng ngày 26/3/1975 | HUE_1975_LIBERATION_DATE | giải phóng","Huế được giải phóng ngày 26/3/1975 | Chiến thắng Phước Long cuối 1974 - đầu 1975 | Ngày 10/3/1975 mở màn chiến dịch Tây Nguyên tại Buôn Ma Thuột | Bối cảnh chính của Chiến dịch Hồ Chí Minh | Xô viết Nghệ Tĩnh trong cao trào 1930-1931","S20G2_SOURCE_HUE_1975_0326 | S20G2_TOPIC_PHUOC_LONG_1974_1975 | S20G2_EXACT_1975_0310_BUON_MA_THUOT | S20D2_CONTEXT_CHIEN_DICH_HO_CHI_MINH_1975 | S20G2_TOPIC_XO_VIET_NGHE_TINH_1930_1931","1","1","1","0.8","1","1","1","1","","","1353","1341.8","200"
"g5i_ret_natural_paraphrase_044","natural_paraphrase","in_scope","Nếu giải thích cho học sinh, nên nói gì về Các mốc chống Mỹ 1960-1973?","1960 | Tết Mậu Thân | Điện Biên Phủ trên không | Paris | Các mốc chống Mỹ 1960-1973 | ANTI_US_1960_1973_TIMELINE | 1968 | 1972","Việt Nam hóa chiến tranh giai đoạn 1969-1973 | Chiến thắng Phước Long cuối 1974 - đầu 1975 | Đồng Khởi là chuyển biến quan trọng ở miền Nam | Chiến thắng Bình Giã 1964 | Chiến tranh đặc biệt ở miền Nam giai đoạn 1961-1965","S20G2_TOPIC_VIET_NAM_HOA_CHIEN_TRANH_1969_1973 | S20G2_TOPIC_PHUOC_LONG_1974_1975 | S20G2_SOURCE_DONG_KHOI_CHUYEN_BIEN_MIỀN_NAM_1960 | S20G2_TOPIC_BINH_GIA_1964 | S20G2_TOPIC_CHIEN_TRANH_DAC_BIET_1961_1965","1","1","1","0.8","1","0.8666420450555632","1","1","","","995","964.1","200"
"g5i_ret_natural_paraphrase_045","natural_paraphrase","in_scope","Nói theo cách tự nhiên: Từ Genève 1954 đến Đồng Khởi đáng nhớ ở đâu?","vĩ tuyến 17 | 1959-1960 | Đồng Khởi | Từ Genève 1954 đến Đồng Khởi | GENEVE_1954_TO_DONG_KHOI_TIMELINE | 1954","Đồng Khởi là chuyển biến quan trọng ở miền Nam | Năm 1945: Nhật đảo chính Pháp, Tổng khởi nghĩa và Tuyên ngôn Độc lập | Năm 1959: Đoàn 559 và đường Trường Sơn | Bối cảnh chính của Phong trào Đồng Khởi | Phân biệt Hiệp định Genève 1954 và Hiệp định Paris 1973","S20G2_SOURCE_DONG_KHOI_CHUYEN_BIEN_MIỀN_NAM_1960 | S20G2_YEAR_1945_EXPANDED_TIMELINE | S20G2_YEAR_1959_EXPANDED_TIMELINE | S20D2_CONTEXT_DONG_KHOI_1960 | S20D2_COMPARE_GENEVE_1954_PARIS_1973_STRICT","1","1","1","1","1","0.8296588705173688","1","1","","","830","821.3","200"
"g5i_ret_natural_paraphrase_046","natural_paraphrase","in_scope","Tôi đang ôn giai đoạn 1930-1975, giúp tôi nhớ nhanh về Từ Việt Bắc 1947 đến Biên giới 1950.","Việt Bắc Thu Đông 1947 | Biên giới Thu Đông 1950 | thế chủ động | Từ Việt Bắc 1947 đến Biên giới 1950 | VIET_BAC_1947_TO_BIEN_GIOI_1950_TIMELINE | Việt Bắc 1947 | Biên giới 1950","Đại hội II năm 1951 và Đảng Lao động Việt Nam | Xô viết Nghệ Tĩnh trong cao trào 1930-1931 | Năm 1939, Chiến tranh thế giới thứ hai và chuyển hướng chiến lược | Năm 1939: Chiến tranh thế giới thứ hai và Hội nghị Trung ương 6 | Năm 1972: Tiến công chiến lược và Điện Biên Phủ trên không","S20G2_TOPIC_DAI_HOI_II_1951_DANG_LAO_DONG | S20G2_TOPIC_XO_VIET_NGHE_TINH_1930_1931 | S20G2_TOPIC_1939_THE_CHIEN_TW6 | S20G2_YEAR_1939_EXPANDED_TIMELINE | S20G2_YEAR_1972_EXPANDED_TIMELINE","1","1","1","0.2","1","1","1","1","","","838","830","200"
"g5i_ret_natural_paraphrase_047","natural_paraphrase","in_scope","Nếu giải thích cho học sinh, nên nói gì về Nam Bộ kháng chiến và Toàn quốc kháng chiến?","23/9/1945 | 19/12/1946 | Nam Bộ kháng chiến | Toàn quốc kháng chiến | Nam Bộ kháng chiến và Toàn quốc kháng chiến | NAM_BO_VS_TOAN_QUOC_KHANG_CHIEN | khác nhau","Đấu tranh ngoại giao với Pháp trước 19/12/1946 | Toàn quốc kháng chiến bùng nổ | Hình thành đường lối kháng chiến toàn dân, toàn diện, lâu dài, tự lực cánh sinh | Công bố/lan truyền Lời kêu gọi Toàn quốc kháng chiến | Pháp tấn công và tàn sát dân thường tại Hải Phòng (11-1946) – chuẩn bị toàn quốc kháng chiến","CANON_SUP_E45_074 | CANON_SUP_E45_019 | CANON_SUP_E45_021 | CANON_SUP_E45_020 | EVT_0156","1","1","1","1","1","0.7715048544081993","1","1","","","1081","1058.3","200"
"g5i_ret_natural_paraphrase_048","natural_paraphrase","in_scope","Nói theo cách tự nhiên: Hội nghị thành lập Đảng 1930 và Đại hội II 1951 đáng nhớ ở đâu?","Hội nghị hợp nhất thành lập Đảng | Đại hội II năm 1951 | Đảng Lao động Việt Nam | Hội nghị thành lập Đảng 1930 và Đại hội II 1951 | PARTY_FOUNDING_1930_VS_CONGRESS_II_1951 | 1930 | 1951","Đại hội II năm 1951 và Đảng Lao động Việt Nam | So sánh Đảng Cộng sản Việt Nam và Việt Minh | Đại hội I của Đảng năm 1935 | Đảng Cộng sản Việt Nam thành lập năm 1930 | Hội nghị Trung ương 8 năm 1941 và Việt Minh","S20G2_TOPIC_DAI_HOI_II_1951_DANG_LAO_DONG | S20G2_COMPARE_DCSVN_VIET_MINH | S20G2_TOPIC_DAI_HOI_I_1935 | S20G2_SOURCE_DCSVN_1930_NO_ACCENT | S20G2_SOURCE_HTW8_1941","1","1","1","0.6","1","0.9162515430408725","1","1","","","1139","1032.2","200"
"g5i_ret_natural_paraphrase_049","natural_paraphrase","in_scope","Tôi đang ôn giai đoạn 1930-1975, giúp tôi nhớ nhanh về Năm 1954: Điện Biên Phủ và Genève.","Điện Biên Phủ | Genève | 1954 | Năm 1954: Điện Biên Phủ và Genève | YEAR_1954_DBP_GENEVE","Ý nghĩa Chiến thắng Điện Biên Phủ 1954 | So sánh Điện Biên Phủ 1954 và Chiến dịch Hồ Chí Minh 1975 | Chiến thắng Điện Biên Phủ - canonical answer evidence | Mốc ngày 7/5/1954 trong lịch sử Việt Nam 1945-1954 | So sánh Chiến dịch Biên giới 1950 và Chiến dịch Điện Biên Phủ 1954","SEM15G_MEANING_DBP_1954 | SEM15G_COMPARE_DBP_HCM | S18B_SEED_S1954_DBP_THANG | S18B_DATE_7_5_1954 | S18B_COMPARE_003","1","1","1","1","1","0.9952919001051653","1","1","","","1270","1255.2","200"
"g5i_ret_natural_paraphrase_050","natural_paraphrase","in_scope","Nếu giải thích cho học sinh, nên nói gì về Từ Việt Minh đến Đội Việt Nam Tuyên truyền Giải phóng quân?","Việt Minh | 22/12/1944 | lực lượng vũ trang | Từ Việt Minh đến Đội Việt Nam Tuyên truyền Giải phóng quân | VIET_MINH_TO_VNTTGPQ_TIMELINE | 1941","Đội Việt Nam Tuyên truyền Giải phóng quân thành lập ngày 22/12/1944 | So sánh Đảng Cộng sản Việt Nam và Việt Minh | Hội nghị Trung ương 8 năm 1941 và Việt Minh | Đường 9 trong Chiến dịch Đường 9 - Nam Lào năm 1971 | Việt Nam hóa chiến tranh giai đoạn 1969-1973","S20G2_TOPIC_VNTTGPQ_1944_EXACT_DATE | S20G2_COMPARE_DCSVN_VIET_MINH | S20G2_SOURCE_HTW8_1941 | S20G2_TOPIC_DUONG_9_NAM_LAO_1971 | S20G2_TOPIC_VIET_NAM_HOA_CHIEN_TRANH_1969_1973","1","1","1","0.6","1","0.96290282209473","1","1","","","1553","1545.4","200"
"g5i_ret_natural_paraphrase_051","natural_paraphrase","in_scope","Nói theo cách tự nhiên: Các mốc Việt Nam Dân chủ Cộng hòa lúc mới ra đời đáng nhớ ở đâu?","2/9/1945 | Hiến pháp 1946 | 19/12/1946 | Các mốc Việt Nam Dân chủ Cộng hòa lúc mới ra đời | EARLY_VNDCCH_1945_1946_TIMELINE","Việt Nam hóa chiến tranh giai đoạn 1969-1973 | Đồng Khởi là chuyển biến quan trọng ở miền Nam | Ý nghĩa Cách mạng Tháng Tám 1945 | Năm 1930: Đảng Cộng sản Việt Nam ra đời và cao trào 1930-1931 | Đảng Cộng sản Việt Nam thành lập năm 1930","S20G2_TOPIC_VIET_NAM_HOA_CHIEN_TRANH_1969_1973 | S20G2_SOURCE_DONG_KHOI_CHUYEN_BIEN_MIỀN_NAM_1960 | S20G2_TOPIC_CACH_MANG_THANG_TAM_MEANING_1945 | S20G2_YEAR_1930_EXPANDED_TIMELINE | S20G2_SOURCE_DCSVN_1930_NO_ACCENT","0","1","1","0.6","0.3333333333333333","0.57685764366504","1","1","","","1264","1227.9","200"
"g5i_ret_natural_paraphrase_052","natural_paraphrase","in_scope","Tôi đang ôn giai đoạn 1930-1975, giúp tôi nhớ nhanh về Kháng chiến chống Pháp 1946-1954.","19/12/1946 | Biên giới Thu Đông 1950 | Điện Biên Phủ | Genève | Kháng chiến chống Pháp 1946-1954 | ANTI_FRENCH_1946_1954_TIMELINE | Biên giới 1950 | Điện Biên Phủ 1954","Đại hội II năm 1951 và Đảng Lao động Việt Nam | Lời kêu gọi thi đua ái quốc ngày 11/6/1948 | Xô viết Nghệ Tĩnh trong cao trào 1930-1931 | Cao trào kháng Nhật cứu nước năm 1945 | Năm 1946: Hiệp định Sơ bộ, Tạm ước và Toàn quốc kháng chiến","S20G2_TOPIC_DAI_HOI_II_1951_DANG_LAO_DONG | S20G2_EXACT_1948_0611_THI_DUA_AI_QUOC | S20G2_TOPIC_XO_VIET_NGHE_TINH_1930_1931 | S20G2_TOPIC_KHANG_NHAT_1945 | S20G2_YEAR_1946_EXPANDED_TIMELINE","0","0","1","0.2","0.2","0.38685280723454163","1","1","","","1205","1155.3","200"
"g5i_ret_natural_paraphrase_053","natural_paraphrase","in_scope","Nếu giải thích cho học sinh, nên nói gì về Từ Paris 1973 đến 30/4/1975?","Paris | Mỹ rút quân | 30/4/1975 | Từ Paris 1973 đến 30/4/1975 | PARIS_1973_TO_APR30_1975_TIMELINE | Paris 1973","Bối cảnh chính của Chiến dịch Hồ Chí Minh | Phân biệt 30/4/1975 với mốc Quốc hội hoàn tất thống nhất nhà nước | Chiến thắng Phước Long cuối 1974 - đầu 1975 | Ngày 10/3/1975 mở màn chiến dịch Tây Nguyên tại Buôn Ma Thuột | Bối cảnh chính của Hiệp định Paris 1973","S20D2_CONTEXT_CHIEN_DICH_HO_CHI_MINH_1975 | S20D_DISAMBIG_1975_0430_NOT_QUOC_HOI_UNIFICATION | S20G2_TOPIC_PHUOC_LONG_1974_1975 | S20G2_EXACT_1975_0310_BUON_MA_THUOT | S20D2_CONTEXT_PARIS_1973_DATE","1","1","1","1","1","0.8314351914543134","1","1","","","754","744.2","200"
"g5i_ret_natural_paraphrase_054","natural_paraphrase","in_scope","Nói theo cách tự nhiên: Chiến dịch Tây Nguyên và Chiến dịch Hồ Chí Minh đáng nhớ ở đâu?","Tây Nguyên | Chiến dịch Hồ Chí Minh | 30/4/1975 | Chiến dịch Tây Nguyên và Chiến dịch Hồ Chí Minh | TAY_NGUYEN_VS_HCM_CAMPAIGN | Tây Nguyên mở đầu","Ý nghĩa Chiến dịch Hồ Chí Minh và Đại thắng mùa Xuân 1975 | Ngày 30/4/1975 - Dinh Độc Lập bị chiếm và chính quyền Sài Gòn đầu hàng | Nguồn chứng minh 30/4/1975 là mốc kết thúc chiến tranh và thống nhất đất nước | So sánh Điện Biên Phủ 1954 và Chiến dịch Hồ Chí Minh 1975 | Trận Buôn Ma Thuột mở màn then chốt","SEM15G_MEANING_HCM_CAMPAIGN_1975 | SEM15G_EXACT_1975_0430 | SEM15G_SOURCE_3041975_END_WAR | SEM15G_COMPARE_DBP_HCM | CANON_SUP_M75_EVT_0063","1","1","1","0.8","1","0.9319268121802669","1","1","","","472","465.5","200"
"g5i_ret_natural_paraphrase_055","natural_paraphrase","in_scope","Tôi đang ôn giai đoạn 1930-1975, giúp tôi nhớ nhanh về Hiến pháp 1946 và Tuyên ngôn Độc lập.","Hiến pháp 1946 | Tuyên ngôn Độc lập | 2/9/1945 | Hiến pháp 1946 và Tuyên ngôn Độc lập | HIEN_PHAP_1946_VS_TUYEN_NGON","Xô viết Nghệ Tĩnh trong cao trào 1930-1931 | Ý nghĩa Cách mạng Tháng Tám 1945 | Năm 1945: Nhật đảo chính Pháp, Tổng khởi nghĩa và Tuyên ngôn Độc lập | Nguồn trực tiếp: ngày 2/9/1945 là ngày tuyên bố độc lập | Diễn biến chính thời kỳ 1945-1954","S20G2_TOPIC_XO_VIET_NGHE_TINH_1930_1931 | S20G2_TOPIC_CACH_MANG_THANG_TAM_MEANING_1945 | S20G2_YEAR_1945_EXPANDED_TIMELINE | S20D2_SOURCE_1945_0902_TUYEN_NGON_STRICT | S20D_PERIOD_1945_1954_CORE","0","1","1","0.8","0.5","0.6100369929904295","1","1","","","595","579.1","200"
"g5i_ret_natural_paraphrase_056","natural_paraphrase","in_scope","Nếu giải thích cho học sinh, nên nói gì về Đội Việt Nam Tuyên truyền Giải phóng quân và Việt Minh?","Việt Minh | 22/12/1944 | lực lượng vũ trang | Đội Việt Nam Tuyên truyền Giải phóng quân và Việt Minh | VNTTGPQ_VS_VIET_MINH | 1941","Đội Việt Nam Tuyên truyền Giải phóng quân thành lập ngày 22/12/1944 | So sánh Đảng Cộng sản Việt Nam và Việt Minh | Hội nghị Trung ương 8 năm 1941 và Việt Minh | Đường 9 trong Chiến dịch Đường 9 - Nam Lào năm 1971 | Việt Nam hóa chiến tranh giai đoạn 1969-1973","S20G2_TOPIC_VNTTGPQ_1944_EXACT_DATE | S20G2_COMPARE_DCSVN_VIET_MINH | S20G2_SOURCE_HTW8_1941 | S20G2_TOPIC_DUONG_9_NAM_LAO_1971 | S20G2_TOPIC_VIET_NAM_HOA_CHIEN_TRANH_1969_1973","1","1","1","0.6","1","0.9749209983281145","1","1","","","566","559","200"
"g5i_ret_natural_paraphrase_057","natural_paraphrase","in_scope","Nói theo cách tự nhiên: Cương lĩnh chính trị đầu tiên và Luận cương chính trị tháng 10/1930 đáng nhớ ở đâu?","Cương lĩnh | Luận cương | Trần Phú | Cương lĩnh chính trị đầu tiên và Luận cương chính trị tháng 10/1930 | CUONG_LINH_VS_LUAN_CUONG_1930","Năm 1930: Đảng Cộng sản Việt Nam ra đời và cao trào 1930-1931 | Đảng Cộng sản Việt Nam thành lập năm 1930 | So sánh Đảng Cộng sản Việt Nam và Việt Minh | Xô viết Nghệ Tĩnh trong cao trào 1930-1931 | Đại hội I của Đảng năm 1935","S20G2_YEAR_1930_EXPANDED_TIMELINE | S20G2_SOURCE_DCSVN_1930_NO_ACCENT | S20G2_COMPARE_DCSVN_VIET_MINH | S20G2_TOPIC_XO_VIET_NGHE_TINH_1930_1931 | S20G2_TOPIC_DAI_HOI_I_1935","1","1","1","0.6","1","0.9674679834891694","1","1","","","888","876.4","200"
"g5i_ret_natural_paraphrase_058","natural_paraphrase","in_scope","Tôi đang ôn giai đoạn 1930-1975, giúp tôi nhớ nhanh về Hội nghị thành lập Đảng 1930 và Hội nghị Trung ương 8 năm 1941.","Hội nghị hợp nhất thành lập Đảng | Hội nghị Trung ương 8 | Việt Minh | Hội nghị thành lập Đảng 1930 và Hội nghị Trung ương 8 năm 1941 | PARTY_FOUNDING_1930_VS_TW8_1941 | 1930 | 1941","So sánh Đảng Cộng sản Việt Nam và Việt Minh | Hội nghị Trung ương 8 năm 1941 và Việt Minh | Đại hội I của Đảng năm 1935 | Đảng Cộng sản Việt Nam thành lập năm 1930 | Xô viết Nghệ Tĩnh trong cao trào 1930-1931","S20G2_COMPARE_DCSVN_VIET_MINH | S20G2_SOURCE_HTW8_1941 | S20G2_TOPIC_DAI_HOI_I_1935 | S20G2_SOURCE_DCSVN_1930_NO_ACCENT | S20G2_TOPIC_XO_VIET_NGHE_TINH_1930_1931","1","1","1","0.8","1","0.7347448527581733","1","1","","","859","852.8","200"
"g5i_ret_natural_paraphrase_059","natural_paraphrase","in_scope","Nếu giải thích cho học sinh, nên nói gì về Cách mạng Tháng Tám và kháng chiến chống Pháp?","Cách mạng Tháng Tám | kháng chiến chống Pháp | Điện Biên Phủ | Cách mạng Tháng Tám và kháng chiến chống Pháp | CMT8_VS_ANTI_FRENCH_WAR | 1945 | 1946-1954 | chống Pháp","Đại hội II năm 1951 và Đảng Lao động Việt Nam | Nguồn trực tiếp: Bình dân học vụ chống nạn mù chữ sau Cách mạng Tháng Tám | Nguồn trực tiếp: Chiến dịch Hòa Bình diễn ra giai đoạn 1951-1952 | Lời kêu gọi thi đua ái quốc ngày 11/6/1948 | Bình dân học vụ sau Cách mạng Tháng Tám","S20G2_TOPIC_DAI_HOI_II_1951_DANG_LAO_DONG | S20D2_SOURCE_BINH_DAN_HOC_VU_DIRECT | S20D2_SOURCE_CHIEN_DICH_HOA_BINH_1951_1952_DIRECT | S20G2_EXACT_1948_0611_THI_DUA_AI_QUOC | S20D_SOURCE_BINH_DAN_HOC_VU_STRONG","0","1","1","0.4","0.5","0.6240505200038379","1","1","","","884","867.8","200"
"g5i_ret_natural_paraphrase_060","natural_paraphrase","in_scope","Nói theo cách tự nhiên: Sửa nhầm ngày Hồ Chí Minh đọc Tuyên ngôn Độc lập đáng nhớ ở đâu?","2/9/1945 | Hồ Chí Minh | Quảng trường Ba Đình | 30/4/1975 | Sửa nhầm ngày Hồ Chí Minh đọc Tuyên ngôn Độc lập | HO_CHI_MINH_DECLARATION_DATE_CORRECTION | Ba Đình","Ý nghĩa Cách mạng Tháng Tám 1945 | Ngày 2/9/1945 - Tuyên ngôn Độc lập tại Ba Đình | Ra mắt Chính phủ lâm thời nước VNDCCH | Lễ Tuyên ngôn Độc lập tại Quảng trường Ba Đình | Hồ Chí Minh đọc Tuyên ngôn Độc lập tại Hà Nội","SEM15G_MEANING_CMT8_1945 | SEM15G_EXACT_1945_0902 | CANON_SUP_E45_002 | CANON_SUP_E082 | EVT_0130","1","1","1","0.8","1","0.7853447143079938","0.7142857142857143","1","","","1040","1017.8","200"
"g5i_ret_natural_paraphrase_061","natural_paraphrase","in_scope","Tôi đang ôn giai đoạn 1930-1975, giúp tôi nhớ nhanh về Xô viết Nghệ Tĩnh trong cao trào 1930-1931.","Xô viết Nghệ Tĩnh | 1930-1931 | Nghệ An | Hà Tĩnh | Xô viết Nghệ Tĩnh trong cao trào 1930-1931 | XO_VIET_NGHE_TINH_1930_1931","Phong trào dân chủ 1936-1939 | Xô viết Nghệ Tĩnh trong cao trào 1930-1931 | So sánh Đảng Cộng sản Việt Nam và Việt Minh | Năm 1930: Đảng Cộng sản Việt Nam ra đời và cao trào 1930-1931 | Cao trào kháng Nhật cứu nước năm 1945","S20G2_TOPIC_DAN_CHU_1936_1939 | S20G2_TOPIC_XO_VIET_NGHE_TINH_1930_1931 | S20G2_COMPARE_DCSVN_VIET_MINH | S20G2_YEAR_1930_EXPANDED_TIMELINE | S20G2_TOPIC_KHANG_NHAT_1945","0","1","1","0.4","0.5","0.6416367058390029","1","1","","","748","738.9","200"
"g5i_ret_natural_paraphrase_062","natural_paraphrase","in_scope","Nếu giải thích cho học sinh, nên nói gì về Từ Hiệp định Sơ bộ đến Toàn quốc kháng chiến năm 1946?","Hiệp định Sơ bộ | Tạm ước | Toàn quốc kháng chiến | 19/12/1946 | Từ Hiệp định Sơ bộ đến Toàn quốc kháng chiến năm 1946 | HIEP_DINH_SO_BO_TO_TOAN_QUOC_1946_TIMELINE | 6/3/1946 | 14/9/1946","Đấu tranh ngoại giao với Pháp trước 19/12/1946 | Toàn quốc kháng chiến bùng nổ | Hình thành đường lối kháng chiến toàn dân, toàn diện, lâu dài, tự lực cánh sinh | Công bố/lan truyền Lời kêu gọi Toàn quốc kháng chiến | Pháp tấn công và tàn sát dân thường tại Hải Phòng (11-1946) – chuẩn bị toàn quốc kháng chiến","CANON_SUP_E45_074 | CANON_SUP_E45_019 | CANON_SUP_E45_021 | CANON_SUP_E45_020 | EVT_0156","1","1","1","1","1","0.8286865578731786","1","1","","","1200","1174","200"
"g5i_ret_natural_paraphrase_063","natural_paraphrase","in_scope","Nói theo cách tự nhiên: Từ Buôn Ma Thuột đến Huế trong Tổng tiến công mùa Xuân 1975 đáng nhớ ở đâu?","Buôn Ma Thuột | 10/3/1975 | 26/3/1975 | Từ Buôn Ma Thuột đến Huế trong Tổng tiến công mùa Xuân 1975 | BUON_MA_THUOT_TO_HUE_1975_TIMELINE","Ngày 10/3/1975 mở màn chiến dịch Tây Nguyên tại Buôn Ma Thuột | Huế được giải phóng ngày 26/3/1975 | Chiến thắng Phước Long cuối 1974 - đầu 1975 | Năm 1975: Tổng tiến công mùa Xuân và giải phóng miền Nam | Năm 1974: chuyển biến trước Tổng tiến công 1975 và Phước Long","S20G2_EXACT_1975_0310_BUON_MA_THUOT | S20G2_SOURCE_HUE_1975_0326 | S20G2_TOPIC_PHUOC_LONG_1974_1975 | S20G2_YEAR_1975_EXPANDED_TIMELINE | S20G2_YEAR_1974_EXPANDED_TIMELINE","1","1","1","1","1","1","1","1","","","944","883.4","200"
"g5i_ret_natural_paraphrase_064","natural_paraphrase","in_scope","Tôi đang ôn giai đoạn 1930-1975, giúp tôi nhớ nhanh về Phân biệt Buôn Ma Thuột và Huế năm 1975.","Buôn Ma Thuột | 10/3/1975 | 26/3/1975 | Phân biệt Buôn Ma Thuột và Huế năm 1975 | BUON_MA_THUOT_VS_HUE_1975","Ngày 10/3/1975 mở màn chiến dịch Tây Nguyên tại Buôn Ma Thuột | Huế được giải phóng ngày 26/3/1975 | Chiến thắng Phước Long cuối 1974 - đầu 1975 | Xô viết Nghệ Tĩnh trong cao trào 1930-1931 | Năm 1975: Tổng tiến công mùa Xuân và giải phóng miền Nam","S20G2_EXACT_1975_0310_BUON_MA_THUOT | S20G2_SOURCE_HUE_1975_0326 | S20G2_TOPIC_PHUOC_LONG_1974_1975 | S20G2_TOPIC_XO_VIET_NGHE_TINH_1930_1931 | S20G2_YEAR_1975_EXPANDED_TIMELINE","1","1","1","0.8","1","0.9849452057125914","1","1","","","892","855.4","200"
"g5i_ret_natural_paraphrase_065","natural_paraphrase","in_scope","Nếu giải thích cho học sinh, nên nói gì về Phân biệt Tết Mậu Thân 1968 và Hiệp định Paris 1973?","Tết Mậu Thân 1968 | Paris 1973 | Mỹ rút quân | Phân biệt Tết Mậu Thân 1968 và Hiệp định Paris 1973 | TET_MAU_THAN_VS_PARIS_1973 | Hiệp định Paris 1973","Chiến thắng Phước Long cuối 1974 - đầu 1975 | Năm 1968: Tổng tiến công và nổi dậy Tết Mậu Thân | Năm 1974: chuyển biến trước Tổng tiến công 1975 và Phước Long | Bối cảnh chính của Hiệp định Paris 1973 | Nguồn trực tiếp: cục diện sau Hiệp định Paris","S20G2_TOPIC_PHUOC_LONG_1974_1975 | S20G2_YEAR_1968_EXPANDED_TIMELINE | S20G2_YEAR_1974_EXPANDED_TIMELINE | S20D2_CONTEXT_PARIS_1973_DATE | S20D2_SOURCE_CUC_DIEN_SAU_PARIS_1973_1974_DIRECT","0","1","1","0.6","0.5","0.5921204715236471","1","1","","","865","860.6","200"
"g5i_ret_natural_paraphrase_066","natural_paraphrase","in_scope","Nói theo cách tự nhiên: Từ Hà Nội giành chính quyền đến Tuyên ngôn Độc lập đáng nhớ ở đâu?","19/8/1945 | Tuyên ngôn Độc lập | Việt Nam Dân chủ Cộng hòa | Từ Hà Nội giành chính quyền đến Tuyên ngôn Độc lập | CMT8_HANOI_TO_DECLARATION_TIMELINE | 2/9/1945","Ý nghĩa Cách mạng Tháng Tám 1945 | Ngày 2/9/1945 - Tuyên ngôn Độc lập tại Ba Đình | Chủ tịch Hồ Chí Minh qua đời | Hòa hoãn với Pháp để đẩy quân Tưởng về nước | Tổng khởi nghĩa thắng lợi ở Sài Gòn","SEM15G_MEANING_CMT8_1945 | SEM15G_EXACT_1945_0902 | CANON_SUP_M75_EVT_0054 | CANON_SUP_E45_015 | CANON_SUP_E079","1","1","1","0.4","1","0.9015146397801767","0.6666666666666666","1","","","360","336.9","200"
"g5i_ret_natural_paraphrase_067","natural_paraphrase","in_scope","Tôi đang ôn giai đoạn 1930-1975, giúp tôi nhớ nhanh về Ba mốc lớn 1945 - 1954 - 1975.","1945 | 1954 | 1975 | Điện Biên Phủ | Tuyên ngôn Độc lập | Ba mốc lớn 1945 - 1954 - 1975","Chiến thắng Phước Long cuối 1974 - đầu 1975 | Huế được giải phóng ngày 26/3/1975 | Ngày 10/3/1975 mở màn chiến dịch Tây Nguyên tại Buôn Ma Thuột | Xô viết Nghệ Tĩnh trong cao trào 1930-1931 | Ý nghĩa Cách mạng Tháng Tám 1945","S20G2_TOPIC_PHUOC_LONG_1974_1975 | S20G2_SOURCE_HUE_1975_0326 | S20G2_EXACT_1975_0310_BUON_MA_THUOT | S20G2_TOPIC_XO_VIET_NGHE_TINH_1930_1931 | S20G2_TOPIC_CACH_MANG_THANG_TAM_MEANING_1945","1","1","1","0.8","1","0.9828920819566876","1","1","","","1120","1087","200"
"g5i_ret_natural_paraphrase_068","natural_paraphrase","in_scope","Nếu giải thích cho học sinh, nên nói gì về Từ Điện Biên Phủ 1954 đến Hiệp định Genève?","Điện Biên Phủ | 7/5/1954 | Genève | 1954 | Từ Điện Biên Phủ 1954 đến Hiệp định Genève | DBP_1954_TO_GENEVE_TIMELINE | tháng 7/1954","Ý nghĩa Chiến thắng Điện Biên Phủ 1954 | So sánh Điện Biên Phủ 1954 và Chiến dịch Hồ Chí Minh 1975 | Chiến thắng Điện Biên Phủ - canonical answer evidence | Mốc ngày 7/5/1954 trong lịch sử Việt Nam 1945-1954 | So sánh Chiến dịch Biên giới 1950 và Chiến dịch Điện Biên Phủ 1954","SEM15G_MEANING_DBP_1954 | SEM15G_COMPARE_DBP_HCM | S18B_SEED_S1954_DBP_THANG | S18B_DATE_7_5_1954 | S18B_COMPARE_003","1","1","1","1","1","0.9861752000627321","1","1","","","1004","967.7","200"
"g5i_ret_natural_paraphrase_069","natural_paraphrase","in_scope","Nói theo cách tự nhiên: Từ Genève 1954 đến tổng tuyển cử 1956 không diễn ra đáng nhớ ở đâu?","Tổng tuyển cử thống nhất dự kiến năm 1956 sau Hiệp định Genève | Genève | 1956 | Từ Genève 1954 đến tổng tuyển cử 1956 không diễn ra | GENEVE_1954_TO_1956_ELECTION_TIMELINE | 1954 | không được thực hiện | chia cắt","Tổng tuyển cử thống nhất dự kiến năm 1956 sau Hiệp định Genève | Năm 1945: Nhật đảo chính Pháp, Tổng khởi nghĩa và Tuyên ngôn Độc lập | Nguồn trực tiếp: Hiệp định Genève 1954 quy định đình chỉ chiến sự và giới tuyến tạm thời | Diễn biến chính thời kỳ 1945-1954 | So sánh Điện Biên Phủ 1954 và Hiệp định Genève 1954","S20G2_TOPIC_1956_TONG_TUYEN_CU | S20G2_YEAR_1945_EXPANDED_TIMELINE | S20D2_SOURCE_GENEVE_1954_DINH_CHI_VI_TUYEN_DIRECT | S20D_PERIOD_1945_1954_CORE | S18B_COMPARE_008","1","1","1","0.8","1","0.9111988924890688","1","1","","","295","274.5","200"
"g5i_ret_natural_paraphrase_070","natural_paraphrase","in_scope","Tôi đang ôn giai đoạn 1930-1975, giúp tôi nhớ nhanh về Từ Đồng Khởi đến Tết Mậu Thân.","Đồng Khởi | 20/12/1960 | Mặt trận Dân tộc Giải phóng miền Nam | Tết Mậu Thân | Từ Đồng Khởi đến Tết Mậu Thân | DONG_KHOI_TO_TET_MAU_THAN_TIMELINE | 1959-1960 | 1968","Đồng Khởi là chuyển biến quan trọng ở miền Nam | Đại hội II năm 1951 và Đảng Lao động Việt Nam | Xô viết Nghệ Tĩnh trong cao trào 1930-1931 | Năm 1968: Tổng tiến công và nổi dậy Tết Mậu Thân | Đại hội I của Đảng năm 1935","S20G2_SOURCE_DONG_KHOI_CHUYEN_BIEN_MIỀN_NAM_1960 | S20G2_TOPIC_DAI_HOI_II_1951_DANG_LAO_DONG | S20G2_TOPIC_XO_VIET_NGHE_TINH_1930_1931 | S20G2_YEAR_1968_EXPANDED_TIMELINE | S20G2_TOPIC_DAI_HOI_I_1935","1","1","1","0.4","1","0.9289916749326748","1","1","","","312","301.5","200"
"g5i_ret_timeline_001","timeline","in_scope","Kéo lại chuỗi thời gian của Từ Việt Bắc 1947 đến Biên giới 1950.","Việt Bắc Thu Đông 1947 | Biên giới Thu Đông 1950 | thế chủ động | Từ Việt Bắc 1947 đến Biên giới 1950 | VIET_BAC_1947_TO_BIEN_GIOI_1950_TIMELINE | Việt Bắc 1947 | Biên giới 1950","Năm 1946: Hiệp định Sơ bộ, Tạm ước và Toàn quốc kháng chiến | Diễn biến chính thời kỳ 1945-1954 | So sánh Đường 9 - Nam Lào và Điện Biên Phủ trên không | Nội dung và ý nghĩa Hiệp định Genève 1954 | So sánh Hiệp định Genève 1954 và Hiệp định Paris 1973","S20G2_YEAR_1946_EXPANDED_TIMELINE | S20D_PERIOD_1945_1954_CORE | S19B_COMPARE_014 | SEM15G_MEANING_GENEVE_1954 | SEM15G_COMPARE_GENEVE_PARIS","0","0","0","0","0","0","1","1","","no_gold_term_in_top5","987","949.3","200"
"g5i_ret_timeline_002","timeline","in_scope","Các mốc trong Từ Việt Minh đến Đội Việt Nam Tuyên truyền Giải phóng quân đi theo thứ tự nào?","Việt Minh | 22/12/1944 | lực lượng vũ trang | Từ Việt Minh đến Đội Việt Nam Tuyên truyền Giải phóng quân | VIET_MINH_TO_VNTTGPQ_TIMELINE | 1941","Đường 9 trong Chiến dịch Đường 9 - Nam Lào năm 1971 | Đội Việt Nam Tuyên truyền Giải phóng quân thành lập ngày 22/12/1944 | Đồng Khởi là chuyển biến quan trọng ở miền Nam | Hội nghị Trung ương 8 năm 1941 và Việt Minh | Năm 1975: Tổng tiến công mùa Xuân và giải phóng miền Nam","S20G2_TOPIC_DUONG_9_NAM_LAO_1971 | S20G2_TOPIC_VNTTGPQ_1944_EXACT_DATE | S20G2_SOURCE_DONG_KHOI_CHUYEN_BIEN_MIỀN_NAM_1960 | S20G2_SOURCE_HTW8_1941 | S20G2_YEAR_1975_EXPANDED_TIMELINE","0","1","1","0.4","0.5","0.6509209298071325","1","1","","","984","972.5","200"
"g5i_ret_timeline_003","timeline","in_scope","Tuyến sự kiện Các mốc Việt Nam Dân chủ Cộng hòa lúc mới ra đời gồm những bước nào?","2/9/1945 | Hiến pháp 1946 | 19/12/1946 | Các mốc Việt Nam Dân chủ Cộng hòa lúc mới ra đời | EARLY_VNDCCH_1945_1946_TIMELINE","Việt Nam hóa chiến tranh giai đoạn 1969-1973 | Đồng Khởi là chuyển biến quan trọng ở miền Nam | Năm 1930: Đảng Cộng sản Việt Nam ra đời và cao trào 1930-1931 | Ý nghĩa Cách mạng Tháng Tám 1945 | Năm 1945: Nhật đảo chính Pháp, Tổng khởi nghĩa và Tuyên ngôn Độc lập","S20G2_TOPIC_VIET_NAM_HOA_CHIEN_TRANH_1969_1973 | S20G2_SOURCE_DONG_KHOI_CHUYEN_BIEN_MIỀN_NAM_1960 | S20G2_YEAR_1930_EXPANDED_TIMELINE | S20G2_TOPIC_CACH_MANG_THANG_TAM_MEANING_1945 | S20G2_YEAR_1945_EXPANDED_TIMELINE","0","1","1","0.6","0.3333333333333333","0.5635394773359036","1","1","","","334","324.9","200"
"g5i_ret_timeline_004","timeline","in_scope","Kéo lại chuỗi thời gian của Kháng chiến chống Pháp 1946-1954.","19/12/1946 | Biên giới Thu Đông 1950 | Điện Biên Phủ | Genève | Kháng chiến chống Pháp 1946-1954 | ANTI_FRENCH_1946_1954_TIMELINE | Biên giới 1950 | Điện Biên Phủ 1954","Năm 1946: Hiệp định Sơ bộ, Tạm ước và Toàn quốc kháng chiến | Nguồn trực tiếp: Chiến dịch Hòa Bình diễn ra giai đoạn 1951-1952 | Phân biệt Hiệp định Genève 1954 và Hiệp định Paris 1973 | Diễn biến chính thời kỳ 1945-1954 | Nam Bộ kháng chiến bắt đầu ngày 23/9/1945","S20G2_YEAR_1946_EXPANDED_TIMELINE | S20D2_SOURCE_CHIEN_DICH_HOA_BINH_1951_1952_DIRECT | S20D2_COMPARE_GENEVE_1954_PARIS_1973_STRICT | S20D_PERIOD_1945_1954_CORE | S20D_EXACT_1945_0923_NAM_BO_KHANG_CHIEN","1","1","1","0.6","1","0.8281077253097615","1","1","","","273","264.6","200"
"g5i_ret_timeline_005","timeline","in_scope","Các mốc trong Từ Paris 1973 đến 30/4/1975 đi theo thứ tự nào?","Paris | Mỹ rút quân | 30/4/1975 | Từ Paris 1973 đến 30/4/1975 | PARIS_1973_TO_APR30_1975_TIMELINE | Paris 1973","Bối cảnh chính của Chiến dịch Hồ Chí Minh | Phân biệt 30/4/1975 với mốc Quốc hội hoàn tất thống nhất nhà nước | Bối cảnh chính của Hiệp định Paris 1973 | Năm 1974: chuyển biến trước Tổng tiến công 1975 và Phước Long | Ngày 30/4/1975: giải phóng Sài Gòn và kết thúc chiến tranh","S20D2_CONTEXT_CHIEN_DICH_HO_CHI_MINH_1975 | S20D_DISAMBIG_1975_0430_NOT_QUOC_HOI_UNIFICATION | S20D2_CONTEXT_PARIS_1973_DATE | S20G2_YEAR_1974_EXPANDED_TIMELINE | S20D_EXACT_1975_0430_MEANING_STRONG","1","1","1","1","1","0.8571379266421973","1","1","","","928","897.6","200"
"g5i_ret_timeline_006","timeline","in_scope","Tuyến sự kiện Từ Hiệp định Sơ bộ đến Toàn quốc kháng chiến năm 1946 gồm những bước nào?","Hiệp định Sơ bộ | Tạm ước | Toàn quốc kháng chiến | 19/12/1946 | Từ Hiệp định Sơ bộ đến Toàn quốc kháng chiến năm 1946 | HIEP_DINH_SO_BO_TO_TOAN_QUOC_1946_TIMELINE | 6/3/1946 | 14/9/1946","Đấu tranh ngoại giao với Pháp trước 19/12/1946 | Toàn quốc kháng chiến bùng nổ | Hình thành đường lối kháng chiến toàn dân, toàn diện, lâu dài, tự lực cánh sinh | Công bố/lan truyền Lời kêu gọi Toàn quốc kháng chiến | Pháp tấn công và tàn sát dân thường tại Hải Phòng (11-1946) – chuẩn bị toàn quốc kháng chiến","CANON_SUP_E45_074 | CANON_SUP_E45_019 | CANON_SUP_E45_021 | CANON_SUP_E45_020 | EVT_0156","1","1","1","1","1","0.8286865578731786","1","1","","","557","530.7","200"
"g5i_ret_timeline_007","timeline","in_scope","Kéo lại chuỗi thời gian của Từ Buôn Ma Thuột đến Huế trong Tổng tiến công mùa Xuân 1975.","Buôn Ma Thuột | 10/3/1975 | 26/3/1975 | Từ Buôn Ma Thuột đến Huế trong Tổng tiến công mùa Xuân 1975 | BUON_MA_THUOT_TO_HUE_1975_TIMELINE","Huế được giải phóng ngày 26/3/1975 | Ngày 10/3/1975 mở màn chiến dịch Tây Nguyên tại Buôn Ma Thuột | Chiến thắng Phước Long cuối 1974 - đầu 1975 | Năm 1975: Tổng tiến công mùa Xuân và giải phóng miền Nam | Năm 1974: chuyển biến trước Tổng tiến công 1975 và Phước Long","S20G2_SOURCE_HUE_1975_0326 | S20G2_EXACT_1975_0310_BUON_MA_THUOT | S20G2_TOPIC_PHUOC_LONG_1974_1975 | S20G2_YEAR_1975_EXPANDED_TIMELINE | S20G2_YEAR_1974_EXPANDED_TIMELINE","1","1","1","1","1","0.9609035737209835","1","1","","","922","915.2","200"
"g5i_ret_timeline_008","timeline","in_scope","Các mốc trong Từ Hà Nội giành chính quyền đến Tuyên ngôn Độc lập đi theo thứ tự nào?","19/8/1945 | Tuyên ngôn Độc lập | Việt Nam Dân chủ Cộng hòa | Từ Hà Nội giành chính quyền đến Tuyên ngôn Độc lập | CMT8_HANOI_TO_DECLARATION_TIMELINE | 2/9/1945","Ý nghĩa Cách mạng Tháng Tám 1945 | Ngày 2/9/1945 - Tuyên ngôn Độc lập tại Ba Đình | Chủ tịch Hồ Chí Minh qua đời | Hòa hoãn với Pháp để đẩy quân Tưởng về nước | Tổng khởi nghĩa thắng lợi ở Sài Gòn","SEM15G_MEANING_CMT8_1945 | SEM15G_EXACT_1945_0902 | CANON_SUP_M75_EVT_0054 | CANON_SUP_E45_015 | CANON_SUP_E079","1","1","1","0.4","1","0.9015146397801767","1","1","","","686","629.5","200"
"g5i_ret_timeline_009","timeline","in_scope","Tuyến sự kiện Ba mốc lớn 1945 - 1954 - 1975 gồm những bước nào?","1945 | 1954 | 1975 | Điện Biên Phủ | Tuyên ngôn Độc lập | Ba mốc lớn 1945 - 1954 - 1975","Tổng tuyển cử thống nhất dự kiến năm 1956 sau Hiệp định Genève | Năm 1975: Tổng tiến công mùa Xuân và giải phóng miền Nam | Năm 1945: Nhật đảo chính Pháp, Tổng khởi nghĩa và Tuyên ngôn Độc lập | Năm 1974: chuyển biến trước Tổng tiến công 1975 và Phước Long | Năm 1932: khôi phục tổ chức Đảng sau khủng bố trắng","S20G2_TOPIC_1956_TONG_TUYEN_CU | S20G2_YEAR_1975_EXPANDED_TIMELINE | S20G2_YEAR_1945_EXPANDED_TIMELINE | S20G2_YEAR_1974_EXPANDED_TIMELINE | S20G2_YEAR_1932_EXPANDED_TIMELINE","0","1","1","0.6","0.5","0.6821008077076058","1","1","","","1083","928.7","200"
"g5i_ret_timeline_010","timeline","in_scope","Kéo lại chuỗi thời gian của Từ Điện Biên Phủ 1954 đến Hiệp định Genève.","Điện Biên Phủ | 7/5/1954 | Genève | 1954 | Từ Điện Biên Phủ 1954 đến Hiệp định Genève | DBP_1954_TO_GENEVE_TIMELINE | tháng 7/1954","Ý nghĩa Chiến thắng Điện Biên Phủ 1954 | So sánh Điện Biên Phủ 1954 và Chiến dịch Hồ Chí Minh 1975 | Chiến thắng Điện Biên Phủ - canonical answer evidence | Mốc ngày 7/5/1954 trong lịch sử Việt Nam 1945-1954 | So sánh Chiến dịch Biên giới 1950 và Chiến dịch Điện Biên Phủ 1954","SEM15G_MEANING_DBP_1954 | SEM15G_COMPARE_DBP_HCM | S18B_SEED_S1954_DBP_THANG | S18B_DATE_7_5_1954 | S18B_COMPARE_003","1","1","1","1","1","0.9861752000627321","1","1","","","856","768.3","200"
"g5i_ret_timeline_011","timeline","in_scope","Các mốc trong Từ Genève 1954 đến tổng tuyển cử 1956 không diễn ra đi theo thứ tự nào?","Tổng tuyển cử thống nhất dự kiến năm 1956 sau Hiệp định Genève | Genève | 1956 | Từ Genève 1954 đến tổng tuyển cử 1956 không diễn ra | GENEVE_1954_TO_1956_ELECTION_TIMELINE | 1954 | không được thực hiện | chia cắt","Tổng tuyển cử thống nhất dự kiến năm 1956 sau Hiệp định Genève | Huế được giải phóng ngày 26/3/1975 | Năm 1972: Tiến công chiến lược và Điện Biên Phủ trên không | Năm 1945: Nhật đảo chính Pháp, Tổng khởi nghĩa và Tuyên ngôn Độc lập | Năm 1968: Tổng tiến công và nổi dậy Tết Mậu Thân","S20G2_TOPIC_1956_TONG_TUYEN_CU | S20G2_SOURCE_HUE_1975_0326 | S20G2_YEAR_1972_EXPANDED_TIMELINE | S20G2_YEAR_1945_EXPANDED_TIMELINE | S20G2_YEAR_1968_EXPANDED_TIMELINE","1","1","1","0.2","1","1","1","1","","","752","742.6","200"
"g5i_ret_timeline_012","timeline","in_scope","Tuyến sự kiện Từ Đồng Khởi đến Tết Mậu Thân gồm những bước nào?","Đồng Khởi | 20/12/1960 | Mặt trận Dân tộc Giải phóng miền Nam | Tết Mậu Thân | Từ Đồng Khởi đến Tết Mậu Thân | DONG_KHOI_TO_TET_MAU_THAN_TIMELINE | 1959-1960 | 1968","Đồng Khởi là chuyển biến quan trọng ở miền Nam | Năm 1968: Tổng tiến công và nổi dậy Tết Mậu Thân | Ngày 10/3/1975 mở màn chiến dịch Tây Nguyên tại Buôn Ma Thuột | Tổng tuyển cử thống nhất dự kiến năm 1956 sau Hiệp định Genève | Năm 1959: Đoàn 559 và đường Trường Sơn","S20G2_SOURCE_DONG_KHOI_CHUYEN_BIEN_MIỀN_NAM_1960 | S20G2_YEAR_1968_EXPANDED_TIMELINE | S20G2_EXACT_1975_0310_BUON_MA_THUOT | S20G2_TOPIC_1956_TONG_TUYEN_CU | S20G2_YEAR_1959_EXPANDED_TIMELINE","1","1","1","0.6","1","0.9823083612637096","1","1","","","664","657.9","200"
"g5i_ret_timeline_013","timeline","in_scope","Kéo lại chuỗi thời gian của Đồng Khởi và Mặt trận Dân tộc Giải phóng miền Nam.","20/12/1960 | mat tran dan toc giai phong | Đồng Khởi và Mặt trận Dân tộc Giải phóng miền Nam | DONG_KHOI_TO_NLF_1960 | Đồng Khởi 1959-1960 | Mặt trận Dân tộc Giải phóng miền Nam","So sánh Đảng Cộng sản Việt Nam và Việt Minh | Đồng Khởi là chuyển biến quan trọng ở miền Nam | Hội nghị Trung ương 8 năm 1941 và Việt Minh | Năm 1975: Tổng tiến công mùa Xuân và giải phóng miền Nam | Năm 1959: Đoàn 559 và đường Trường Sơn","S20G2_COMPARE_DCSVN_VIET_MINH | S20G2_SOURCE_DONG_KHOI_CHUYEN_BIEN_MIỀN_NAM_1960 | S20G2_SOURCE_HTW8_1941 | S20G2_YEAR_1975_EXPANDED_TIMELINE | S20G2_YEAR_1959_EXPANDED_TIMELINE","0","1","1","0.6","0.5","0.657854758437272","1","1","","","337","310.7","200"
"g5i_ret_timeline_014","timeline","in_scope","Các mốc trong Từ Nhật đảo chính Pháp đến Tuyên ngôn Độc lập đi theo thứ tự nào?","1945 | tuyen ngon doc lap | Từ Nhật đảo chính Pháp đến Tuyên ngôn Độc lập | NHAT_DAO_CHINH_TO_DOC_LAP_TIMELINE | 9/3/1945 | Tổng khởi nghĩa tháng 8 | 2/9/1945","Năm 1945: Nhật đảo chính Pháp, Tổng khởi nghĩa và Tuyên ngôn Độc lập | Cao trào kháng Nhật cứu nước năm 1945 | Nguồn trực tiếp: ngày 2/9/1945 là ngày tuyên bố độc lập | Tuyên ngôn Độc lập ngày 2/9/1945 | Nhật đảo chính Pháp ngày 9/3/1945","S20G2_YEAR_1945_EXPANDED_TIMELINE | S20G2_TOPIC_KHANG_NHAT_1945 | S20D2_SOURCE_1945_0902_TUYEN_NGON_STRICT | S20D_EXACT_1945_0902_TUYEN_NGON_DOC_LAP | S20D_EXACT_1945_0309_NHAT_DAO_CHINH_PHAP","1","1","1","1","1","0.9638519554028195","1","1","","","357","324.4","200"
"g5i_ret_timeline_015","timeline","in_scope","Tuyến sự kiện Tổng tiến công mùa Xuân 1975 gồm những bước nào?","tong tien cong | 1975 | Buôn Ma Thuột | Huế - Đà Nẵng | Chiến dịch Hồ Chí Minh | 30/4/1975 | Tây Nguyên | 10/3/1975","Huế được giải phóng ngày 26/3/1975 | Ngày 10/3/1975 mở màn chiến dịch Tây Nguyên tại Buôn Ma Thuột | Chiến thắng Phước Long cuối 1974 - đầu 1975 | Năm 1975: Tổng tiến công mùa Xuân và giải phóng miền Nam | Năm 1974: chuyển biến trước Tổng tiến công 1975 và Phước Long","S20G2_SOURCE_HUE_1975_0326 | S20G2_EXACT_1975_0310_BUON_MA_THUOT | S20G2_TOPIC_PHUOC_LONG_1974_1975 | S20G2_YEAR_1975_EXPANDED_TIMELINE | S20G2_YEAR_1974_EXPANDED_TIMELINE","1","1","1","1","1","0.8715930644584924","1","1","","","245","229.9","200"
"g5i_ret_timeline_016","timeline","in_scope","Kéo lại chuỗi thời gian của Các mốc chống Mỹ 1960-1973.","1960 | Tết Mậu Thân | Điện Biên Phủ trên không | Paris | Các mốc chống Mỹ 1960-1973 | ANTI_US_1960_1973_TIMELINE | 1968 | 1972","Việt Nam hóa chiến tranh giai đoạn 1969-1973 | Chiến thắng Phước Long cuối 1974 - đầu 1975 | Năm 1946: Hiệp định Sơ bộ, Tạm ước và Toàn quốc kháng chiến | Năm 1974: chuyển biến trước Tổng tiến công 1975 và Phước Long | Năm 1968: Tổng tiến công và nổi dậy Tết Mậu Thân","S20G2_TOPIC_VIET_NAM_HOA_CHIEN_TRANH_1969_1973 | S20G2_TOPIC_PHUOC_LONG_1974_1975 | S20G2_YEAR_1946_EXPANDED_TIMELINE | S20G2_YEAR_1974_EXPANDED_TIMELINE | S20G2_YEAR_1968_EXPANDED_TIMELINE","1","1","1","0.6","1","0.9029753731998316","1","1","","","212","195.7","200"
"g5i_ret_timeline_017","timeline","in_scope","Các mốc trong Từ Genève 1954 đến Đồng Khởi đi theo thứ tự nào?","vĩ tuyến 17 | 1959-1960 | Đồng Khởi | Từ Genève 1954 đến Đồng Khởi | GENEVE_1954_TO_DONG_KHOI_TIMELINE | 1954","Đồng Khởi là chuyển biến quan trọng ở miền Nam | Tổng tuyển cử thống nhất dự kiến năm 1956 sau Hiệp định Genève | Năm 1959: Đoàn 559 và đường Trường Sơn | Bối cảnh chính của Phong trào Đồng Khởi | Phân biệt Hiệp định Genève 1954 và Hiệp định Paris 1973","S20G2_SOURCE_DONG_KHOI_CHUYEN_BIEN_MIỀN_NAM_1960 | S20G2_TOPIC_1956_TONG_TUYEN_CU | S20G2_YEAR_1959_EXPANDED_TIMELINE | S20D2_CONTEXT_DONG_KHOI_1960 | S20D2_COMPARE_GENEVE_1954_PARIS_1973_STRICT","1","1","1","1","1","0.8296588705173688","1","1","","","334","324.4","200"
"g5i_ret_timeline_018","timeline","in_scope","Tuyến sự kiện Từ Việt Bắc 1947 đến Biên giới 1950 gồm những bước nào?","Việt Bắc Thu Đông 1947 | Biên giới Thu Đông 1950 | thế chủ động | Từ Việt Bắc 1947 đến Biên giới 1950 | VIET_BAC_1947_TO_BIEN_GIOI_1950_TIMELINE | Việt Bắc 1947 | Biên giới 1950","Năm 1974: chuyển biến trước Tổng tiến công 1975 và Phước Long | Năm 1945: Nhật đảo chính Pháp, Tổng khởi nghĩa và Tuyên ngôn Độc lập | Năm 1959: Đoàn 559 và đường Trường Sơn | Nguồn trực tiếp: Hiệp định Genève 1954 quy định đình chỉ chiến sự và giới tuyến tạm thời | Diễn biến chính thời kỳ 1945-1954","S20G2_YEAR_1974_EXPANDED_TIMELINE | S20G2_YEAR_1945_EXPANDED_TIMELINE | S20G2_YEAR_1959_EXPANDED_TIMELINE | S20D2_SOURCE_GENEVE_1954_DINH_CHI_VI_TUYEN_DIRECT | S20D_PERIOD_1945_1954_CORE","0","0","1","0","0","0","1","1","","no_gold_term_in_top5","378","370.7","200"
"g5i_ret_timeline_019","timeline","in_scope","Kéo lại chuỗi thời gian của Từ Việt Minh đến Đội Việt Nam Tuyên truyền Giải phóng quân.","Việt Minh | 22/12/1944 | lực lượng vũ trang | Từ Việt Minh đến Đội Việt Nam Tuyên truyền Giải phóng quân | VIET_MINH_TO_VNTTGPQ_TIMELINE | 1941","Đội Việt Nam Tuyên truyền Giải phóng quân thành lập ngày 22/12/1944 | Hội nghị Trung ương 8 năm 1941 và Việt Minh | Năm 1946: Hiệp định Sơ bộ, Tạm ước và Toàn quốc kháng chiến | Năm 1974: chuyển biến trước Tổng tiến công 1975 và Phước Long | Nguồn trực tiếp: Hiệp định Genève 1954 quy định đình chỉ chiến sự và giới tuyến tạm thời","S20G2_TOPIC_VNTTGPQ_1944_EXACT_DATE | S20G2_SOURCE_HTW8_1941 | S20G2_YEAR_1946_EXPANDED_TIMELINE | S20G2_YEAR_1974_EXPANDED_TIMELINE | S20D2_SOURCE_GENEVE_1954_DINH_CHI_VI_TUYEN_DIRECT","1","1","1","0.4","1","1","1","1","","","402","395.4","200"
"g5i_ret_timeline_020","timeline","in_scope","Các mốc trong Các mốc Việt Nam Dân chủ Cộng hòa lúc mới ra đời đi theo thứ tự nào?","2/9/1945 | Hiến pháp 1946 | 19/12/1946 | Các mốc Việt Nam Dân chủ Cộng hòa lúc mới ra đời | EARLY_VNDCCH_1945_1946_TIMELINE","Đồng Khởi là chuyển biến quan trọng ở miền Nam | Năm 1930: Đảng Cộng sản Việt Nam ra đời và cao trào 1930-1931 | Ý nghĩa Cách mạng Tháng Tám 1945 | Phong trào dân chủ 1936-1939 | Năm 1972: Tiến công chiến lược và Điện Biên Phủ trên không","S20G2_SOURCE_DONG_KHOI_CHUYEN_BIEN_MIỀN_NAM_1960 | S20G2_YEAR_1930_EXPANDED_TIMELINE | S20G2_TOPIC_CACH_MANG_THANG_TAM_MEANING_1945 | S20G2_TOPIC_DAN_CHU_1936_1939 | S20G2_YEAR_1972_EXPANDED_TIMELINE","0","1","1","0.4","0.5","0.613491756617828","1","1","","","378","371.8","200"
"g5i_ret_timeline_021","timeline","in_scope","Tuyến sự kiện Kháng chiến chống Pháp 1946-1954 gồm những bước nào?","19/12/1946 | Biên giới Thu Đông 1950 | Điện Biên Phủ | Genève | Kháng chiến chống Pháp 1946-1954 | ANTI_FRENCH_1946_1954_TIMELINE | Biên giới 1950 | Điện Biên Phủ 1954","Lời kêu gọi thi đua ái quốc ngày 11/6/1948 | Năm 1946: Hiệp định Sơ bộ, Tạm ước và Toàn quốc kháng chiến | Tổng tuyển cử thống nhất dự kiến năm 1956 sau Hiệp định Genève | Nguồn trực tiếp: Chiến dịch Hòa Bình diễn ra giai đoạn 1951-1952 | Phân biệt Hiệp định Genève 1954 và Hiệp định Paris 1973","S20G2_EXACT_1948_0611_THI_DUA_AI_QUOC | S20G2_YEAR_1946_EXPANDED_TIMELINE | S20G2_TOPIC_1956_TONG_TUYEN_CU | S20D2_SOURCE_CHIEN_DICH_HOA_BINH_1951_1952_DIRECT | S20D2_COMPARE_GENEVE_1954_PARIS_1973_STRICT","0","1","1","0.6","0.5","0.6073089049283342","1","1","","","299","290.9","200"
"g5i_ret_timeline_022","timeline","in_scope","Kéo lại chuỗi thời gian của Từ Paris 1973 đến 30/4/1975.","Paris | Mỹ rút quân | 30/4/1975 | Từ Paris 1973 đến 30/4/1975 | PARIS_1973_TO_APR30_1975_TIMELINE | Paris 1973","Bối cảnh chính của Chiến dịch Hồ Chí Minh | Phân biệt 30/4/1975 với mốc Quốc hội hoàn tất thống nhất nhà nước | Bối cảnh chính của Hiệp định Paris 1973 | Năm 1974: chuyển biến trước Tổng tiến công 1975 và Phước Long | Phân biệt Hiệp định Genève 1954 và Hiệp định Paris 1973","S20D2_CONTEXT_CHIEN_DICH_HO_CHI_MINH_1975 | S20D_DISAMBIG_1975_0430_NOT_QUOC_HOI_UNIFICATION | S20D2_CONTEXT_PARIS_1973_DATE | S20G2_YEAR_1974_EXPANDED_TIMELINE | S20D2_COMPARE_GENEVE_1954_PARIS_1973_STRICT","1","1","1","1","1","0.8377850887479377","1","1","","","555","541.3","200"
"g5i_ret_timeline_023","timeline","in_scope","Các mốc trong Từ Hiệp định Sơ bộ đến Toàn quốc kháng chiến năm 1946 đi theo thứ tự nào?","Hiệp định Sơ bộ | Tạm ước | Toàn quốc kháng chiến | 19/12/1946 | Từ Hiệp định Sơ bộ đến Toàn quốc kháng chiến năm 1946 | HIEP_DINH_SO_BO_TO_TOAN_QUOC_1946_TIMELINE | 6/3/1946 | 14/9/1946","Đấu tranh ngoại giao với Pháp trước 19/12/1946 | Toàn quốc kháng chiến bùng nổ | Hình thành đường lối kháng chiến toàn dân, toàn diện, lâu dài, tự lực cánh sinh | Công bố/lan truyền Lời kêu gọi Toàn quốc kháng chiến | Pháp tấn công và tàn sát dân thường tại Hải Phòng (11-1946) – chuẩn bị toàn quốc kháng chiến","CANON_SUP_E45_074 | CANON_SUP_E45_019 | CANON_SUP_E45_021 | CANON_SUP_E45_020 | EVT_0156","1","1","1","1","1","0.8286865578731786","1","1","","","748","731.1","200"
"g5i_ret_timeline_024","timeline","in_scope","Tuyến sự kiện Từ Buôn Ma Thuột đến Huế trong Tổng tiến công mùa Xuân 1975 gồm những bước nào?","Buôn Ma Thuột | 10/3/1975 | 26/3/1975 | Từ Buôn Ma Thuột đến Huế trong Tổng tiến công mùa Xuân 1975 | BUON_MA_THUOT_TO_HUE_1975_TIMELINE","Ngày 10/3/1975 mở màn chiến dịch Tây Nguyên tại Buôn Ma Thuột | Huế được giải phóng ngày 26/3/1975 | Chiến thắng Phước Long cuối 1974 - đầu 1975 | Năm 1975: Tổng tiến công mùa Xuân và giải phóng miền Nam | Năm 1974: chuyển biến trước Tổng tiến công 1975 và Phước Long","S20G2_EXACT_1975_0310_BUON_MA_THUOT | S20G2_SOURCE_HUE_1975_0326 | S20G2_TOPIC_PHUOC_LONG_1974_1975 | S20G2_YEAR_1975_EXPANDED_TIMELINE | S20G2_YEAR_1974_EXPANDED_TIMELINE","1","1","1","1","1","1","1","1","","","599","559.3","200"
"g5i_ret_timeline_025","timeline","in_scope","Kéo lại chuỗi thời gian của Từ Hà Nội giành chính quyền đến Tuyên ngôn Độc lập.","19/8/1945 | Tuyên ngôn Độc lập | Việt Nam Dân chủ Cộng hòa | Từ Hà Nội giành chính quyền đến Tuyên ngôn Độc lập | CMT8_HANOI_TO_DECLARATION_TIMELINE | 2/9/1945","Ý nghĩa Cách mạng Tháng Tám 1945 | Ngày 2/9/1945 - Tuyên ngôn Độc lập tại Ba Đình | Chủ tịch Hồ Chí Minh qua đời | Hòa hoãn với Pháp để đẩy quân Tưởng về nước | Tổng khởi nghĩa thắng lợi ở Sài Gòn","SEM15G_MEANING_CMT8_1945 | SEM15G_EXACT_1945_0902 | CANON_SUP_M75_EVT_0054 | CANON_SUP_E45_015 | CANON_SUP_E079","1","1","1","0.4","1","0.9015146397801767","0.6666666666666666","1","","","796","774.3","200"
"g5i_ret_timeline_026","timeline","in_scope","Các mốc trong Ba mốc lớn 1945 - 1954 - 1975 đi theo thứ tự nào?","1945 | 1954 | 1975 | Điện Biên Phủ | Tuyên ngôn Độc lập | Ba mốc lớn 1945 - 1954 - 1975","Huế được giải phóng ngày 26/3/1975 | Năm 1975: Tổng tiến công mùa Xuân và giải phóng miền Nam | Năm 1974: chuyển biến trước Tổng tiến công 1975 và Phước Long | Năm 1945: Nhật đảo chính Pháp, Tổng khởi nghĩa và Tuyên ngôn Độc lập | Năm 1972: Tiến công chiến lược và Điện Biên Phủ trên không","S20G2_SOURCE_HUE_1975_0326 | S20G2_YEAR_1975_EXPANDED_TIMELINE | S20G2_YEAR_1974_EXPANDED_TIMELINE | S20G2_YEAR_1945_EXPANDED_TIMELINE | S20G2_YEAR_1972_EXPANDED_TIMELINE","1","1","1","1","1","0.8987387943218249","1","1","","","536","527.7","200"
"g5i_ret_timeline_027","timeline","in_scope","Tuyến sự kiện Từ Điện Biên Phủ 1954 đến Hiệp định Genève gồm những bước nào?","Điện Biên Phủ | 7/5/1954 | Genève | 1954 | Từ Điện Biên Phủ 1954 đến Hiệp định Genève | DBP_1954_TO_GENEVE_TIMELINE | tháng 7/1954","Ý nghĩa Chiến thắng Điện Biên Phủ 1954 | So sánh Điện Biên Phủ 1954 và Chiến dịch Hồ Chí Minh 1975 | Chiến thắng Điện Biên Phủ - canonical answer evidence | Mốc ngày 7/5/1954 trong lịch sử Việt Nam 1945-1954 | So sánh Chiến dịch Biên giới 1950 và Chiến dịch Điện Biên Phủ 1954","SEM15G_MEANING_DBP_1954 | SEM15G_COMPARE_DBP_HCM | S18B_SEED_S1954_DBP_THANG | S18B_DATE_7_5_1954 | S18B_COMPARE_003","1","1","1","1","1","0.9861752000627321","1","1","","","925","836.8","200"
"g5i_ret_timeline_028","timeline","in_scope","Kéo lại chuỗi thời gian của Từ Genève 1954 đến tổng tuyển cử 1956 không diễn ra.","Tổng tuyển cử thống nhất dự kiến năm 1956 sau Hiệp định Genève | Genève | 1956 | Từ Genève 1954 đến tổng tuyển cử 1956 không diễn ra | GENEVE_1954_TO_1956_ELECTION_TIMELINE | 1954 | không được thực hiện | chia cắt","Tổng tuyển cử thống nhất dự kiến năm 1956 sau Hiệp định Genève | Phân biệt Hiệp định Genève 1954 và Hiệp định Paris 1973 | Nguồn trực tiếp: Hiệp định Genève 1954 quy định đình chỉ chiến sự và giới tuyến tạm thời | Diễn biến chính thời kỳ 1945-1954 | So sánh Điện Biên Phủ 1954 và Hiệp định Genève 1954","S20G2_TOPIC_1956_TONG_TUYEN_CU | S20D2_COMPARE_GENEVE_1954_PARIS_1973_STRICT | S20D2_SOURCE_GENEVE_1954_DINH_CHI_VI_TUYEN_DIRECT | S20D_PERIOD_1945_1954_CORE | S18B_COMPARE_008","1","1","1","1","1","0.9960550363570676","1","1","","","807","798.1","200"
"g5i_ret_timeline_029","timeline","in_scope","Các mốc trong Từ Đồng Khởi đến Tết Mậu Thân đi theo thứ tự nào?","Đồng Khởi | 20/12/1960 | Mặt trận Dân tộc Giải phóng miền Nam | Tết Mậu Thân | Từ Đồng Khởi đến Tết Mậu Thân | DONG_KHOI_TO_TET_MAU_THAN_TIMELINE | 1959-1960 | 1968","Đồng Khởi là chuyển biến quan trọng ở miền Nam | Năm 1968: Tổng tiến công và nổi dậy Tết Mậu Thân | Năm 1959: Đoàn 559 và đường Trường Sơn | Năm 1932: khôi phục tổ chức Đảng sau khủng bố trắng | Năm 1939: Chiến tranh thế giới thứ hai và Hội nghị Trung ương 6","S20G2_SOURCE_DONG_KHOI_CHUYEN_BIEN_MIỀN_NAM_1960 | S20G2_YEAR_1968_EXPANDED_TIMELINE | S20G2_YEAR_1959_EXPANDED_TIMELINE | S20G2_YEAR_1932_EXPANDED_TIMELINE | S20G2_YEAR_1939_EXPANDED_TIMELINE","1","1","1","0.6","1","1","1","1","","","705","698.9","200"
"g5i_ret_timeline_030","timeline","in_scope","Tuyến sự kiện Đồng Khởi và Mặt trận Dân tộc Giải phóng miền Nam gồm những bước nào?","20/12/1960 | mat tran dan toc giai phong | Đồng Khởi và Mặt trận Dân tộc Giải phóng miền Nam | DONG_KHOI_TO_NLF_1960 | Đồng Khởi 1959-1960 | Mặt trận Dân tộc Giải phóng miền Nam","So sánh Đảng Cộng sản Việt Nam và Việt Minh | Đồng Khởi là chuyển biến quan trọng ở miền Nam | Hội nghị Trung ương 8 năm 1941 và Việt Minh | Ngày 10/3/1975 mở màn chiến dịch Tây Nguyên tại Buôn Ma Thuột | Năm 1975: Tổng tiến công mùa Xuân và giải phóng miền Nam","S20G2_COMPARE_DCSVN_VIET_MINH | S20G2_SOURCE_DONG_KHOI_CHUYEN_BIEN_MIỀN_NAM_1960 | S20G2_SOURCE_HTW8_1941 | S20G2_EXACT_1975_0310_BUON_MA_THUOT | S20G2_YEAR_1975_EXPANDED_TIMELINE","0","1","1","0.4","0.5","0.6258862241888797","1","1","","","705","685.6","200"
"g5i_ret_timeline_031","timeline","in_scope","Kéo lại chuỗi thời gian của Từ Nhật đảo chính Pháp đến Tuyên ngôn Độc lập.","1945 | tuyen ngon doc lap | Từ Nhật đảo chính Pháp đến Tuyên ngôn Độc lập | NHAT_DAO_CHINH_TO_DOC_LAP_TIMELINE | 9/3/1945 | Tổng khởi nghĩa tháng 8 | 2/9/1945","Năm 1945: Nhật đảo chính Pháp, Tổng khởi nghĩa và Tuyên ngôn Độc lập | Cao trào kháng Nhật cứu nước năm 1945 | Năm 1946: Hiệp định Sơ bộ, Tạm ước và Toàn quốc kháng chiến | Nguồn trực tiếp: ngày 2/9/1945 là ngày tuyên bố độc lập | Phân biệt Hiệp định Genève 1954 và Hiệp định Paris 1973","S20G2_YEAR_1945_EXPANDED_TIMELINE | S20G2_TOPIC_KHANG_NHAT_1945 | S20G2_YEAR_1946_EXPANDED_TIMELINE | S20D2_SOURCE_1945_0902_TUYEN_NGON_STRICT | S20D2_COMPARE_GENEVE_1954_PARIS_1973_STRICT","1","1","1","0.6","1","0.9648323576157403","1","1","","","360","321.4","200"
"g5i_ret_timeline_032","timeline","in_scope","Các mốc trong Tổng tiến công mùa Xuân 1975 đi theo thứ tự nào?","tong tien cong | 1975 | Buôn Ma Thuột | Huế - Đà Nẵng | Chiến dịch Hồ Chí Minh | 30/4/1975 | Tây Nguyên | 10/3/1975","Huế được giải phóng ngày 26/3/1975 | Ngày 10/3/1975 mở màn chiến dịch Tây Nguyên tại Buôn Ma Thuột | Năm 1975: Tổng tiến công mùa Xuân và giải phóng miền Nam | Chiến thắng Phước Long cuối 1974 - đầu 1975 | Bối cảnh chính của Chiến dịch Hồ Chí Minh","S20G2_SOURCE_HUE_1975_0326 | S20G2_EXACT_1975_0310_BUON_MA_THUOT | S20G2_YEAR_1975_EXPANDED_TIMELINE | S20G2_TOPIC_PHUOC_LONG_1974_1975 | S20D2_CONTEXT_CHIEN_DICH_HO_CHI_MINH_1975","1","1","1","1","1","0.8774346083787277","1","1","","","295","270.4","200"
"g5i_ret_timeline_033","timeline","in_scope","Tuyến sự kiện Các mốc chống Mỹ 1960-1973 gồm những bước nào?","1960 | Tết Mậu Thân | Điện Biên Phủ trên không | Paris | Các mốc chống Mỹ 1960-1973 | ANTI_US_1960_1973_TIMELINE | 1968 | 1972","Việt Nam hóa chiến tranh giai đoạn 1969-1973 | Đồng Khởi là chuyển biến quan trọng ở miền Nam | Mặt trận Dân tộc Giải phóng miền Nam Việt Nam ra đời ngày 20/12/1960 | Năm 1959: Đoàn 559 và đường Trường Sơn | Năm 1974: chuyển biến trước Tổng tiến công 1975 và Phước Long","S20G2_TOPIC_VIET_NAM_HOA_CHIEN_TRANH_1969_1973 | S20G2_SOURCE_DONG_KHOI_CHUYEN_BIEN_MIỀN_NAM_1960 | S20D3_CONTEXT_MAT_TRAN_1960_1220 | S20G2_YEAR_1959_EXPANDED_TIMELINE | S20G2_YEAR_1974_EXPANDED_TIMELINE","1","1","1","0.6","1","0.9070094793460877","1","1","","","344","323.6","200"
"g5i_ret_timeline_034","timeline","in_scope","Kéo lại chuỗi thời gian của Từ Genève 1954 đến Đồng Khởi.","vĩ tuyến 17 | 1959-1960 | Đồng Khởi | Từ Genève 1954 đến Đồng Khởi | GENEVE_1954_TO_DONG_KHOI_TIMELINE | 1954","Đồng Khởi là chuyển biến quan trọng ở miền Nam | Năm 1946: Hiệp định Sơ bộ, Tạm ước và Toàn quốc kháng chiến | Bối cảnh chính của Phong trào Đồng Khởi | Phân biệt Hiệp định Genève 1954 và Hiệp định Paris 1973 | Nguồn trực tiếp: Hiệp định Genève 1954 quy định đình chỉ chiến sự và giới tuyến tạm thời","S20G2_SOURCE_DONG_KHOI_CHUYEN_BIEN_MIỀN_NAM_1960 | S20G2_YEAR_1946_EXPANDED_TIMELINE | S20D2_CONTEXT_DONG_KHOI_1960 | S20D2_COMPARE_GENEVE_1954_PARIS_1973_STRICT | S20D2_SOURCE_GENEVE_1954_DINH_CHI_VI_TUYEN_DIRECT","1","1","1","0.8","1","0.7293965938944228","1","1","","","333","325.2","200"
"g5i_ret_timeline_035","timeline","in_scope","Các mốc trong Từ Việt Bắc 1947 đến Biên giới 1950 đi theo thứ tự nào?","Việt Bắc Thu Đông 1947 | Biên giới Thu Đông 1950 | thế chủ động | Từ Việt Bắc 1947 đến Biên giới 1950 | VIET_BAC_1947_TO_BIEN_GIOI_1950_TIMELINE | Việt Bắc 1947 | Biên giới 1950","Năm 1939: Chiến tranh thế giới thứ hai và Hội nghị Trung ương 6 | Năm 1972: Tiến công chiến lược và Điện Biên Phủ trên không | Năm 1939, Chiến tranh thế giới thứ hai và chuyển hướng chiến lược | Năm 1974: chuyển biến trước Tổng tiến công 1975 và Phước Long | Diễn biến chính thời kỳ 1945-1954","S20G2_YEAR_1939_EXPANDED_TIMELINE | S20G2_YEAR_1972_EXPANDED_TIMELINE | S20G2_TOPIC_1939_THE_CHIEN_TW6 | S20G2_YEAR_1974_EXPANDED_TIMELINE | S20D_PERIOD_1945_1954_CORE","0","1","1","0","0","0","1","1","","no_gold_term_in_top5","360","352","200"
"g5i_ret_timeline_036","timeline","in_scope","Tuyến sự kiện Từ Việt Minh đến Đội Việt Nam Tuyên truyền Giải phóng quân gồm những bước nào?","Việt Minh | 22/12/1944 | lực lượng vũ trang | Từ Việt Minh đến Đội Việt Nam Tuyên truyền Giải phóng quân | VIET_MINH_TO_VNTTGPQ_TIMELINE | 1941","Đường 9 trong Chiến dịch Đường 9 - Nam Lào năm 1971 | Đội Việt Nam Tuyên truyền Giải phóng quân thành lập ngày 22/12/1944 | Hội nghị Trung ương 8 năm 1941 và Việt Minh | Tổng tuyển cử thống nhất dự kiến năm 1956 sau Hiệp định Genève | Năm 1974: chuyển biến trước Tổng tiến công 1975 và Phước Long","S20G2_TOPIC_DUONG_9_NAM_LAO_1971 | S20G2_TOPIC_VNTTGPQ_1944_EXACT_DATE | S20G2_SOURCE_HTW8_1941 | S20G2_TOPIC_1956_TONG_TUYEN_CU | S20G2_YEAR_1974_EXPANDED_TIMELINE","0","1","1","0.4","0.5","0.6934264036172708","1","1","","","333","325.1","200"
"g5i_ret_timeline_037","timeline","in_scope","Kéo lại chuỗi thời gian của Các mốc Việt Nam Dân chủ Cộng hòa lúc mới ra đời.","2/9/1945 | Hiến pháp 1946 | 19/12/1946 | Các mốc Việt Nam Dân chủ Cộng hòa lúc mới ra đời | EARLY_VNDCCH_1945_1946_TIMELINE","Ý nghĩa Cách mạng Tháng Tám 1945 | Phong trào dân chủ 1936-1939 | Năm 1930: Đảng Cộng sản Việt Nam ra đời và cao trào 1930-1931 | Năm 1969: Chính phủ Cách mạng lâm thời và bối cảnh đàm phán | Đảng Cộng sản Việt Nam thành lập năm 1930","S20G2_TOPIC_CACH_MANG_THANG_TAM_MEANING_1945 | S20G2_TOPIC_DAN_CHU_1936_1939 | S20G2_YEAR_1930_EXPANDED_TIMELINE | S20G2_YEAR_1969_EXPANDED_TIMELINE | S20G2_SOURCE_DCSVN_1930_NO_ACCENT","1","1","1","0.6","1","0.9255778587519633","1","1","","","440","430.6","200"
"g5i_ret_timeline_038","timeline","in_scope","Các mốc trong Kháng chiến chống Pháp 1946-1954 đi theo thứ tự nào?","19/12/1946 | Biên giới Thu Đông 1950 | Điện Biên Phủ | Genève | Kháng chiến chống Pháp 1946-1954 | ANTI_FRENCH_1946_1954_TIMELINE | Biên giới 1950 | Điện Biên Phủ 1954","Đại hội II năm 1951 và Đảng Lao động Việt Nam | Năm 1946: Hiệp định Sơ bộ, Tạm ước và Toàn quốc kháng chiến | Phân biệt Hiệp định Genève 1954 và Hiệp định Paris 1973 | Nguồn trực tiếp: Chiến dịch Hòa Bình diễn ra giai đoạn 1951-1952 | Diễn biến chính thời kỳ 1945-1954","S20G2_TOPIC_DAI_HOI_II_1951_DANG_LAO_DONG | S20G2_YEAR_1946_EXPANDED_TIMELINE | S20D2_COMPARE_GENEVE_1954_PARIS_1973_STRICT | S20D2_SOURCE_CHIEN_DICH_HOA_BINH_1951_1952_DIRECT | S20D_PERIOD_1945_1954_CORE","0","1","1","0.6","0.5","0.6731183755935096","1","1","","","350","341.6","200"
"g5i_ret_timeline_039","timeline","in_scope","Tuyến sự kiện Từ Paris 1973 đến 30/4/1975 gồm những bước nào?","Paris | Mỹ rút quân | 30/4/1975 | Từ Paris 1973 đến 30/4/1975 | PARIS_1973_TO_APR30_1975_TIMELINE | Paris 1973","Bối cảnh chính của Chiến dịch Hồ Chí Minh | Phân biệt 30/4/1975 với mốc Quốc hội hoàn tất thống nhất nhà nước | Bối cảnh chính của Hiệp định Paris 1973 | Năm 1974: chuyển biến trước Tổng tiến công 1975 và Phước Long | Ngày 30/4/1975: giải phóng Sài Gòn và kết thúc chiến tranh","S20D2_CONTEXT_CHIEN_DICH_HO_CHI_MINH_1975 | S20D_DISAMBIG_1975_0430_NOT_QUOC_HOI_UNIFICATION | S20D2_CONTEXT_PARIS_1973_DATE | S20G2_YEAR_1974_EXPANDED_TIMELINE | S20D_EXACT_1975_0430_MEANING_STRONG","1","1","1","1","1","0.8571379266421973","1","1","","","681","649.6","200"
"g5i_ret_timeline_040","timeline","in_scope","Kéo lại chuỗi thời gian của Từ Hiệp định Sơ bộ đến Toàn quốc kháng chiến năm 1946.","Hiệp định Sơ bộ | Tạm ước | Toàn quốc kháng chiến | 19/12/1946 | Từ Hiệp định Sơ bộ đến Toàn quốc kháng chiến năm 1946 | HIEP_DINH_SO_BO_TO_TOAN_QUOC_1946_TIMELINE | 6/3/1946 | 14/9/1946","Đấu tranh ngoại giao với Pháp trước 19/12/1946 | Toàn quốc kháng chiến bùng nổ | Hình thành đường lối kháng chiến toàn dân, toàn diện, lâu dài, tự lực cánh sinh | Công bố/lan truyền Lời kêu gọi Toàn quốc kháng chiến | Pháp tấn công và tàn sát dân thường tại Hải Phòng (11-1946) – chuẩn bị toàn quốc kháng chiến","CANON_SUP_E45_074 | CANON_SUP_E45_019 | CANON_SUP_E45_021 | CANON_SUP_E45_020 | EVT_0156","1","1","1","1","1","0.8286865578731786","1","1","","","897","887.7","200"
"g5i_ret_timeline_041","timeline","in_scope","Các mốc trong Từ Buôn Ma Thuột đến Huế trong Tổng tiến công mùa Xuân 1975 đi theo thứ tự nào?","Buôn Ma Thuột | 10/3/1975 | 26/3/1975 | Từ Buôn Ma Thuột đến Huế trong Tổng tiến công mùa Xuân 1975 | BUON_MA_THUOT_TO_HUE_1975_TIMELINE","Ngày 10/3/1975 mở màn chiến dịch Tây Nguyên tại Buôn Ma Thuột | Huế được giải phóng ngày 26/3/1975 | Năm 1975: Tổng tiến công mùa Xuân và giải phóng miền Nam | Chiến thắng Phước Long cuối 1974 - đầu 1975 | Bối cảnh chính của Chiến dịch Hồ Chí Minh","S20G2_EXACT_1975_0310_BUON_MA_THUOT | S20G2_SOURCE_HUE_1975_0326 | S20G2_YEAR_1975_EXPANDED_TIMELINE | S20G2_TOPIC_PHUOC_LONG_1974_1975 | S20D2_CONTEXT_CHIEN_DICH_HO_CHI_MINH_1975","1","1","1","1","1","1","1","1","","","828","821.5","200"
"g5i_ret_timeline_042","timeline","in_scope","Tuyến sự kiện Từ Hà Nội giành chính quyền đến Tuyên ngôn Độc lập gồm những bước nào?","19/8/1945 | Tuyên ngôn Độc lập | Việt Nam Dân chủ Cộng hòa | Từ Hà Nội giành chính quyền đến Tuyên ngôn Độc lập | CMT8_HANOI_TO_DECLARATION_TIMELINE | 2/9/1945","Ý nghĩa Cách mạng Tháng Tám 1945 | Ngày 2/9/1945 - Tuyên ngôn Độc lập tại Ba Đình | Chủ tịch Hồ Chí Minh qua đời | Hòa hoãn với Pháp để đẩy quân Tưởng về nước | Tổng khởi nghĩa thắng lợi ở Sài Gòn","SEM15G_MEANING_CMT8_1945 | SEM15G_EXACT_1945_0902 | CANON_SUP_M75_EVT_0054 | CANON_SUP_E45_015 | CANON_SUP_E079","1","1","1","0.4","1","0.9015146397801767","1","1","","","821","802.3","200"
"g5i_ret_timeline_043","timeline","in_scope","Kéo lại chuỗi thời gian của Ba mốc lớn 1945 - 1954 - 1975.","1945 | 1954 | 1975 | Điện Biên Phủ | Tuyên ngôn Độc lập | Ba mốc lớn 1945 - 1954 - 1975","Năm 1975: Tổng tiến công mùa Xuân và giải phóng miền Nam | Năm 1946: Hiệp định Sơ bộ, Tạm ước và Toàn quốc kháng chiến | Phân biệt Hiệp định Genève 1954 và Hiệp định Paris 1973 | Diễn biến chính thời kỳ 1945-1954 | Ngày 30/4/1975: giải phóng Sài Gòn và kết thúc chiến tranh","S20G2_YEAR_1975_EXPANDED_TIMELINE | S20G2_YEAR_1946_EXPANDED_TIMELINE | S20D2_COMPARE_GENEVE_1954_PARIS_1973_STRICT | S20D_PERIOD_1945_1954_CORE | S20D_EXACT_1975_0430_MEANING_STRONG","1","1","1","0.8","1","0.7484305503882348","1","1","","","515","460.9","200"
"g5i_ret_timeline_044","timeline","in_scope","Các mốc trong Từ Điện Biên Phủ 1954 đến Hiệp định Genève đi theo thứ tự nào?","Điện Biên Phủ | 7/5/1954 | Genève | 1954 | Từ Điện Biên Phủ 1954 đến Hiệp định Genève | DBP_1954_TO_GENEVE_TIMELINE | tháng 7/1954","Ý nghĩa Chiến thắng Điện Biên Phủ 1954 | So sánh Điện Biên Phủ 1954 và Chiến dịch Hồ Chí Minh 1975 | Chiến thắng Điện Biên Phủ - canonical answer evidence | Mốc ngày 7/5/1954 trong lịch sử Việt Nam 1945-1954 | So sánh Chiến dịch Biên giới 1950 và Chiến dịch Điện Biên Phủ 1954","SEM15G_MEANING_DBP_1954 | SEM15G_COMPARE_DBP_HCM | S18B_SEED_S1954_DBP_THANG | S18B_DATE_7_5_1954 | S18B_COMPARE_003","1","1","1","1","1","0.9861752000627321","1","1","","","775","767.4","200"
"g5i_ret_timeline_045","timeline","in_scope","Tuyến sự kiện Từ Genève 1954 đến tổng tuyển cử 1956 không diễn ra gồm những bước nào?","Tổng tuyển cử thống nhất dự kiến năm 1956 sau Hiệp định Genève | Genève | 1956 | Từ Genève 1954 đến tổng tuyển cử 1956 không diễn ra | GENEVE_1954_TO_1956_ELECTION_TIMELINE | 1954 | không được thực hiện | chia cắt","Tổng tuyển cử thống nhất dự kiến năm 1956 sau Hiệp định Genève | Năm 1945: Nhật đảo chính Pháp, Tổng khởi nghĩa và Tuyên ngôn Độc lập | Năm 1972: Tiến công chiến lược và Điện Biên Phủ trên không | Năm 1974: chuyển biến trước Tổng tiến công 1975 và Phước Long | Phân biệt Hiệp định Genève 1954 và Hiệp định Paris 1973","S20G2_TOPIC_1956_TONG_TUYEN_CU | S20G2_YEAR_1945_EXPANDED_TIMELINE | S20G2_YEAR_1972_EXPANDED_TIMELINE | S20G2_YEAR_1974_EXPANDED_TIMELINE | S20D2_COMPARE_GENEVE_1954_PARIS_1973_STRICT","1","1","1","0.4","1","0.8741834107920398","1","1","","","777","733.8","200"
"g5i_ret_comparison_001","comparison","in_scope","Hai vế trong So sánh 30/4/1975 và 2/9/1945 khác nhau thế nào?","30/4/1975 | 2/9/1945 | So sánh 30/4/1975 và 2/9/1945 | APR30_1975_VS_SEP2_1945 | Việt Nam Dân chủ Cộng hòa | kết thúc chiến tranh","Năm 1975: Tổng tiến công mùa Xuân và giải phóng miền Nam | Năm 1939, Chiến tranh thế giới thứ hai và chuyển hướng chiến lược | Năm 1945: Nhật đảo chính Pháp, Tổng khởi nghĩa và Tuyên ngôn Độc lập | Năm 1939: Chiến tranh thế giới thứ hai và Hội nghị Trung ương 6 | Năm 1974: chuyển biến trước Tổng tiến công 1975 và Phước Long","S20G2_YEAR_1975_EXPANDED_TIMELINE | S20G2_TOPIC_1939_THE_CHIEN_TW6 | S20G2_YEAR_1945_EXPANDED_TIMELINE | S20G2_YEAR_1939_EXPANDED_TIMELINE | S20G2_YEAR_1974_EXPANDED_TIMELINE","1","1","1","1","1","0.9486986305340447","1","1","","","769","736.7","200"
"g5i_ret_comparison_002","comparison","in_scope","So sánh ngắn: Nam Bộ kháng chiến và Toàn quốc kháng chiến.","23/9/1945 | 19/12/1946 | Nam Bộ kháng chiến | Toàn quốc kháng chiến | Nam Bộ kháng chiến và Toàn quốc kháng chiến | NAM_BO_VS_TOAN_QUOC_KHANG_CHIEN | khác nhau","Đấu tranh ngoại giao với Pháp trước 19/12/1946 | Toàn quốc kháng chiến bùng nổ | Hình thành đường lối kháng chiến toàn dân, toàn diện, lâu dài, tự lực cánh sinh | Công bố/lan truyền Lời kêu gọi Toàn quốc kháng chiến | Pháp tấn công và tàn sát dân thường tại Hải Phòng (11-1946) – chuẩn bị toàn quốc kháng chiến","CANON_SUP_E45_074 | CANON_SUP_E45_019 | CANON_SUP_E45_021 | CANON_SUP_E45_020 | EVT_0156","1","1","1","1","1","0.7715048544081993","1","1","","","944","932.3","200"
"g5i_ret_comparison_003","comparison","in_scope","Đừng nhầm Hội nghị thành lập Đảng 1930 và Đại hội II 1951, tách ý giúp tôi.","Hội nghị hợp nhất thành lập Đảng | Đại hội II năm 1951 | Đảng Lao động Việt Nam | Hội nghị thành lập Đảng 1930 và Đại hội II 1951 | PARTY_FOUNDING_1930_VS_CONGRESS_II_1951 | 1930 | 1951","Đại hội II năm 1951 và Đảng Lao động Việt Nam | So sánh Đảng Cộng sản Việt Nam và Việt Minh | Đại hội I của Đảng năm 1935 | Đảng Cộng sản Việt Nam thành lập năm 1930 | Hội nghị Trung ương 8 năm 1941 và Việt Minh","S20G2_TOPIC_DAI_HOI_II_1951_DANG_LAO_DONG | S20G2_COMPARE_DCSVN_VIET_MINH | S20G2_TOPIC_DAI_HOI_I_1935 | S20G2_SOURCE_DCSVN_1930_NO_ACCENT | S20G2_SOURCE_HTW8_1941","1","1","1","0.6","1","0.9162515430408725","1","1","","","531","512.4","200"
"g5i_ret_comparison_004","comparison","in_scope","Hai vế trong Chiến dịch Tây Nguyên và Chiến dịch Hồ Chí Minh khác nhau thế nào?","Tây Nguyên | Chiến dịch Hồ Chí Minh | 30/4/1975 | Chiến dịch Tây Nguyên và Chiến dịch Hồ Chí Minh | TAY_NGUYEN_VS_HCM_CAMPAIGN | Tây Nguyên mở đầu","Ý nghĩa Chiến dịch Hồ Chí Minh và Đại thắng mùa Xuân 1975 | Ngày 30/4/1975 - Dinh Độc Lập bị chiếm và chính quyền Sài Gòn đầu hàng | Nguồn chứng minh 30/4/1975 là mốc kết thúc chiến tranh và thống nhất đất nước | So sánh Điện Biên Phủ 1954 và Chiến dịch Hồ Chí Minh 1975 | Trận Buôn Ma Thuột mở màn then chốt","SEM15G_MEANING_HCM_CAMPAIGN_1975 | SEM15G_EXACT_1975_0430 | SEM15G_SOURCE_3041975_END_WAR | SEM15G_COMPARE_DBP_HCM | CANON_SUP_M75_EVT_0063","1","1","1","0.8","1","0.9319268121802669","1","1","","","506","471.6","200"
"g5i_ret_comparison_005","comparison","in_scope","So sánh ngắn: Hiến pháp 1946 và Tuyên ngôn Độc lập.","Hiến pháp 1946 | Tuyên ngôn Độc lập | 2/9/1945 | Hiến pháp 1946 và Tuyên ngôn Độc lập | HIEN_PHAP_1946_VS_TUYEN_NGON","Năm 1945: Nhật đảo chính Pháp, Tổng khởi nghĩa và Tuyên ngôn Độc lập | Năm 1946: Hiệp định Sơ bộ, Tạm ước và Toàn quốc kháng chiến | Nguồn trực tiếp: ngày 2/9/1945 là ngày tuyên bố độc lập | Nguồn trực tiếp: tình thế ngàn cân treo sợi tóc sau 2/9/1945 | Phân biệt Hiệp định Genève 1954 và Hiệp định Paris 1973","S20G2_YEAR_1945_EXPANDED_TIMELINE | S20G2_YEAR_1946_EXPANDED_TIMELINE | S20D2_SOURCE_1945_0902_TUYEN_NGON_STRICT | S20D2_SOURCE_1945_1946_NGAN_CAN_DIRECT | S20D2_COMPARE_GENEVE_1954_PARIS_1973_STRICT","1","1","1","0.8","1","0.9633849967167536","1","1","","","445","436.9","200"
"g5i_ret_comparison_006","comparison","in_scope","Đừng nhầm Đội Việt Nam Tuyên truyền Giải phóng quân và Việt Minh, tách ý giúp tôi.","Việt Minh | 22/12/1944 | lực lượng vũ trang | Đội Việt Nam Tuyên truyền Giải phóng quân và Việt Minh | VNTTGPQ_VS_VIET_MINH | 1941","Đội Việt Nam Tuyên truyền Giải phóng quân thành lập ngày 22/12/1944 | So sánh Đảng Cộng sản Việt Nam và Việt Minh | Việt Nam hóa chiến tranh giai đoạn 1969-1973 | Hội nghị Trung ương 8 năm 1941 và Việt Minh | Phong trào dân chủ 1936-1939","S20G2_TOPIC_VNTTGPQ_1944_EXACT_DATE | S20G2_COMPARE_DCSVN_VIET_MINH | S20G2_TOPIC_VIET_NAM_HOA_CHIEN_TRANH_1969_1973 | S20G2_SOURCE_HTW8_1941 | S20G2_TOPIC_DAN_CHU_1936_1939","1","1","1","0.6","1","0.9392733015604672","1","1","","","358","350.3","200"
"g5i_ret_comparison_007","comparison","in_scope","Hai vế trong Cương lĩnh chính trị đầu tiên và Luận cương chính trị tháng 10/1930 khác nhau thế nào?","Cương lĩnh | Luận cương | Trần Phú | Cương lĩnh chính trị đầu tiên và Luận cương chính trị tháng 10/1930 | CUONG_LINH_VS_LUAN_CUONG_1930","So sánh Cương lĩnh đầu tiên và Luận cương chính trị tháng 10/1930 | Xô viết Nghệ Tĩnh trong cao trào 1930-1931 | Năm 1930: Đảng Cộng sản Việt Nam ra đời và cao trào 1930-1931 | Đảng Cộng sản Việt Nam thành lập năm 1930 | Năm 1939, Chiến tranh thế giới thứ hai và chuyển hướng chiến lược","S17B_COMPARE_002 | S20G2_TOPIC_XO_VIET_NGHE_TINH_1930_1931 | S20G2_YEAR_1930_EXPANDED_TIMELINE | S20G2_SOURCE_DCSVN_1930_NO_ACCENT | S20G2_TOPIC_1939_THE_CHIEN_TW6","1","1","1","1","1","1","1","1","","","367","356.7","200"
"g5i_ret_comparison_008","comparison","in_scope","So sánh ngắn: Hội nghị thành lập Đảng 1930 và Hội nghị Trung ương 8 năm 1941.","Hội nghị hợp nhất thành lập Đảng | Hội nghị Trung ương 8 | Việt Minh | Hội nghị thành lập Đảng 1930 và Hội nghị Trung ương 8 năm 1941 | PARTY_FOUNDING_1930_VS_TW8_1941 | 1930 | 1941","So sánh Hội nghị Trung ương 6 và Hội nghị Trung ương 8 | Hội nghị Trung ương 8 năm 1941 và Việt Minh | Đại hội I của Đảng năm 1935 | Đảng Cộng sản Việt Nam thành lập năm 1930 | Năm 1930: Đảng Cộng sản Việt Nam ra đời và cao trào 1930-1931","S17B_COMPARE_007 | S20G2_SOURCE_HTW8_1941 | S20G2_TOPIC_DAI_HOI_I_1935 | S20G2_SOURCE_DCSVN_1930_NO_ACCENT | S20G2_YEAR_1930_EXPANDED_TIMELINE","1","1","1","0.8","1","0.7347448527581733","1","1","","","360","336.4","200"
"g5i_ret_comparison_009","comparison","in_scope","Đừng nhầm Cách mạng Tháng Tám và kháng chiến chống Pháp, tách ý giúp tôi.","Cách mạng Tháng Tám | kháng chiến chống Pháp | Điện Biên Phủ | Cách mạng Tháng Tám và kháng chiến chống Pháp | CMT8_VS_ANTI_FRENCH_WAR | 1945 | 1946-1954 | chống Pháp","Đại hội II năm 1951 và Đảng Lao động Việt Nam | Ý nghĩa Cách mạng Tháng Tám 1945 | Lời kêu gọi thi đua ái quốc ngày 11/6/1948 | Cao trào kháng Nhật cứu nước năm 1945 | Phong trào dân chủ 1936-1939","S20G2_TOPIC_DAI_HOI_II_1951_DANG_LAO_DONG | S20G2_TOPIC_CACH_MANG_THANG_TAM_MEANING_1945 | S20G2_EXACT_1948_0611_THI_DUA_AI_QUOC | S20G2_TOPIC_KHANG_NHAT_1945 | S20G2_TOPIC_DAN_CHU_1936_1939","0","1","1","0.4","0.5","0.6429102617758694","1","1","","","349","341.2","200"
"g5i_ret_comparison_010","comparison","in_scope","Hai vế trong Phân biệt Buôn Ma Thuột và Huế năm 1975 khác nhau thế nào?","Buôn Ma Thuột | 10/3/1975 | 26/3/1975 | Phân biệt Buôn Ma Thuột và Huế năm 1975 | BUON_MA_THUOT_VS_HUE_1975","Ngày 10/3/1975 mở màn chiến dịch Tây Nguyên tại Buôn Ma Thuột | Huế được giải phóng ngày 26/3/1975 | Chiến thắng Phước Long cuối 1974 - đầu 1975 | Năm 1975: Tổng tiến công mùa Xuân và giải phóng miền Nam | Năm 1974: chuyển biến trước Tổng tiến công 1975 và Phước Long","S20G2_EXACT_1975_0310_BUON_MA_THUOT | S20G2_SOURCE_HUE_1975_0326 | S20G2_TOPIC_PHUOC_LONG_1974_1975 | S20G2_YEAR_1975_EXPANDED_TIMELINE | S20G2_YEAR_1974_EXPANDED_TIMELINE","1","1","1","1","1","1","1","1","","","374","368.2","200"
"g5i_ret_comparison_011","comparison","in_scope","So sánh ngắn: Phân biệt Tết Mậu Thân 1968 và Hiệp định Paris 1973.","Tết Mậu Thân 1968 | Paris 1973 | Mỹ rút quân | Phân biệt Tết Mậu Thân 1968 và Hiệp định Paris 1973 | TET_MAU_THAN_VS_PARIS_1973 | Hiệp định Paris 1973","Năm 1968: Tổng tiến công và nổi dậy Tết Mậu Thân | Năm 1974: chuyển biến trước Tổng tiến công 1975 và Phước Long | Bối cảnh chính của Hiệp định Paris 1973 | Nguồn trực tiếp: cục diện sau Hiệp định Paris | Phân biệt Hiệp định Genève 1954 và Hiệp định Paris 1973","S20G2_YEAR_1968_EXPANDED_TIMELINE | S20G2_YEAR_1974_EXPANDED_TIMELINE | S20D2_CONTEXT_PARIS_1973_DATE | S20D2_SOURCE_CUC_DIEN_SAU_PARIS_1973_1974_DIRECT | S20D2_COMPARE_GENEVE_1954_PARIS_1973_STRICT","1","1","1","0.8","1","0.7581398855694214","1","1","","","345","334.1","200"
"g5i_ret_comparison_012","comparison","in_scope","Đừng nhầm So sánh Hiệp định Sơ bộ và Toàn quốc kháng chiến, tách ý giúp tôi.","Hiệp định Sơ bộ | 6/3/1946 | Toàn quốc kháng chiến | 19/12/1946 | So sánh Hiệp định Sơ bộ và Toàn quốc kháng chiến | HIEP_DINH_SO_BO_VS_TOAN_QUOC_1946 | ngoại giao","Đấu tranh ngoại giao với Pháp trước 19/12/1946 | Toàn quốc kháng chiến bùng nổ | Hình thành đường lối kháng chiến toàn dân, toàn diện, lâu dài, tự lực cánh sinh | Công bố/lan truyền Lời kêu gọi Toàn quốc kháng chiến | Pháp tấn công và tàn sát dân thường tại Hải Phòng (11-1946) – chuẩn bị toàn quốc kháng chiến","CANON_SUP_E45_074 | CANON_SUP_E45_019 | CANON_SUP_E45_021 | CANON_SUP_E45_020 | EVT_0156","1","1","1","1","1","0.8997442385439687","1","1","","","614","590.7","200"
"g5i_ret_comparison_013","comparison","in_scope","Hai vế trong So sánh Chiến dịch Tây Nguyên và Huế - Đà Nẵng năm 1975 khác nhau thế nào?","Tây Nguyên | Buôn Ma Thuột | Đà Nẵng | 26/3/1975 | So sánh Chiến dịch Tây Nguyên và Huế - Đà Nẵng năm 1975 | Huế - Đà Nẵng","Huế được giải phóng ngày 26/3/1975 | Ngày 10/3/1975 mở màn chiến dịch Tây Nguyên tại Buôn Ma Thuột | Năm 1975: Tổng tiến công mùa Xuân và giải phóng miền Nam | Năm 1974: chuyển biến trước Tổng tiến công 1975 và Phước Long | Năm 1939, Chiến tranh thế giới thứ hai và chuyển hướng chiến lược","S20G2_SOURCE_HUE_1975_0326 | S20G2_EXACT_1975_0310_BUON_MA_THUOT | S20G2_YEAR_1975_EXPANDED_TIMELINE | S20G2_YEAR_1974_EXPANDED_TIMELINE | S20G2_TOPIC_1939_THE_CHIEN_TW6","1","1","1","0.8","1","0.8783210668475088","1","1","","","381","361.6","200"
"g5i_ret_comparison_014","comparison","in_scope","So sánh ngắn: Điện Biên Phủ 1954 và Điện Biên Phủ trên không 1972.","dien bien phu tren khong | Điện Biên Phủ 1954 và Điện Biên Phủ trên không 1972 | DBP_1954_VS_AIR_1972 | 1954 chống Pháp | 1972 chống Mỹ","So sánh Điện Biên Phủ 1954 và Điện Biên Phủ trên không 1972 | Năm 1972: Tiến công chiến lược và Điện Biên Phủ trên không | Bối cảnh chính của Điện Biên Phủ trên không | Diễn biến chính thời kỳ 1945-1954 | So sánh Điện Biên Phủ 1954 và Hiệp định Genève 1954","S19B_COMPARE_008 | S20G2_YEAR_1972_EXPANDED_TIMELINE | S20D2_CONTEXT_DBP_TREN_KHONG_1972 | S20D_PERIOD_1945_1954_CORE | S20D_COMPARE_DBP_1954_GENEVE_1954","1","1","1","1","1","1","1","1","","","513","504.1","200"
"g5i_ret_comparison_015","comparison","in_scope","Đừng nhầm Genève 1954 và Paris 1973, tách ý giúp tôi.","paris | geneve | Genève 1954 và Paris 1973 | GENEVE_1954_VS_PARIS_1973 | Genève 1954 | Paris 1973 | vĩ tuyến 17 | Mỹ rút quân","Tổng tuyển cử thống nhất dự kiến năm 1956 sau Hiệp định Genève | Năm 1972: Tiến công chiến lược và Điện Biên Phủ trên không | Năm 1974: chuyển biến trước Tổng tiến công 1975 và Phước Long | Bối cảnh chính của Hiệp định Paris 1973 | Nguồn trực tiếp: cục diện sau Hiệp định Paris","S20G2_TOPIC_1956_TONG_TUYEN_CU | S20G2_YEAR_1972_EXPANDED_TIMELINE | S20G2_YEAR_1974_EXPANDED_TIMELINE | S20D2_CONTEXT_PARIS_1973_DATE | S20D2_SOURCE_CUC_DIEN_SAU_PARIS_1973_1974_DIRECT","1","1","1","0.6","1","0.685365472295104","1","1","","","501","492.8","200"
"g5i_ret_comparison_016","comparison","in_scope","Hai vế trong Việt Minh và Mặt trận Dân tộc Giải phóng miền Nam khác nhau thế nào?","viet minh | Việt Minh và Mặt trận Dân tộc Giải phóng miền Nam | VIET_MINH_VS_NLF | Việt Minh 1941 | 20/12/1960 | khác bối cảnh | MTDTGPMN 1960","Mặt trận Dân tộc Giải phóng miền Nam Việt Nam ra đời ngày 20/12/1960 | Đồng Khởi là chuyển biến quan trọng ở miền Nam | Hội nghị Trung ương 8 năm 1941 và Việt Minh | Năm 1975: Tổng tiến công mùa Xuân và giải phóng miền Nam | Năm 1939, Chiến tranh thế giới thứ hai và chuyển hướng chiến lược","S20D3_CONTEXT_MAT_TRAN_1960_1220 | S20G2_SOURCE_DONG_KHOI_CHUYEN_BIEN_MIỀN_NAM_1960 | S20G2_SOURCE_HTW8_1941 | S20G2_YEAR_1975_EXPANDED_TIMELINE | S20G2_TOPIC_1939_THE_CHIEN_TW6","1","1","1","0.6","1","0.9753383386153195","1","1","","","575","374.3","200"
"g5i_ret_comparison_017","comparison","in_scope","So sánh ngắn: So sánh Biên giới 1950 và Điện Biên Phủ 1954.","So sánh Chiến dịch Biên giới 1950 và Chiến dịch Điện Biên Phủ 1954 | So sánh Biên giới 1950 và Điện Biên Phủ 1954 | BIEN_GIOI_1950_VS_DBP_1954 | Biên giới Thu Đông 1950 | khai thông biên giới | Điện Biên Phủ 1954 | 7/5/1954 | kháng chiến chống Pháp","Ý nghĩa Chiến thắng Điện Biên Phủ 1954 | So sánh Điện Biên Phủ 1954 và Chiến dịch Hồ Chí Minh 1975 | Chiến thắng Điện Biên Phủ - canonical answer evidence | Mốc ngày 7/5/1954 trong lịch sử Việt Nam 1945-1954 | So sánh Chiến dịch Biên giới 1950 và Chiến dịch Điện Biên Phủ 1954","SEM15G_MEANING_DBP_1954 | SEM15G_COMPARE_DBP_HCM | S18B_SEED_S1954_DBP_THANG | S18B_DATE_7_5_1954 | S18B_COMPARE_003","1","1","1","1","1","0.9507646162411075","1","1","","","669","650.5","200"
"g5i_ret_comparison_018","comparison","in_scope","Đừng nhầm So sánh Việt Bắc 1947 và Biên giới 1950, tách ý giúp tôi.","So sánh Chiến dịch Việt Bắc 1947 và Chiến dịch Biên giới 1950 | So sánh Việt Bắc 1947 và Biên giới 1950 | VIET_BAC_1947_VS_BIEN_GIOI_1950 | Việt Bắc Thu Đông 1947 | bảo vệ căn cứ | Biên giới Thu Đông 1950 | khai thông biên giới | Biên giới Thu Đông 1950 diễn ra sau","So sánh Chiến dịch Việt Bắc 1947 và Chiến dịch Biên giới 1950 | Năm 1939: Chiến tranh thế giới thứ hai và Hội nghị Trung ương 6 | So sánh Đảng Cộng sản Việt Nam và Việt Minh | Diễn biến chính thời kỳ 1945-1954 | So sánh Điện Biên Phủ 1954 và Hiệp định Genève 1954","S18B_COMPARE_002 | S20G2_YEAR_1939_EXPANDED_TIMELINE | S20G2_COMPARE_DCSVN_VIET_MINH | S20D_PERIOD_1945_1954_CORE | S20D_COMPARE_DBP_1954_GENEVE_1954","1","1","1","0.2","1","1","1","1","","","673","658.6","200"
"g5i_ret_comparison_019","comparison","in_scope","Hai vế trong So sánh Xô viết Nghệ Tĩnh và Cách mạng Tháng Tám khác nhau thế nào?","Xô viết Nghệ Tĩnh trong cao trào 1930-1931 | So sánh Xô viết Nghệ Tĩnh và Cách mạng Tháng Tám | XO_VIET_NGHE_TINH_VS_CMT8 | 1930-1931 | Cách mạng Tháng Tám 1945 | giành chính quyền | khác thời điểm","So sánh Xô viết Nghệ Tĩnh và Cách mạng Tháng Tám 1945 | Xô viết Nghệ Tĩnh trong cao trào 1930-1931 | Ý nghĩa Cách mạng Tháng Tám 1945 | Đồng Khởi là chuyển biến quan trọng ở miền Nam | Cao trào kháng Nhật cứu nước năm 1945","S17B_COMPARE_003 | S20G2_TOPIC_XO_VIET_NGHE_TINH_1930_1931 | S20G2_TOPIC_CACH_MANG_THANG_TAM_MEANING_1945 | S20G2_SOURCE_DONG_KHOI_CHUYEN_BIEN_MIỀN_NAM_1960 | S20G2_TOPIC_KHANG_NHAT_1945","1","1","1","0.8","1","0.9930990831232537","1","1","","","684","676.3","200"
"g5i_ret_comparison_020","comparison","in_scope","So sánh ngắn: So sánh Đồng Khởi và Tết Mậu Thân 1968.","So sánh Đồng Khởi và Tết Mậu Thân 1968 | DONG_KHOI_VS_TET_1968 | 1959-1960 | 1968 | khác thời điểm | tác động chính trị","So sánh Đồng Khởi và Tết Mậu Thân 1968 | Đồng Khởi là chuyển biến quan trọng ở miền Nam | Năm 1968: Tổng tiến công và nổi dậy Tết Mậu Thân | Năm 1959: Đoàn 559 và đường Trường Sơn | Năm 1975: Tổng tiến công mùa Xuân và giải phóng miền Nam","S19B_COMPARE_004 | S20G2_SOURCE_DONG_KHOI_CHUYEN_BIEN_MIỀN_NAM_1960 | S20G2_YEAR_1968_EXPANDED_TIMELINE | S20G2_YEAR_1959_EXPANDED_TIMELINE | S20G2_YEAR_1975_EXPANDED_TIMELINE","1","1","1","0.8","1","0.9764621540124053","1","1","","","583","496.5","200"
"g5i_ret_comparison_021","comparison","in_scope","Đừng nhầm So sánh 30/4/1975 và 2/9/1945, tách ý giúp tôi.","30/4/1975 | 2/9/1945 | So sánh 30/4/1975 và 2/9/1945 | APR30_1975_VS_SEP2_1945 | Việt Nam Dân chủ Cộng hòa | kết thúc chiến tranh","Năm 1975: Tổng tiến công mùa Xuân và giải phóng miền Nam | Năm 1945: Nhật đảo chính Pháp, Tổng khởi nghĩa và Tuyên ngôn Độc lập | Bối cảnh chính của Chiến dịch Hồ Chí Minh | Phân biệt 30/4/1975 với mốc Quốc hội hoàn tất thống nhất nhà nước | Ngày 30/4/1975: giải phóng Sài Gòn và kết thúc chiến tranh","S20G2_YEAR_1975_EXPANDED_TIMELINE | S20G2_YEAR_1945_EXPANDED_TIMELINE | S20D2_CONTEXT_CHIEN_DICH_HO_CHI_MINH_1975 | S20D_DISAMBIG_1975_0430_NOT_QUOC_HOI_UNIFICATION | S20D_EXACT_1975_0430_MEANING_STRONG","1","1","1","1","1","0.8054968807011897","1","1","","","317","291.9","200"
"g5i_ret_comparison_022","comparison","in_scope","Hai vế trong Nam Bộ kháng chiến và Toàn quốc kháng chiến khác nhau thế nào?","23/9/1945 | 19/12/1946 | Nam Bộ kháng chiến | Toàn quốc kháng chiến | Nam Bộ kháng chiến và Toàn quốc kháng chiến | NAM_BO_VS_TOAN_QUOC_KHANG_CHIEN | khác nhau","Đấu tranh ngoại giao với Pháp trước 19/12/1946 | Toàn quốc kháng chiến bùng nổ | Hình thành đường lối kháng chiến toàn dân, toàn diện, lâu dài, tự lực cánh sinh | Công bố/lan truyền Lời kêu gọi Toàn quốc kháng chiến | Pháp tấn công và tàn sát dân thường tại Hải Phòng (11-1946) – chuẩn bị toàn quốc kháng chiến","CANON_SUP_E45_074 | CANON_SUP_E45_019 | CANON_SUP_E45_021 | CANON_SUP_E45_020 | EVT_0156","1","1","1","1","1","0.7715048544081993","1","1","","","549","539.8","200"
"g5i_ret_comparison_023","comparison","in_scope","So sánh ngắn: Hội nghị thành lập Đảng 1930 và Đại hội II 1951.","Hội nghị hợp nhất thành lập Đảng | Đại hội II năm 1951 | Đảng Lao động Việt Nam | Hội nghị thành lập Đảng 1930 và Đại hội II 1951 | PARTY_FOUNDING_1930_VS_CONGRESS_II_1951 | 1930 | 1951","So sánh Hội nghị Trung ương 6 và Hội nghị Trung ương 8 | Đại hội II năm 1951 và Đảng Lao động Việt Nam | Đại hội I của Đảng năm 1935 | Đảng Cộng sản Việt Nam thành lập năm 1930 | Hội nghị Trung ương 8 năm 1941 và Việt Minh","S17B_COMPARE_007 | S20G2_TOPIC_DAI_HOI_II_1951_DANG_LAO_DONG | S20G2_TOPIC_DAI_HOI_I_1935 | S20G2_SOURCE_DCSVN_1930_NO_ACCENT | S20G2_SOURCE_HTW8_1941","0","1","1","0.4","0.5","0.6476567400105259","1","1","","","570","538","200"
"g5i_ret_comparison_024","comparison","in_scope","Đừng nhầm Chiến dịch Tây Nguyên và Chiến dịch Hồ Chí Minh, tách ý giúp tôi.","Tây Nguyên | Chiến dịch Hồ Chí Minh | 30/4/1975 | Chiến dịch Tây Nguyên và Chiến dịch Hồ Chí Minh | TAY_NGUYEN_VS_HCM_CAMPAIGN | Tây Nguyên mở đầu","Ý nghĩa Chiến dịch Hồ Chí Minh và Đại thắng mùa Xuân 1975 | Ngày 30/4/1975 - Dinh Độc Lập bị chiếm và chính quyền Sài Gòn đầu hàng | Nguồn chứng minh 30/4/1975 là mốc kết thúc chiến tranh và thống nhất đất nước | So sánh Điện Biên Phủ 1954 và Chiến dịch Hồ Chí Minh 1975 | Trận Buôn Ma Thuột mở màn then chốt","SEM15G_MEANING_HCM_CAMPAIGN_1975 | SEM15G_EXACT_1975_0430 | SEM15G_SOURCE_3041975_END_WAR | SEM15G_COMPARE_DBP_HCM | CANON_SUP_M75_EVT_0063","1","1","1","0.8","1","0.9319268121802669","1","1","","","612","602.7","200"
"g5i_ret_comparison_025","comparison","in_scope","Hai vế trong Hiến pháp 1946 và Tuyên ngôn Độc lập khác nhau thế nào?","Hiến pháp 1946 | Tuyên ngôn Độc lập | 2/9/1945 | Hiến pháp 1946 và Tuyên ngôn Độc lập | HIEN_PHAP_1946_VS_TUYEN_NGON","Năm 1945: Nhật đảo chính Pháp, Tổng khởi nghĩa và Tuyên ngôn Độc lập | Năm 1946: Hiệp định Sơ bộ, Tạm ước và Toàn quốc kháng chiến | Năm 1939, Chiến tranh thế giới thứ hai và chuyển hướng chiến lược | Nguồn trực tiếp: ngày 2/9/1945 là ngày tuyên bố độc lập | So sánh Đảng Cộng sản Việt Nam và Việt Minh","S20G2_YEAR_1945_EXPANDED_TIMELINE | S20G2_YEAR_1946_EXPANDED_TIMELINE | S20G2_TOPIC_1939_THE_CHIEN_TW6 | S20D2_SOURCE_1945_0902_TUYEN_NGON_STRICT | S20G2_COMPARE_DCSVN_VIET_MINH","1","1","1","0.6","1","0.981937092085501","1","1","","","536","529.6","200"
"g5i_ret_comparison_026","comparison","in_scope","So sánh ngắn: Đội Việt Nam Tuyên truyền Giải phóng quân và Việt Minh.","Việt Minh | 22/12/1944 | lực lượng vũ trang | Đội Việt Nam Tuyên truyền Giải phóng quân và Việt Minh | VNTTGPQ_VS_VIET_MINH | 1941","Việt Nam hóa chiến tranh giai đoạn 1969-1973 | Đường 9 trong Chiến dịch Đường 9 - Nam Lào năm 1971 | Đội Việt Nam Tuyên truyền Giải phóng quân thành lập ngày 22/12/1944 | Hội nghị Trung ương 8 năm 1941 và Việt Minh | Nguồn trực tiếp: Hiệp định Genève 1954 quy định đình chỉ chiến sự và giới tuyến tạm thời","S20G2_TOPIC_VIET_NAM_HOA_CHIEN_TRANH_1969_1973 | S20G2_TOPIC_DUONG_9_NAM_LAO_1971 | S20G2_TOPIC_VNTTGPQ_1944_EXACT_DATE | S20G2_SOURCE_HTW8_1941 | S20D2_SOURCE_GENEVE_1954_DINH_CHI_VI_TUYEN_DIRECT","0","1","1","0.4","0.3333333333333333","0.5706417189553201","1","1","","","332","325.3","200"
"g5i_ret_comparison_027","comparison","in_scope","Đừng nhầm Cương lĩnh chính trị đầu tiên và Luận cương chính trị tháng 10/1930, tách ý giúp tôi.","Cương lĩnh | Luận cương | Trần Phú | Cương lĩnh chính trị đầu tiên và Luận cương chính trị tháng 10/1930 | CUONG_LINH_VS_LUAN_CUONG_1930","Năm 1930: Đảng Cộng sản Việt Nam ra đời và cao trào 1930-1931 | Đảng Cộng sản Việt Nam thành lập năm 1930 | So sánh Đảng Cộng sản Việt Nam và Việt Minh | Đồng Khởi là chuyển biến quan trọng ở miền Nam | Phong trào dân chủ 1936-1939","S20G2_YEAR_1930_EXPANDED_TIMELINE | S20G2_SOURCE_DCSVN_1930_NO_ACCENT | S20G2_COMPARE_DCSVN_VIET_MINH | S20G2_SOURCE_DONG_KHOI_CHUYEN_BIEN_MIỀN_NAM_1960 | S20G2_TOPIC_DAN_CHU_1936_1939","1","1","1","0.4","1","1","1","1","","","486","474.6","200"
"g5i_ret_comparison_028","comparison","in_scope","Hai vế trong Hội nghị thành lập Đảng 1930 và Hội nghị Trung ương 8 năm 1941 khác nhau thế nào?","Hội nghị hợp nhất thành lập Đảng | Hội nghị Trung ương 8 | Việt Minh | Hội nghị thành lập Đảng 1930 và Hội nghị Trung ương 8 năm 1941 | PARTY_FOUNDING_1930_VS_TW8_1941 | 1930 | 1941","So sánh Hội nghị Trung ương 6 và Hội nghị Trung ương 8 | Hội nghị Trung ương 8 năm 1941 và Việt Minh | Đảng Cộng sản Việt Nam thành lập năm 1930 | Đại hội I của Đảng năm 1935 | Năm 1939: Chiến tranh thế giới thứ hai và Hội nghị Trung ương 6","S17B_COMPARE_007 | S20G2_SOURCE_HTW8_1941 | S20G2_SOURCE_DCSVN_1930_NO_ACCENT | S20G2_TOPIC_DAI_HOI_I_1935 | S20G2_YEAR_1939_EXPANDED_TIMELINE","1","1","1","0.8","1","0.7549046857598349","1","1","","","523","498.5","200"
"g5i_ret_comparison_029","comparison","in_scope","So sánh ngắn: Cách mạng Tháng Tám và kháng chiến chống Pháp.","Cách mạng Tháng Tám | kháng chiến chống Pháp | Điện Biên Phủ | Cách mạng Tháng Tám và kháng chiến chống Pháp | CMT8_VS_ANTI_FRENCH_WAR | 1945 | 1946-1954 | chống Pháp","Đại hội II năm 1951 và Đảng Lao động Việt Nam | Ý nghĩa Cách mạng Tháng Tám 1945 | Cao trào kháng Nhật cứu nước năm 1945 | Lời kêu gọi thi đua ái quốc ngày 11/6/1948 | Xô viết Nghệ Tĩnh trong cao trào 1930-1931","S20G2_TOPIC_DAI_HOI_II_1951_DANG_LAO_DONG | S20G2_TOPIC_CACH_MANG_THANG_TAM_MEANING_1945 | S20G2_TOPIC_KHANG_NHAT_1945 | S20G2_EXACT_1948_0611_THI_DUA_AI_QUOC | S20G2_TOPIC_XO_VIET_NGHE_TINH_1930_1931","0","1","1","0.4","0.5","0.6683833590919755","1","1","","","438","430.8","200"
"g5i_ret_comparison_030","comparison","in_scope","Đừng nhầm Phân biệt Buôn Ma Thuột và Huế năm 1975, tách ý giúp tôi.","Buôn Ma Thuột | 10/3/1975 | 26/3/1975 | Phân biệt Buôn Ma Thuột và Huế năm 1975 | BUON_MA_THUOT_VS_HUE_1975","Ngày 10/3/1975 mở màn chiến dịch Tây Nguyên tại Buôn Ma Thuột | Huế được giải phóng ngày 26/3/1975 | Chiến thắng Bình Giã 1964 | Năm 1975: Tổng tiến công mùa Xuân và giải phóng miền Nam | Phong trào dân chủ 1936-1939","S20G2_EXACT_1975_0310_BUON_MA_THUOT | S20G2_SOURCE_HUE_1975_0326 | S20G2_TOPIC_BINH_GIA_1964 | S20G2_YEAR_1975_EXPANDED_TIMELINE | S20G2_TOPIC_DAN_CHU_1936_1939","1","1","1","0.6","1","0.9720500790085967","1","1","","","457","450.7","200"
"g5i_ret_comparison_031","comparison","in_scope","Hai vế trong Phân biệt Tết Mậu Thân 1968 và Hiệp định Paris 1973 khác nhau thế nào?","Tết Mậu Thân 1968 | Paris 1973 | Mỹ rút quân | Phân biệt Tết Mậu Thân 1968 và Hiệp định Paris 1973 | TET_MAU_THAN_VS_PARIS_1973 | Hiệp định Paris 1973","Năm 1968: Tổng tiến công và nổi dậy Tết Mậu Thân | Năm 1974: chuyển biến trước Tổng tiến công 1975 và Phước Long | Bối cảnh chính của Hiệp định Paris 1973 | Nguồn trực tiếp: cục diện sau Hiệp định Paris | So sánh Đảng Cộng sản Việt Nam và Việt Minh","S20G2_YEAR_1968_EXPANDED_TIMELINE | S20G2_YEAR_1974_EXPANDED_TIMELINE | S20D2_CONTEXT_PARIS_1973_DATE | S20D2_SOURCE_CUC_DIEN_SAU_PARIS_1973_1974_DIRECT | S20G2_COMPARE_DCSVN_VIET_MINH","1","1","1","0.6","1","0.7413818018831633","1","1","","","303","296.7","200"
"g5i_ret_comparison_032","comparison","in_scope","So sánh ngắn: So sánh Hiệp định Sơ bộ và Toàn quốc kháng chiến.","Hiệp định Sơ bộ | 6/3/1946 | Toàn quốc kháng chiến | 19/12/1946 | So sánh Hiệp định Sơ bộ và Toàn quốc kháng chiến | HIEP_DINH_SO_BO_VS_TOAN_QUOC_1946 | ngoại giao","Đấu tranh ngoại giao với Pháp trước 19/12/1946 | Toàn quốc kháng chiến bùng nổ | Hình thành đường lối kháng chiến toàn dân, toàn diện, lâu dài, tự lực cánh sinh | Công bố/lan truyền Lời kêu gọi Toàn quốc kháng chiến | Pháp tấn công và tàn sát dân thường tại Hải Phòng (11-1946) – chuẩn bị toàn quốc kháng chiến","CANON_SUP_E45_074 | CANON_SUP_E45_019 | CANON_SUP_E45_021 | CANON_SUP_E45_020 | EVT_0156","1","1","1","1","1","0.8997442385439687","1","1","","","480","470","200"
"g5i_ret_comparison_033","comparison","in_scope","Đừng nhầm So sánh Chiến dịch Tây Nguyên và Huế - Đà Nẵng năm 1975, tách ý giúp tôi.","Tây Nguyên | Buôn Ma Thuột | Đà Nẵng | 26/3/1975 | So sánh Chiến dịch Tây Nguyên và Huế - Đà Nẵng năm 1975 | Huế - Đà Nẵng","Ngày 10/3/1975 mở màn chiến dịch Tây Nguyên tại Buôn Ma Thuột | Huế được giải phóng ngày 26/3/1975 | Năm 1975: Tổng tiến công mùa Xuân và giải phóng miền Nam | Năm 1974: chuyển biến trước Tổng tiến công 1975 và Phước Long | So sánh Điện Biên Phủ 1954 và Chiến dịch Hồ Chí Minh 1975","S20G2_EXACT_1975_0310_BUON_MA_THUOT | S20G2_SOURCE_HUE_1975_0326 | S20G2_YEAR_1975_EXPANDED_TIMELINE | S20G2_YEAR_1974_EXPANDED_TIMELINE | S20D_COMPARE_DBP_1954_HCM_1975","1","1","1","1","1","1","1","1","","","485","479.1","200"
"g5i_ret_comparison_034","comparison","in_scope","Hai vế trong Điện Biên Phủ 1954 và Điện Biên Phủ trên không 1972 khác nhau thế nào?","dien bien phu tren khong | Điện Biên Phủ 1954 và Điện Biên Phủ trên không 1972 | DBP_1954_VS_AIR_1972 | 1954 chống Pháp | 1972 chống Mỹ","So sánh Điện Biên Phủ 1954 và Điện Biên Phủ trên không 1972 | Năm 1972: Tiến công chiến lược và Điện Biên Phủ trên không | Năm 1974: chuyển biến trước Tổng tiến công 1975 và Phước Long | Bối cảnh chính của Điện Biên Phủ trên không | Diễn biến chính thời kỳ 1945-1954","S19B_COMPARE_008 | S20G2_YEAR_1972_EXPANDED_TIMELINE | S20G2_YEAR_1974_EXPANDED_TIMELINE | S20D2_CONTEXT_DBP_TREN_KHONG_1972 | S20D_PERIOD_1945_1954_CORE","1","1","1","0.8","1","0.9640933567700393","1","1","","","470","457.8","200"
"g5i_ret_comparison_035","comparison","in_scope","So sánh ngắn: Genève 1954 và Paris 1973.","paris | geneve | Genève 1954 và Paris 1973 | GENEVE_1954_VS_PARIS_1973 | Genève 1954 | Paris 1973 | vĩ tuyến 17 | Mỹ rút quân","Phân biệt Hiệp định Genève 1954 và Hiệp định Paris 1973 | So sánh Hiệp định Genève 1954 và Hiệp định Paris 1973 | So sánh Hiệp định Genève 1954 và Hiệp định Paris 1973 | Phân biệt Hiệp định Genève 1954 và Hiệp định Paris 1973 | Năm 1974: chuyển biến trước Tổng tiến công 1975 và Phước Long","S20D2_COMPARE_GENEVE_1954_PARIS_1973_STRICT | S19B_COMPARE_001 | SEM15G_COMPARE_GENEVE_PARIS | S19B3_COMPARE_GENEVE_PARIS | S20G2_YEAR_1974_EXPANDED_TIMELINE","1","1","1","0.8","1","1","1","1","","","480","468.9","200"
"g5i_ret_comparison_036","comparison","in_scope","Đừng nhầm Việt Minh và Mặt trận Dân tộc Giải phóng miền Nam, tách ý giúp tôi.","viet minh | Việt Minh và Mặt trận Dân tộc Giải phóng miền Nam | VIET_MINH_VS_NLF | Việt Minh 1941 | 20/12/1960 | khác bối cảnh | MTDTGPMN 1960","So sánh Đảng Cộng sản Việt Nam và Việt Minh | Đồng Khởi là chuyển biến quan trọng ở miền Nam | Hội nghị Trung ương 8 năm 1941 và Việt Minh | Ý nghĩa Cách mạng Tháng Tám 1945 | Phong trào dân chủ 1936-1939","S20G2_COMPARE_DCSVN_VIET_MINH | S20G2_SOURCE_DONG_KHOI_CHUYEN_BIEN_MIỀN_NAM_1960 | S20G2_SOURCE_HTW8_1941 | S20G2_TOPIC_CACH_MANG_THANG_TAM_MEANING_1945 | S20G2_TOPIC_DAN_CHU_1936_1939","1","1","1","0.6","1","0.9753383386153195","1","1","","","310","292.6","200"
"g5i_ret_comparison_037","comparison","in_scope","Hai vế trong So sánh Biên giới 1950 và Điện Biên Phủ 1954 khác nhau thế nào?","So sánh Chiến dịch Biên giới 1950 và Chiến dịch Điện Biên Phủ 1954 | So sánh Biên giới 1950 và Điện Biên Phủ 1954 | BIEN_GIOI_1950_VS_DBP_1954 | Biên giới Thu Đông 1950 | khai thông biên giới | Điện Biên Phủ 1954 | 7/5/1954 | kháng chiến chống Pháp","Ý nghĩa Chiến thắng Điện Biên Phủ 1954 | So sánh Điện Biên Phủ 1954 và Chiến dịch Hồ Chí Minh 1975 | Chiến thắng Điện Biên Phủ - canonical answer evidence | Mốc ngày 7/5/1954 trong lịch sử Việt Nam 1945-1954 | So sánh Chiến dịch Biên giới 1950 và Chiến dịch Điện Biên Phủ 1954","SEM15G_MEANING_DBP_1954 | SEM15G_COMPARE_DBP_HCM | S18B_SEED_S1954_DBP_THANG | S18B_DATE_7_5_1954 | S18B_COMPARE_003","1","1","1","1","1","0.9507646162411075","1","1","","","631","613.4","200"
"g5i_ret_comparison_038","comparison","in_scope","So sánh ngắn: So sánh Việt Bắc 1947 và Biên giới 1950.","So sánh Chiến dịch Việt Bắc 1947 và Chiến dịch Biên giới 1950 | So sánh Việt Bắc 1947 và Biên giới 1950 | VIET_BAC_1947_VS_BIEN_GIOI_1950 | Việt Bắc Thu Đông 1947 | bảo vệ căn cứ | Biên giới Thu Đông 1950 | khai thông biên giới | Biên giới Thu Đông 1950 diễn ra sau","So sánh Chiến dịch Việt Bắc 1947 và Chiến dịch Biên giới 1950 | So sánh Đảng Cộng sản Việt Nam và Việt Minh | Diễn biến chính thời kỳ 1945-1954 | So sánh Điện Biên Phủ 1954 và Hiệp định Genève 1954 | So sánh Điện Biên Phủ 1954 và Chiến dịch Hồ Chí Minh 1975","S18B_COMPARE_002 | S20G2_COMPARE_DCSVN_VIET_MINH | S20D_PERIOD_1945_1954_CORE | S20D_COMPARE_DBP_1954_GENEVE_1954 | S20D_COMPARE_DBP_1954_HCM_1975","1","1","1","0.4","1","0.9701029298611974","1","1","","","624","596.9","200"
"g5i_ret_comparison_039","comparison","in_scope","Đừng nhầm So sánh Xô viết Nghệ Tĩnh và Cách mạng Tháng Tám, tách ý giúp tôi.","Xô viết Nghệ Tĩnh trong cao trào 1930-1931 | So sánh Xô viết Nghệ Tĩnh và Cách mạng Tháng Tám | XO_VIET_NGHE_TINH_VS_CMT8 | 1930-1931 | Cách mạng Tháng Tám 1945 | giành chính quyền | khác thời điểm","So sánh Xô viết Nghệ Tĩnh và Cách mạng Tháng Tám 1945 | Xô viết Nghệ Tĩnh trong cao trào 1930-1931 | Ý nghĩa Cách mạng Tháng Tám 1945 | Phong trào dân chủ 1936-1939 | Nguồn trực tiếp: Bình dân học vụ chống nạn mù chữ sau Cách mạng Tháng Tám","S17B_COMPARE_003 | S20G2_TOPIC_XO_VIET_NGHE_TINH_1930_1931 | S20G2_TOPIC_CACH_MANG_THANG_TAM_MEANING_1945 | S20G2_TOPIC_DAN_CHU_1936_1939 | S20D2_SOURCE_BINH_DAN_HOC_VU_DIRECT","1","1","1","0.8","1","0.9930990831232537","1","1","","","640","634","200"
"g5i_ret_comparison_040","comparison","in_scope","Hai vế trong So sánh Đồng Khởi và Tết Mậu Thân 1968 khác nhau thế nào?","So sánh Đồng Khởi và Tết Mậu Thân 1968 | DONG_KHOI_VS_TET_1968 | 1959-1960 | 1968 | khác thời điểm | tác động chính trị","So sánh Đồng Khởi và Tết Mậu Thân 1968 | Đồng Khởi là chuyển biến quan trọng ở miền Nam | Năm 1968: Tổng tiến công và nổi dậy Tết Mậu Thân | Năm 1939, Chiến tranh thế giới thứ hai và chuyển hướng chiến lược | Năm 1945: Nhật đảo chính Pháp, Tổng khởi nghĩa và Tuyên ngôn Độc lập","S19B_COMPARE_004 | S20G2_SOURCE_DONG_KHOI_CHUYEN_BIEN_MIỀN_NAM_1960 | S20G2_YEAR_1968_EXPANDED_TIMELINE | S20G2_TOPIC_1939_THE_CHIEN_TW6 | S20G2_YEAR_1945_EXPANDED_TIMELINE","1","1","1","0.6","1","0.9749209983281145","1","1","","","581","571.7","200"
"g5i_ret_comparison_041","comparison","in_scope","So sánh ngắn: So sánh 30/4/1975 và 2/9/1945.","30/4/1975 | 2/9/1945 | So sánh 30/4/1975 và 2/9/1945 | APR30_1975_VS_SEP2_1945 | Việt Nam Dân chủ Cộng hòa | kết thúc chiến tranh","So sánh Đảng Cộng sản Việt Nam và Việt Minh | Phân biệt 30/4/1975 với mốc Quốc hội hoàn tất thống nhất nhà nước | Ngày 30/4/1975: giải phóng Sài Gòn và kết thúc chiến tranh | So sánh Điện Biên Phủ 1954 và Hiệp định Genève 1954 | So sánh Điện Biên Phủ 1954 và Chiến dịch Hồ Chí Minh 1975","S20G2_COMPARE_DCSVN_VIET_MINH | S20D_DISAMBIG_1975_0430_NOT_QUOC_HOI_UNIFICATION | S20D_EXACT_1975_0430_MEANING_STRONG | S20D_COMPARE_DBP_1954_GENEVE_1954 | S20D_COMPARE_DBP_1954_HCM_1975","1","1","1","0.8","1","0.7556830293131167","1","1","","","323","279.7","200"
"g5i_ret_comparison_042","comparison","in_scope","Đừng nhầm Nam Bộ kháng chiến và Toàn quốc kháng chiến, tách ý giúp tôi.","23/9/1945 | 19/12/1946 | Nam Bộ kháng chiến | Toàn quốc kháng chiến | Nam Bộ kháng chiến và Toàn quốc kháng chiến | NAM_BO_VS_TOAN_QUOC_KHANG_CHIEN | khác nhau","Đấu tranh ngoại giao với Pháp trước 19/12/1946 | Toàn quốc kháng chiến bùng nổ | Hình thành đường lối kháng chiến toàn dân, toàn diện, lâu dài, tự lực cánh sinh | Công bố/lan truyền Lời kêu gọi Toàn quốc kháng chiến | Pháp tấn công và tàn sát dân thường tại Hải Phòng (11-1946) – chuẩn bị toàn quốc kháng chiến","CANON_SUP_E45_074 | CANON_SUP_E45_019 | CANON_SUP_E45_021 | CANON_SUP_E45_020 | EVT_0156","1","1","1","1","1","0.7715048544081993","1","1","","","526","520.1","200"
"g5i_ret_comparison_043","comparison","in_scope","Hai vế trong Hội nghị thành lập Đảng 1930 và Đại hội II 1951 khác nhau thế nào?","Hội nghị hợp nhất thành lập Đảng | Đại hội II năm 1951 | Đảng Lao động Việt Nam | Hội nghị thành lập Đảng 1930 và Đại hội II 1951 | PARTY_FOUNDING_1930_VS_CONGRESS_II_1951 | 1930 | 1951","So sánh Hội nghị Trung ương 6 và Hội nghị Trung ương 8 | Đại hội II năm 1951 và Đảng Lao động Việt Nam | Đại hội I của Đảng năm 1935 | Đảng Cộng sản Việt Nam thành lập năm 1930 | Hội nghị Trung ương 8 năm 1941 và Việt Minh","S17B_COMPARE_007 | S20G2_TOPIC_DAI_HOI_II_1951_DANG_LAO_DONG | S20G2_TOPIC_DAI_HOI_I_1935 | S20G2_SOURCE_DCSVN_1930_NO_ACCENT | S20G2_SOURCE_HTW8_1941","0","1","1","0.4","0.5","0.6476567400105259","1","1","","","559","518.7","200"
"g5i_ret_comparison_044","comparison","in_scope","So sánh ngắn: Chiến dịch Tây Nguyên và Chiến dịch Hồ Chí Minh.","Tây Nguyên | Chiến dịch Hồ Chí Minh | 30/4/1975 | Chiến dịch Tây Nguyên và Chiến dịch Hồ Chí Minh | TAY_NGUYEN_VS_HCM_CAMPAIGN | Tây Nguyên mở đầu","Ý nghĩa Chiến dịch Hồ Chí Minh và Đại thắng mùa Xuân 1975 | Ngày 30/4/1975 - Dinh Độc Lập bị chiếm và chính quyền Sài Gòn đầu hàng | Nguồn chứng minh 30/4/1975 là mốc kết thúc chiến tranh và thống nhất đất nước | So sánh Điện Biên Phủ 1954 và Chiến dịch Hồ Chí Minh 1975 | Trận Buôn Ma Thuột mở màn then chốt","SEM15G_MEANING_HCM_CAMPAIGN_1975 | SEM15G_EXACT_1975_0430 | SEM15G_SOURCE_3041975_END_WAR | SEM15G_COMPARE_DBP_HCM | CANON_SUP_M75_EVT_0063","1","1","1","0.8","1","0.9319268121802669","1","1","","","502","494.2","200"
"g5i_ret_comparison_045","comparison","in_scope","Đừng nhầm Hiến pháp 1946 và Tuyên ngôn Độc lập, tách ý giúp tôi.","Hiến pháp 1946 | Tuyên ngôn Độc lập | 2/9/1945 | Hiến pháp 1946 và Tuyên ngôn Độc lập | HIEN_PHAP_1946_VS_TUYEN_NGON","Năm 1945: Nhật đảo chính Pháp, Tổng khởi nghĩa và Tuyên ngôn Độc lập | Ý nghĩa Cách mạng Tháng Tám 1945 | Năm 1946: Hiệp định Sơ bộ, Tạm ước và Toàn quốc kháng chiến | Nguồn trực tiếp: ngày 2/9/1945 là ngày tuyên bố độc lập | Tuyên ngôn Độc lập ngày 2/9/1945","S20G2_YEAR_1945_EXPANDED_TIMELINE | S20G2_TOPIC_CACH_MANG_THANG_TAM_MEANING_1945 | S20G2_YEAR_1946_EXPANDED_TIMELINE | S20D2_SOURCE_1945_0902_TUYEN_NGON_STRICT | S20D_EXACT_1945_0902_TUYEN_NGON_DOC_LAP","1","1","1","1","1","0.9525947043722062","1","1","","","517","508.9","200"
"g5i_ret_memory_resolved_001","memory_resolved","in_scope","Sau khi đã nói về Việt Minh 1941, mốc đó cần nhớ điểm gì?","viet minh | 19/5/1941 | Mặt trận Việt Minh | Việt Minh 1941 | VIET_MINH_1941_ROLE | 1941 | tập hợp lực lượng | lãnh đạo quần chúng","So sánh Đảng Cộng sản Việt Nam và Việt Minh | Hội nghị Trung ương 8 năm 1941 và Việt Minh | Năm 1959: Đoàn 559 và đường Trường Sơn | Năm 1945: Nhật đảo chính Pháp, Tổng khởi nghĩa và Tuyên ngôn Độc lập | Năm 1939: Chiến tranh thế giới thứ hai và Hội nghị Trung ương 6","S20G2_COMPARE_DCSVN_VIET_MINH | S20G2_SOURCE_HTW8_1941 | S20G2_YEAR_1959_EXPANDED_TIMELINE | S20G2_YEAR_1945_EXPANDED_TIMELINE | S20G2_YEAR_1939_EXPANDED_TIMELINE","1","1","1","0.4","1","0.8365223336862163","0.875","1","","","323","294","200"
"g5i_ret_memory_resolved_002","memory_resolved","in_scope","Trong chủ đề Việt Minh và Mặt trận Dân tộc Giải phóng miền Nam, sự kiện đó gắn với kết quả nào?","viet minh | Việt Minh và Mặt trận Dân tộc Giải phóng miền Nam | VIET_MINH_VS_NLF | Việt Minh 1941 | 20/12/1960 | khác bối cảnh | MTDTGPMN 1960","So sánh Đảng Cộng sản Việt Nam và Việt Minh | Mặt trận Dân tộc Giải phóng miền Nam Việt Nam ra đời ngày 20/12/1960 | Đồng Khởi là chuyển biến quan trọng ở miền Nam | Chiến thắng Phước Long cuối 1974 - đầu 1975 | Hội nghị Trung ương 8 năm 1941 và Việt Minh","S20G2_COMPARE_DCSVN_VIET_MINH | S20D3_CONTEXT_MAT_TRAN_1960_1220 | S20G2_SOURCE_DONG_KHOI_CHUYEN_BIEN_MIỀN_NAM_1960 | S20G2_TOPIC_PHUOC_LONG_1974_1975 | S20G2_SOURCE_HTW8_1941","1","1","1","0.8","1","0.9711877806399608","1","1","","","752","707.5","200"
"g5i_ret_memory_resolved_003","memory_resolved","in_scope","Nếu câu trước hỏi Toàn quốc kháng chiến 1946, câu sau hỏi ""nó"" thì cần truy về ý nào?","toan quoc khang chien | Toàn quốc kháng chiến 1946 | TOAN_QUOC_KHANG_CHIEN_1946_MEANING | mở đầu kháng chiến toàn quốc | chống Pháp | toàn dân","Đấu tranh ngoại giao với Pháp trước 19/12/1946 | Toàn quốc kháng chiến bùng nổ | Hình thành đường lối kháng chiến toàn dân, toàn diện, lâu dài, tự lực cánh sinh | Công bố/lan truyền Lời kêu gọi Toàn quốc kháng chiến | Pháp tấn công và tàn sát dân thường tại Hải Phòng (11-1946) – chuẩn bị toàn quốc kháng chiến","CANON_SUP_E45_074 | CANON_SUP_E45_019 | CANON_SUP_E45_021 | CANON_SUP_E45_020 | EVT_0156","1","1","1","1","1","0.8348771963526481","1","1","","","685","643.5","200"
"g5i_ret_memory_resolved_004","memory_resolved","in_scope","Sau khi đã nói về Chiến thắng Việt Bắc Thu Đông 1947, mốc đó cần nhớ điểm gì?","viet bac | Chiến thắng Việt Bắc Thu Đông 1947 | VIET_BAC_1947_MEANING | đánh nhanh thắng nhanh | bảo vệ căn cứ Việt Bắc | kháng chiến lâu dài","Lời kêu gọi thi đua ái quốc ngày 11/6/1948 | Năm 1972: Tiến công chiến lược và Điện Biên Phủ trên không | Năm 1975: Tổng tiến công mùa Xuân và giải phóng miền Nam | Năm 1974: chuyển biến trước Tổng tiến công 1975 và Phước Long | Năm 1959: Đoàn 559 và đường Trường Sơn","S20G2_EXACT_1948_0611_THI_DUA_AI_QUOC | S20G2_YEAR_1972_EXPANDED_TIMELINE | S20G2_YEAR_1975_EXPANDED_TIMELINE | S20G2_YEAR_1974_EXPANDED_TIMELINE | S20G2_YEAR_1959_EXPANDED_TIMELINE","0","0","0","0","0","0","1","1","","no_gold_term_in_top5","714","683.4","200"
"g5i_ret_memory_resolved_005","memory_resolved","in_scope","Trong chủ đề Chiến dịch Biên giới Thu Đông 1950, sự kiện đó gắn với kết quả nào?","bien gioi | Chiến dịch Biên giới Thu Đông 1950 | BIEN_GIOI_1950_MEANING | khai thông biên giới | mở rộng căn cứ | thế chủ động","Chiến thắng Phước Long cuối 1974 - đầu 1975 | Ngày 10/3/1975 mở màn chiến dịch Tây Nguyên tại Buôn Ma Thuột | Năm 1939, Chiến tranh thế giới thứ hai và chuyển hướng chiến lược | Năm 1975: Tổng tiến công mùa Xuân và giải phóng miền Nam | Năm 1939: Chiến tranh thế giới thứ hai và Hội nghị Trung ương 6","S20G2_TOPIC_PHUOC_LONG_1974_1975 | S20G2_EXACT_1975_0310_BUON_MA_THUOT | S20G2_TOPIC_1939_THE_CHIEN_TW6 | S20G2_YEAR_1975_EXPANDED_TIMELINE | S20G2_YEAR_1939_EXPANDED_TIMELINE","0","0","0","0","0","0","1","1","","no_gold_term_in_top5","712","694.7","200"
"g5i_ret_memory_resolved_006","memory_resolved","in_scope","Nếu câu trước hỏi Đường Trường Sơn, câu sau hỏi ""nó"" thì cần truy về ý nào?","duong truong son | hậu phương miền Bắc | tiền tuyến miền Nam | TRUONG_SON_SUPPORT | tuyến vận tải chiến lược | chi viện miền Nam | người và vật chất","Bắt đầu xây dựng đường Trường Sơn (đường Hồ Chí Minh) – huyết mạch chi viện miền Nam (1959) | Đường Trường Sơn - canonical answer evidence | Mốc ngày 19/5/1959 trong lịch sử Việt Nam 1954-1975 | Bối cảnh chính của Đường Trường Sơn và Đoàn 559 | Năm 1959: Đoàn 559 và đường Trường Sơn","EVT_0261 | S19B_SEED_S1959_TRUONGSON | S19B_DATE_19_5_1959 | S20D2_CONTEXT_TRUONG_SON_DOAN_559_1959 | S20G2_YEAR_1959_EXPANDED_TIMELINE","1","1","1","0.8","1","0.9691335020260111","0.2857142857142857","0","","low_evidence_coverage","719","680.8","200"
"g5i_ret_memory_resolved_007","memory_resolved","in_scope","Sau khi đã nói về Hậu phương miền Bắc, mốc đó cần nhớ điểm gì?","duong truong son | Hậu phương miền Bắc | NORTH_REAR_BASE_SUPPORT | hậu phương lớn | chi viện người và vật chất | miền Nam","Bắt đầu xây dựng đường Trường Sơn (đường Hồ Chí Minh) – huyết mạch chi viện miền Nam (1959) | Năm 1959: Đoàn 559 và đường Trường Sơn | Năm 1974: chuyển biến trước Tổng tiến công 1975 và Phước Long | Năm 1975: Tổng tiến công mùa Xuân và giải phóng miền Nam | Chiến tranh đặc biệt ở miền Nam giai đoạn 1961-1965","EVT_0261 | S20G2_YEAR_1959_EXPANDED_TIMELINE | S20G2_YEAR_1974_EXPANDED_TIMELINE | S20G2_YEAR_1975_EXPANDED_TIMELINE | S20G2_TOPIC_CHIEN_TRANH_DAC_BIET_1961_1965","1","1","1","0.8","1","0.9692874339696389","1","1","","","1226","1198","200"
"g5i_ret_memory_resolved_008","memory_resolved","in_scope","Trong chủ đề Tổng tiến công mùa Xuân 1975, sự kiện đó gắn với kết quả nào?","tong tien cong | 1975 | Buôn Ma Thuột | Huế - Đà Nẵng | Chiến dịch Hồ Chí Minh | 30/4/1975 | Tây Nguyên | 10/3/1975","Huế được giải phóng ngày 26/3/1975 | Chiến thắng Phước Long cuối 1974 - đầu 1975 | Ngày 10/3/1975 mở màn chiến dịch Tây Nguyên tại Buôn Ma Thuột | Năm 1975: Tổng tiến công mùa Xuân và giải phóng miền Nam | Năm 1974: chuyển biến trước Tổng tiến công 1975 và Phước Long","S20G2_SOURCE_HUE_1975_0326 | S20G2_TOPIC_PHUOC_LONG_1974_1975 | S20G2_EXACT_1975_0310_BUON_MA_THUOT | S20G2_YEAR_1975_EXPANDED_TIMELINE | S20G2_YEAR_1974_EXPANDED_TIMELINE","1","1","1","1","1","0.8354086153282719","1","1","","","1243","1231.1","200"
"g5i_ret_memory_resolved_009","memory_resolved","in_scope","Nếu câu trước hỏi Chiến dịch Tây Nguyên 1975, câu sau hỏi ""nó"" thì cần truy về ý nào?","tay nguyen | buon ma thuot | Chiến dịch Tây Nguyên 1975 | TAY_NGUYEN_1975_BREAKTHROUGH | đột phá chiến lược | 10/3/1975 | Huế - Đà Nẵng | Sài Gòn","Ngày 10/3/1975 mở màn chiến dịch Tây Nguyên tại Buôn Ma Thuột | Chiến thắng Phước Long cuối 1974 - đầu 1975 | Năm 1974: chuyển biến trước Tổng tiến công 1975 và Phước Long | Năm 1975: Tổng tiến công mùa Xuân và giải phóng miền Nam | Chiến dịch Hồ Chí Minh 1975: bối cảnh và mốc 30/4/1975","S20G2_EXACT_1975_0310_BUON_MA_THUOT | S20G2_TOPIC_PHUOC_LONG_1974_1975 | S20G2_YEAR_1974_EXPANDED_TIMELINE | S20G2_YEAR_1975_EXPANDED_TIMELINE | S20B_CHIEN_DICH_HO_CHI_MINH_CONTEXT_DATE","1","1","1","1","1","1","0.625","0","","","4304","4271.6","200"
"g5i_ret_memory_resolved_010","memory_resolved","in_scope","Sau khi đã nói về Chiến dịch Hồ Chí Minh 1975, mốc đó cần nhớ điểm gì?","chien dich ho chi minh | Chiến dịch Hồ Chí Minh 1975 | HO_CHI_MINH_CAMPAIGN_FINAL | chiến dịch cuối cùng | 30/4/1975 | Sài Gòn | chính quyền Sài Gòn đầu hàng | Tây Nguyên","Ý nghĩa Chiến dịch Hồ Chí Minh và Đại thắng mùa Xuân 1975 | Ngày 30/4/1975 - Dinh Độc Lập bị chiếm và chính quyền Sài Gòn đầu hàng | Nguồn chứng minh 30/4/1975 là mốc kết thúc chiến tranh và thống nhất đất nước | So sánh Điện Biên Phủ 1954 và Chiến dịch Hồ Chí Minh 1975 | Trận Buôn Ma Thuột mở màn then chốt","SEM15G_MEANING_HCM_CAMPAIGN_1975 | SEM15G_EXACT_1975_0430 | SEM15G_SOURCE_3041975_END_WAR | SEM15G_COMPARE_DBP_HCM | CANON_SUP_M75_EVT_0063","1","1","1","0.8","1","1","0.75","0","","","5941","5807.4","200"
"g5i_ret_memory_resolved_011","memory_resolved","in_scope","Trong chủ đề Ngày 30/4/1975, sự kiện đó gắn với kết quả nào?","30/4/1975 | Ngày 30/4/1975 | APRIL_30_1975_MEANING | giải phóng miền Nam | kết thúc chiến tranh | thống nhất đất nước","Chiến thắng Phước Long cuối 1974 - đầu 1975 | Huế được giải phóng ngày 26/3/1975 | Ngày 10/3/1975 mở màn chiến dịch Tây Nguyên tại Buôn Ma Thuột | Lời kêu gọi thi đua ái quốc ngày 11/6/1948 | Năm 1975: Tổng tiến công mùa Xuân và giải phóng miền Nam","S20G2_TOPIC_PHUOC_LONG_1974_1975 | S20G2_SOURCE_HUE_1975_0326 | S20G2_EXACT_1975_0310_BUON_MA_THUOT | S20G2_EXACT_1948_0611_THI_DUA_AI_QUOC | S20G2_YEAR_1975_EXPANDED_TIMELINE","1","1","1","0.8","1","0.8073430552098527","1","1","","","5250","5245.5","200"
"g5i_ret_memory_resolved_012","memory_resolved","in_scope","Nếu câu trước hỏi Hội nghị thành lập Đảng Cộng sản Việt Nam 1930, câu sau hỏi ""nó"" thì cần truy về ý nào?","Đảng Cộng sản Việt Nam thành lập năm 1930 | 3/2/1930 | Hội nghị hợp nhất các tổ chức cộng sản | Hội nghị thành lập Đảng Cộng sản Việt Nam 1930 | PARTY_FOUNDING_CONFERENCE_1930 | 1930 | Đảng Cộng sản Việt Nam","So sánh Đảng Cộng sản Việt Nam và Việt Minh | Đảng Cộng sản Việt Nam thành lập năm 1930 | Năm 1930: Đảng Cộng sản Việt Nam ra đời và cao trào 1930-1931 | Đại hội I của Đảng năm 1935 | Hội nghị Trung ương 8 năm 1941 và Việt Minh","S20G2_COMPARE_DCSVN_VIET_MINH | S20G2_SOURCE_DCSVN_1930_NO_ACCENT | S20G2_YEAR_1930_EXPANDED_TIMELINE | S20G2_TOPIC_DAI_HOI_I_1935 | S20G2_SOURCE_HTW8_1941","1","1","1","0.6","1","0.7932775377436168","1","1","","","5726","5698.9","200"
"g5i_ret_memory_resolved_013","memory_resolved","in_scope","Sau khi đã nói về Đội Việt Nam Tuyên truyền Giải phóng quân 1944, mốc đó cần nhớ điểm gì?","Đội Việt Nam Tuyên truyền Giải phóng quân thành lập ngày 22/12/1944 | Đội Việt Nam Tuyên truyền Giải phóng quân 1944 | VNTTGPQ_1944_FOUNDING_DATE | 22/12/1944 | Đội Việt Nam Tuyên truyền Giải phóng quân","Đường 9 trong Chiến dịch Đường 9 - Nam Lào năm 1971 | Đội Việt Nam Tuyên truyền Giải phóng quân thành lập ngày 22/12/1944 | Việt Nam hóa chiến tranh giai đoạn 1969-1973 | Chiến thắng Phước Long cuối 1974 - đầu 1975 | Hội nghị Trung ương 8 năm 1941 và Việt Minh","S20G2_TOPIC_DUONG_9_NAM_LAO_1971 | S20G2_TOPIC_VNTTGPQ_1944_EXACT_DATE | S20G2_TOPIC_VIET_NAM_HOA_CHIEN_TRANH_1969_1973 | S20G2_TOPIC_PHUOC_LONG_1974_1975 | S20G2_SOURCE_HTW8_1941","0","1","1","0.2","0.5","0.6309297535714575","1","1","","","192","180","200"
"g5i_ret_memory_resolved_014","memory_resolved","in_scope","Trong chủ đề Chiến dịch Điện Biên Phủ kết thúc, sự kiện đó gắn với kết quả nào?","7/5/1954 | dien bien phu | Chiến dịch Điện Biên Phủ kết thúc | DBP_1954_END_DATE","Ý nghĩa Chiến thắng Điện Biên Phủ 1954 | So sánh Điện Biên Phủ 1954 và Chiến dịch Hồ Chí Minh 1975 | Chiến thắng Điện Biên Phủ - canonical answer evidence | Mốc ngày 7/5/1954 trong lịch sử Việt Nam 1945-1954 | So sánh Chiến dịch Biên giới 1950 và Chiến dịch Điện Biên Phủ 1954","SEM15G_MEANING_DBP_1954 | SEM15G_COMPARE_DBP_HCM | S18B_SEED_S1954_DBP_THANG | S18B_DATE_7_5_1954 | S18B_COMPARE_003","1","1","1","1","1","0.9905684013820716","1","1","","","539","518.9","200"
"g5i_ret_memory_resolved_015","memory_resolved","in_scope","Nếu câu trước hỏi So sánh Biên giới 1950 và Điện Biên Phủ 1954, câu sau hỏi ""nó"" thì cần truy về ý nào?","So sánh Chiến dịch Biên giới 1950 và Chiến dịch Điện Biên Phủ 1954 | So sánh Biên giới 1950 và Điện Biên Phủ 1954 | BIEN_GIOI_1950_VS_DBP_1954 | Biên giới Thu Đông 1950 | khai thông biên giới | Điện Biên Phủ 1954 | 7/5/1954 | kháng chiến chống Pháp","Ý nghĩa Chiến thắng Điện Biên Phủ 1954 | So sánh Điện Biên Phủ 1954 và Chiến dịch Hồ Chí Minh 1975 | Chiến thắng Điện Biên Phủ - canonical answer evidence | Mốc ngày 7/5/1954 trong lịch sử Việt Nam 1945-1954 | So sánh Chiến dịch Biên giới 1950 và Chiến dịch Điện Biên Phủ 1954","SEM15G_MEANING_DBP_1954 | SEM15G_COMPARE_DBP_HCM | S18B_SEED_S1954_DBP_THANG | S18B_DATE_7_5_1954 | S18B_COMPARE_003","1","1","1","1","1","0.9507646162411075","1","1","","","1812","1782.4","200"
"g5i_ret_memory_resolved_016","memory_resolved","in_scope","Sau khi đã nói về So sánh Việt Bắc 1947 và Biên giới 1950, mốc đó cần nhớ điểm gì?","So sánh Chiến dịch Việt Bắc 1947 và Chiến dịch Biên giới 1950 | So sánh Việt Bắc 1947 và Biên giới 1950 | VIET_BAC_1947_VS_BIEN_GIOI_1950 | Việt Bắc Thu Đông 1947 | bảo vệ căn cứ | Biên giới Thu Đông 1950 | khai thông biên giới | Biên giới Thu Đông 1950 diễn ra sau","So sánh Điện Biên Phủ 1954 và Hiệp định Genève 1954 | Diễn biến chính thời kỳ 1945-1954 | So sánh Điện Biên Phủ 1954 và Chiến dịch Hồ Chí Minh 1975 | So sánh Điện Biên Phủ 1954 và Hiệp định Genève 1954 | So sánh Hiệp định Genève 1954 và Hiệp định Paris 1973","S20D_COMPARE_DBP_1954_GENEVE_1954 | S20D_PERIOD_1945_1954_CORE | S20D_COMPARE_DBP_1954_HCM_1975 | S18B_COMPARE_008 | SEM15G_COMPARE_GENEVE_PARIS","0","1","1","0.2","0.3333333333333333","0.5","1","1","","","842","708.1","200"
"g5i_ret_memory_resolved_017","memory_resolved","in_scope","Trong chủ đề So sánh Xô viết Nghệ Tĩnh và Cách mạng Tháng Tám, sự kiện đó gắn với kết quả nào?","Xô viết Nghệ Tĩnh trong cao trào 1930-1931 | So sánh Xô viết Nghệ Tĩnh và Cách mạng Tháng Tám | XO_VIET_NGHE_TINH_VS_CMT8 | 1930-1931 | Cách mạng Tháng Tám 1945 | giành chính quyền | khác thời điểm","So sánh Đảng Cộng sản Việt Nam và Việt Minh | Xô viết Nghệ Tĩnh trong cao trào 1930-1931 | Ý nghĩa Cách mạng Tháng Tám 1945 | Hội nghị Trung ương 8 năm 1941 và Việt Minh | Năm 1959: Đoàn 559 và đường Trường Sơn","S20G2_COMPARE_DCSVN_VIET_MINH | S20G2_TOPIC_XO_VIET_NGHE_TINH_1930_1931 | S20G2_TOPIC_CACH_MANG_THANG_TAM_MEANING_1945 | S20G2_SOURCE_HTW8_1941 | S20G2_YEAR_1959_EXPANDED_TIMELINE","0","1","1","0.4","0.5","0.6567079016251384","1","1","","","772","702.2","200"
"g5i_ret_memory_resolved_018","memory_resolved","in_scope","Nếu câu trước hỏi Tổng tuyển cử 1956 theo Genève, câu sau hỏi ""nó"" thì cần truy về ý nào?","Tổng tuyển cử thống nhất dự kiến năm 1956 sau Hiệp định Genève | Tổng tuyển cử 1956 theo Genève | GENEVE_1956_ELECTION_NOT_HELD | 1956 | không được thực hiện | chia cắt","Tổng tuyển cử thống nhất dự kiến năm 1956 sau Hiệp định Genève | Năm 1974: chuyển biến trước Tổng tiến công 1975 và Phước Long | Nguồn trực tiếp: Hiệp định Genève 1954 quy định đình chỉ chiến sự và giới tuyến tạm thời | Bối cảnh chính của Hiệp định Genève 1954 | Nội dung và ý nghĩa Hiệp định Genève 1954","S20G2_TOPIC_1956_TONG_TUYEN_CU | S20G2_YEAR_1974_EXPANDED_TIMELINE | S20D2_SOURCE_GENEVE_1954_DINH_CHI_VI_TUYEN_DIRECT | S20D_GENEVE_1954_CONTEXT_DATE_STRONG | SEM15G_MEANING_GENEVE_1954","1","1","1","0.2","1","1","1","1","","","1280","1274.7","200"
"g5i_ret_memory_resolved_019","memory_resolved","in_scope","Sau khi đã nói về So sánh Đồng Khởi và Tết Mậu Thân 1968, mốc đó cần nhớ điểm gì?","So sánh Đồng Khởi và Tết Mậu Thân 1968 | DONG_KHOI_VS_TET_1968 | 1959-1960 | 1968 | khác thời điểm | tác động chính trị","So sánh Đảng Cộng sản Việt Nam và Việt Minh | Đồng Khởi là chuyển biến quan trọng ở miền Nam | Năm 1968: Tổng tiến công và nổi dậy Tết Mậu Thân | Năm 1959: Đoàn 559 và đường Trường Sơn | Năm 1975: Tổng tiến công mùa Xuân và giải phóng miền Nam","S20G2_COMPARE_DCSVN_VIET_MINH | S20G2_SOURCE_DONG_KHOI_CHUYEN_BIEN_MIỀN_NAM_1960 | S20G2_YEAR_1968_EXPANDED_TIMELINE | S20G2_YEAR_1959_EXPANDED_TIMELINE | S20G2_YEAR_1975_EXPANDED_TIMELINE","0","1","1","0.6","0.5","0.6628339665545889","1","1","","","3953","3944.2","200"
"g5i_ret_memory_resolved_020","memory_resolved","in_scope","Trong chủ đề So sánh 30/4/1975 và 2/9/1945, sự kiện đó gắn với kết quả nào?","30/4/1975 | 2/9/1945 | So sánh 30/4/1975 và 2/9/1945 | APR30_1975_VS_SEP2_1945 | Việt Nam Dân chủ Cộng hòa | kết thúc chiến tranh","So sánh Đảng Cộng sản Việt Nam và Việt Minh | Ngày 10/3/1975 mở màn chiến dịch Tây Nguyên tại Buôn Ma Thuột | Năm 1975: Tổng tiến công mùa Xuân và giải phóng miền Nam | Năm 1945: Nhật đảo chính Pháp, Tổng khởi nghĩa và Tuyên ngôn Độc lập | Năm 1959: Đoàn 559 và đường Trường Sơn","S20G2_COMPARE_DCSVN_VIET_MINH | S20G2_EXACT_1975_0310_BUON_MA_THUOT | S20G2_YEAR_1975_EXPANDED_TIMELINE | S20G2_YEAR_1945_EXPANDED_TIMELINE | S20G2_YEAR_1959_EXPANDED_TIMELINE","1","1","1","0.8","1","0.8709912749528128","1","1","","","3791","3704.6","200"
"g5i_ret_memory_resolved_021","memory_resolved","in_scope","Nếu câu trước hỏi Bảo Đại thoái vị và ngày 2/9/1945, câu sau hỏi ""nó"" thì cần truy về ý nào?","Bảo Đại thoái vị tại Huế | 2/9/1945 | Bảo Đại thoái vị và ngày 2/9/1945 | BAO_DAI_ABDICATION_VS_SEP2_1945 | 30/8/1945 | Tuyên ngôn Độc lập","Đại hội I của Đảng năm 1935 | Năm 1945: Nhật đảo chính Pháp, Tổng khởi nghĩa và Tuyên ngôn Độc lập | Năm 1974: chuyển biến trước Tổng tiến công 1975 và Phước Long | Nguồn trực tiếp: ngày 2/9/1945 là ngày tuyên bố độc lập | Nguồn trực tiếp: tình thế ngàn cân treo sợi tóc sau 2/9/1945","S20G2_TOPIC_DAI_HOI_I_1935 | S20G2_YEAR_1945_EXPANDED_TIMELINE | S20G2_YEAR_1974_EXPANDED_TIMELINE | S20D2_SOURCE_1945_0902_TUYEN_NGON_STRICT | S20D2_SOURCE_1945_1946_NGAN_CAN_DIRECT","0","1","1","0.6","0.5","0.6462513001270114","1","1","","","3607","3597.5","200"
"g5i_ret_memory_resolved_022","memory_resolved","in_scope","Sau khi đã nói về Cách mạng Tháng Tám 1945 theo nguyên nhân - kết quả, mốc đó cần nhớ điểm gì?","Năm 1945: Nhật đảo chính Pháp | Ý nghĩa Cách mạng Tháng Tám 1945 | Cách mạng Tháng Tám 1945 theo nguyên nhân - kết quả | CMT8_1945_CAUSE_RESULT_STRUCTURE | Nguyên nhân | Kết quả | giành chính quyền | Việt Nam Dân chủ Cộng hòa","Ý nghĩa Cách mạng Tháng Tám 1945 | Chiến thắng Phước Long cuối 1974 - đầu 1975 | Cao trào kháng Nhật cứu nước năm 1945 | Năm 1945: Nhật đảo chính Pháp, Tổng khởi nghĩa và Tuyên ngôn Độc lập | Năm 1974: chuyển biến trước Tổng tiến công 1975 và Phước Long","S20G2_TOPIC_CACH_MANG_THANG_TAM_MEANING_1945 | S20G2_TOPIC_PHUOC_LONG_1974_1975 | S20G2_TOPIC_KHANG_NHAT_1945 | S20G2_YEAR_1945_EXPANDED_TIMELINE | S20G2_YEAR_1974_EXPANDED_TIMELINE","1","1","1","0.6","1","0.9060254355346824","1","1","","","2763","2749.1","200"
"g5i_ret_memory_resolved_023","memory_resolved","in_scope","Trong chủ đề Hồ Chí Minh đọc Tuyên ngôn Độc lập 2/9/1945, sự kiện đó gắn với kết quả nào?","Năm 1945: Nhật đảo chính Pháp, Tổng khởi nghĩa và Tuyên ngôn Độc lập | Tuyên ngôn Độc lập | Hồ Chí Minh đọc Tuyên ngôn Độc lập 2/9/1945 | HO_CHI_MINH_READ_DECLARATION_1945 | Hồ Chí Minh | 2/9/1945 | Quảng trường Ba Đình","Ý nghĩa Cách mạng Tháng Tám 1945 | Lời kêu gọi thi đua ái quốc ngày 11/6/1948 | Năm 1945: Nhật đảo chính Pháp, Tổng khởi nghĩa và Tuyên ngôn Độc lập | Năm 1959: Đoàn 559 và đường Trường Sơn | Năm 1939: Chiến tranh thế giới thứ hai và Hội nghị Trung ương 6","S20G2_TOPIC_CACH_MANG_THANG_TAM_MEANING_1945 | S20G2_EXACT_1948_0611_THI_DUA_AI_QUOC | S20G2_YEAR_1945_EXPANDED_TIMELINE | S20G2_YEAR_1959_EXPANDED_TIMELINE | S20G2_YEAR_1939_EXPANDED_TIMELINE","1","1","1","0.4","1","0.7756761321373866","1","1","","","491","469.5","200"
"g5i_ret_memory_resolved_024","memory_resolved","in_scope","Nếu câu trước hỏi Nam Bộ kháng chiến 1945, câu sau hỏi ""nó"" thì cần truy về ý nào?","Nam Bộ kháng chiến bắt đầu ngày 23/9/1945 | 23/9/1945 | Nam Bộ kháng chiến 1945 | NAM_BO_KHANG_CHIEN_1945_START_DATE | Nam Bộ kháng chiến | thực dân Pháp trở lại","Cao trào kháng Nhật cứu nước năm 1945 | Đại hội I của Đảng năm 1935 | Năm 1946: Hiệp định Sơ bộ, Tạm ước và Toàn quốc kháng chiến | Năm 1974: chuyển biến trước Tổng tiến công 1975 và Phước Long | Năm 1939, Chiến tranh thế giới thứ hai và chuyển hướng chiến lược","S20G2_TOPIC_KHANG_NHAT_1945 | S20G2_TOPIC_DAI_HOI_I_1935 | S20G2_YEAR_1946_EXPANDED_TIMELINE | S20G2_YEAR_1974_EXPANDED_TIMELINE | S20G2_TOPIC_1939_THE_CHIEN_TW6","1","1","1","0.4","1","0.9411430714248346","1","1","","","371","353.7","200"
"g5i_ret_memory_resolved_025","memory_resolved","in_scope","Sau khi đã nói về Chiến thắng Việt Bắc Thu Đông 1947, mốc đó cần nhớ điểm gì?","Việt Bắc Thu Đông 1947 | đánh nhanh thắng nhanh | Chiến thắng Việt Bắc Thu Đông 1947 | VIET_BAC_1947_DATE | 1947 | Việt Bắc Thu Đông","Lời kêu gọi thi đua ái quốc ngày 11/6/1948 | Năm 1972: Tiến công chiến lược và Điện Biên Phủ trên không | Năm 1975: Tổng tiến công mùa Xuân và giải phóng miền Nam | Năm 1974: chuyển biến trước Tổng tiến công 1975 và Phước Long | Năm 1959: Đoàn 559 và đường Trường Sơn","S20G2_EXACT_1948_0611_THI_DUA_AI_QUOC | S20G2_YEAR_1972_EXPANDED_TIMELINE | S20G2_YEAR_1975_EXPANDED_TIMELINE | S20G2_YEAR_1974_EXPANDED_TIMELINE | S20G2_YEAR_1959_EXPANDED_TIMELINE","0","0","0","0","0","0","1","1","","no_gold_term_in_top5","299","280.7","200"
"g5i_ret_memory_resolved_026","memory_resolved","in_scope","Trong chủ đề Mặt trận Dân tộc Giải phóng miền Nam 1960, sự kiện đó gắn với kết quả nào?","Mặt trận Dân tộc Giải phóng miền Nam Việt Nam ra đời ngày 20/12/1960 | 20/12/1960 | Mặt trận Dân tộc Giải phóng miền Nam 1960 | NLF_1960_FOUNDING_DATE | Mặt trận Dân tộc Giải phóng miền Nam | miền Nam | tập hợp lực lượng miền Nam | đấu tranh chống Mỹ","Mặt trận Dân tộc Giải phóng miền Nam Việt Nam ra đời ngày 20/12/1960 | So sánh Đảng Cộng sản Việt Nam và Việt Minh | Đồng Khởi là chuyển biến quan trọng ở miền Nam | Chiến thắng Phước Long cuối 1974 - đầu 1975 | Hội nghị Trung ương 8 năm 1941 và Việt Minh","S20D3_CONTEXT_MAT_TRAN_1960_1220 | S20G2_COMPARE_DCSVN_VIET_MINH | S20G2_SOURCE_DONG_KHOI_CHUYEN_BIEN_MIỀN_NAM_1960 | S20G2_TOPIC_PHUOC_LONG_1974_1975 | S20G2_SOURCE_HTW8_1941","1","1","1","0.4","1","0.9424970721024275","1","1","","","348","320.5","200"
"g5i_ret_memory_resolved_027","memory_resolved","in_scope","Nếu câu trước hỏi Mặt trận Việt Minh 1941, câu sau hỏi ""nó"" thì cần truy về ý nào?","19/5/1941 | Mặt trận Việt Minh | Hội nghị Trung ương 8 | giải phóng dân tộc | Mặt trận Việt Minh 1941 | VIET_MINH_1941_FOUNDING_DATE_EXACT","So sánh Đảng Cộng sản Việt Nam và Việt Minh | Hội nghị Trung ương 8 năm 1941 và Việt Minh | Năm 1974: chuyển biến trước Tổng tiến công 1975 và Phước Long | Bình dân học vụ - canonical answer evidence | Mốc ngày 5/1941 trong lịch sử Việt Nam 1930-1945","S20G2_COMPARE_DCSVN_VIET_MINH | S20G2_SOURCE_HTW8_1941 | S20G2_YEAR_1974_EXPANDED_TIMELINE | S18B_SEED_S1945_BINHDAN | S17B_DATE_5_1941","1","1","1","0.6","1","0.7026289301356229","1","1","","","573","525.8","200"
"g5i_ret_memory_resolved_028","memory_resolved","in_scope","Sau khi đã nói về Toàn quốc kháng chiến 1946, mốc đó cần nhớ điểm gì?","19/12/1946 | Toàn quốc kháng chiến | Toàn quốc kháng chiến 1946 | TOAN_QUOC_KHANG_CHIEN_1946_START_DATE | chống thực dân Pháp","Đấu tranh ngoại giao với Pháp trước 19/12/1946 | Toàn quốc kháng chiến bùng nổ | Hình thành đường lối kháng chiến toàn dân, toàn diện, lâu dài, tự lực cánh sinh | Công bố/lan truyền Lời kêu gọi Toàn quốc kháng chiến | Pháp tấn công và tàn sát dân thường tại Hải Phòng (11-1946) – chuẩn bị toàn quốc kháng chiến","CANON_SUP_E45_074 | CANON_SUP_E45_019 | CANON_SUP_E45_021 | CANON_SUP_E45_020 | EVT_0156","1","1","1","1","1","0.8748967816784089","1","1","","","510","492.5","200"
"g5i_ret_memory_resolved_029","memory_resolved","in_scope","Trong chủ đề Luận cương chính trị tháng 10/1930, sự kiện đó gắn với kết quả nào?","Luận cương chính trị tháng 10/1930 | Trần Phú | LUAN_CUONG_1930_TRAN_PHU | Luận cương chính trị | 10/1930","So sánh Đảng Cộng sản Việt Nam và Việt Minh | Ngày 10/3/1975 mở màn chiến dịch Tây Nguyên tại Buôn Ma Thuột | Năm 1930: Đảng Cộng sản Việt Nam ra đời và cao trào 1930-1931 | Đảng Cộng sản Việt Nam thành lập năm 1930 | Đại hội I của Đảng năm 1935","S20G2_COMPARE_DCSVN_VIET_MINH | S20G2_EXACT_1975_0310_BUON_MA_THUOT | S20G2_YEAR_1930_EXPANDED_TIMELINE | S20G2_SOURCE_DCSVN_1930_NO_ACCENT | S20G2_TOPIC_DAI_HOI_I_1935","0","1","1","0.4","0.3333333333333333","0.57064171895532","1","1","","","526","512.7","200"
"g5i_ret_memory_resolved_030","memory_resolved","in_scope","Nếu câu trước hỏi Nhật đảo chính Pháp ở Đông Dương 1945, câu sau hỏi ""nó"" thì cần truy về ý nào?","9/3/1945 | Nhật đảo chính Pháp | Nhật đảo chính Pháp ở Đông Dương 1945 | NHAT_DAO_CHINH_PHAP_1945_DATE","Cao trào kháng Nhật cứu nước năm 1945 | Năm 1945: Nhật đảo chính Pháp, Tổng khởi nghĩa và Tuyên ngôn Độc lập | Đại hội I của Đảng năm 1935 | Năm 1939, Chiến tranh thế giới thứ hai và chuyển hướng chiến lược | Nhật đảo chính Pháp ngày 9/3/1945","S20G2_TOPIC_KHANG_NHAT_1945 | S20G2_YEAR_1945_EXPANDED_TIMELINE | S20G2_TOPIC_DAI_HOI_I_1935 | S20G2_TOPIC_1939_THE_CHIEN_TW6 | S20D_EXACT_1945_0309_NHAT_DAO_CHINH_PHAP","1","1","1","0.6","1","0.8619296255339015","1","1","","","869","532.9","200"
"g5i_ret_memory_resolved_031","memory_resolved","in_scope","Sau khi đã nói về Hà Nội giành chính quyền ngày 19/8/1945, mốc đó cần nhớ điểm gì?","19/8/1945 | Hà Nội giành chính quyền | Hà Nội giành chính quyền ngày 19/8/1945 | HANOI_AUG19_1945_DATE | Hà Nội | Cách mạng Tháng Tám","Ý nghĩa Cách mạng Tháng Tám 1945 | Ngày 2/9/1945 - Tuyên ngôn Độc lập tại Ba Đình | Chủ tịch Hồ Chí Minh qua đời | Hòa hoãn với Pháp để đẩy quân Tưởng về nước | Tổng khởi nghĩa thắng lợi ở Sài Gòn","SEM15G_MEANING_CMT8_1945 | SEM15G_EXACT_1945_0902 | CANON_SUP_M75_EVT_0054 | CANON_SUP_E45_015 | CANON_SUP_E079","1","1","1","0.4","1","1","1","1","","","750","720.8","200"
"g5i_ret_memory_resolved_032","memory_resolved","in_scope","Trong chủ đề Hiệp định Sơ bộ Việt - Pháp 6/3/1946, sự kiện đó gắn với kết quả nào?","6/3/1946 | Hiệp định Sơ bộ | Hiệp định Sơ bộ Việt - Pháp 6/3/1946 | HIEP_DINH_SO_BO_1946_DATE | Việt - Pháp","Năm 1946: Hiệp định Sơ bộ, Tạm ước và Toàn quốc kháng chiến | Năm 1945: Nhật đảo chính Pháp, Tổng khởi nghĩa và Tuyên ngôn Độc lập | Phân biệt Hiệp định Genève 1954 và Hiệp định Paris 1973 | Nguồn trực tiếp: Hiệp định Genève 1954 quy định đình chỉ chiến sự và giới tuyến tạm thời | Nguồn trực tiếp: ngày 2/9/1945 là ngày tuyên bố độc lập","S20G2_YEAR_1946_EXPANDED_TIMELINE | S20G2_YEAR_1945_EXPANDED_TIMELINE | S20D2_COMPARE_GENEVE_1954_PARIS_1973_STRICT | S20D2_SOURCE_GENEVE_1954_DINH_CHI_VI_TUYEN_DIRECT | S20D2_SOURCE_1945_0902_TUYEN_NGON_STRICT","1","1","1","0.6","1","0.9672513453617181","1","1","","","698","634.9","200"
"g5i_ret_memory_resolved_033","memory_resolved","in_scope","Nếu câu trước hỏi Hiến pháp 1946, câu sau hỏi ""nó"" thì cần truy về ý nào?","Hiến pháp 1946 | 9/11/1946 | Việt Nam Dân chủ Cộng hòa | HIEN_PHAP_1946_FIRST_CONSTITUTION | 1946 | Hiến pháp đầu tiên","Năm 1946: Hiệp định Sơ bộ, Tạm ước và Toàn quốc kháng chiến | Năm 1974: chuyển biến trước Tổng tiến công 1975 và Phước Long | Bình dân học vụ chống nạn mù chữ sau Cách mạng Tháng Tám | Bình dân học vụ và chống nạn mù chữ - canonical answer evidence | Bình dân học vụ - canonical answer evidence","S20G2_YEAR_1946_EXPANDED_TIMELINE | S20G2_YEAR_1974_EXPANDED_TIMELINE | S20B_BINH_DAN_HOC_VU_SOURCE_STRONG | S17B_SEED_S1945_BINHDAN | S18B_SEED_S1945_BINHDAN","1","1","1","0.2","1","1","1","1","","","960","700.4","200"
"g5i_ret_memory_resolved_034","memory_resolved","in_scope","Sau khi đã nói về Đại hội II của Đảng năm 1951, mốc đó cần nhớ điểm gì?","Đại hội II năm 1951 | Đảng Lao động Việt Nam | Đại hội II của Đảng năm 1951 | DAI_HOI_II_1951 | 1951 | Đại hội II","Đại hội II năm 1951 và Đảng Lao động Việt Nam | Đại hội I của Đảng năm 1935 | Hội nghị Trung ương 8 năm 1941 và Việt Minh | Lời kêu gọi thi đua ái quốc ngày 11/6/1948 | Năm 1932: khôi phục tổ chức Đảng sau khủng bố trắng","S20G2_TOPIC_DAI_HOI_II_1951_DANG_LAO_DONG | S20G2_TOPIC_DAI_HOI_I_1935 | S20G2_SOURCE_HTW8_1941 | S20G2_EXACT_1948_0611_THI_DUA_AI_QUOC | S20G2_YEAR_1932_EXPANDED_TIMELINE","1","1","1","0.2","1","1","1","1","","","615","594.6","200"
"g5i_ret_memory_resolved_035","memory_resolved","in_scope","Trong chủ đề Mở màn Chiến dịch Điện Biên Phủ 1954, sự kiện đó gắn với kết quả nào?","13/3/1954 | Him Lam | Điện Biên Phủ | Mở màn Chiến dịch Điện Biên Phủ 1954 | DBP_1954_START_DATE | Chiến dịch Điện Biên Phủ","Ý nghĩa Chiến thắng Điện Biên Phủ 1954 | So sánh Điện Biên Phủ 1954 và Chiến dịch Hồ Chí Minh 1975 | Trận đánh đồi Him Lam mở màn chiến dịch Điện Biên Phủ | Phân biệt Chiến dịch Điện Biên Phủ với trận Him Lam mở màn | Mở màn Chiến dịch Điện Biên Phủ - canonical answer evidence","SEM15G_MEANING_DBP_1954 | SEM15G_COMPARE_DBP_HCM | EVT_0208 | SYN_COMPARE_002 | S18B_SEED_S1954_DBP_MO","1","1","1","1","1","0.9897513365010374","1","1","","","978","930","200"
"g5i_ret_memory_resolved_036","memory_resolved","in_scope","Nếu câu trước hỏi Tết Mậu Thân 1968, câu sau hỏi ""nó"" thì cần truy về ý nào?","Tết Mậu Thân | 1968 | Tết Mậu Thân 1968 | TET_MAU_THAN_1968_YEAR","Năm 1968: Tổng tiến công và nổi dậy Tết Mậu Thân | Năm 1974: chuyển biến trước Tổng tiến công 1975 và Phước Long | Bình dân học vụ chống nạn mù chữ sau Cách mạng Tháng Tám | Bình dân học vụ - canonical answer evidence | Phát động chống nạn mù chữ/Bình dân học vụ","S20G2_YEAR_1968_EXPANDED_TIMELINE | S20G2_YEAR_1974_EXPANDED_TIMELINE | S20B_BINH_DAN_HOC_VU_SOURCE_STRONG | S18B_SEED_S1945_BINHDAN | CANON_SUP_E45_005","1","1","1","0.4","1","0.9778690698001683","1","0","","","964","946.6","200"
"g5i_ret_memory_resolved_037","memory_resolved","in_scope","Sau khi đã nói về Điện Biên Phủ trên không 1972, mốc đó cần nhớ điểm gì?","Điện Biên Phủ trên không | Paris | 12 ngày đêm | Paris 1973 | Điện Biên Phủ trên không 1972 | 1972","Năm 1972: Tiến công chiến lược và Điện Biên Phủ trên không | Tổng tuyển cử thống nhất dự kiến năm 1956 sau Hiệp định Genève | Năm 1974: chuyển biến trước Tổng tiến công 1975 và Phước Long | Năm 1968: Tổng tiến công và nổi dậy Tết Mậu Thân | Năm 1965: Mỹ đưa quân chiến đấu, Chiến tranh cục bộ và Vạn Tường","S20G2_YEAR_1972_EXPANDED_TIMELINE | S20G2_TOPIC_1956_TONG_TUYEN_CU | S20G2_YEAR_1974_EXPANDED_TIMELINE | S20G2_YEAR_1968_EXPANDED_TIMELINE | S20G2_YEAR_1965_EXPANDED_TIMELINE","1","1","1","0.2","1","1","1","1","","","726","683.7","200"
"g5i_ret_memory_resolved_038","memory_resolved","in_scope","Trong chủ đề Trận Buôn Ma Thuột 10/3/1975, sự kiện đó gắn với kết quả nào?","10/3/1975 | Buôn Ma Thuột | Tây Nguyên | Trận Buôn Ma Thuột 10/3/1975 | BUON_MA_THUOT_1975_START_DATE","So sánh Đảng Cộng sản Việt Nam và Việt Minh | Ngày 10/3/1975 mở màn chiến dịch Tây Nguyên tại Buôn Ma Thuột | Chiến thắng Phước Long cuối 1974 - đầu 1975 | Huế được giải phóng ngày 26/3/1975 | Năm 1975: Tổng tiến công mùa Xuân và giải phóng miền Nam","S20G2_COMPARE_DCSVN_VIET_MINH | S20G2_EXACT_1975_0310_BUON_MA_THUOT | S20G2_TOPIC_PHUOC_LONG_1974_1975 | S20G2_SOURCE_HUE_1975_0326 | S20G2_YEAR_1975_EXPANDED_TIMELINE","0","1","1","0.8","0.5","0.7017538391366664","1","1","","","705","695.9","200"
"g5i_ret_memory_resolved_039","memory_resolved","in_scope","Nếu câu trước hỏi Huế được giải phóng ngày 26/3/1975, câu sau hỏi ""nó"" thì cần truy về ý nào?","26/3/1975 | Huế được giải phóng | Huế được giải phóng ngày 26/3/1975 | HUE_1975_LIBERATION_DATE | giải phóng","Huế được giải phóng ngày 26/3/1975 | Chiến thắng Phước Long cuối 1974 - đầu 1975 | Ngày 10/3/1975 mở màn chiến dịch Tây Nguyên tại Buôn Ma Thuột | Năm 1975: Tổng tiến công mùa Xuân và giải phóng miền Nam | Năm 1974: chuyển biến trước Tổng tiến công 1975 và Phước Long","S20G2_SOURCE_HUE_1975_0326 | S20G2_TOPIC_PHUOC_LONG_1974_1975 | S20G2_EXACT_1975_0310_BUON_MA_THUOT | S20G2_YEAR_1975_EXPANDED_TIMELINE | S20G2_YEAR_1974_EXPANDED_TIMELINE","1","1","1","1","1","0.9335877353625062","1","1","","","317","307.5","200"
"g5i_ret_memory_resolved_040","memory_resolved","in_scope","Sau khi đã nói về Các mốc chống Mỹ 1960-1973, mốc đó cần nhớ điểm gì?","1960 | Tết Mậu Thân | Điện Biên Phủ trên không | Paris | Các mốc chống Mỹ 1960-1973 | ANTI_US_1960_1973_TIMELINE | 1968 | 1972","Việt Nam hóa chiến tranh giai đoạn 1969-1973 | Chiến thắng Phước Long cuối 1974 - đầu 1975 | Năm 1959: Đoàn 559 và đường Trường Sơn | Năm 1974: chuyển biến trước Tổng tiến công 1975 và Phước Long | Năm 1965: Mỹ đưa quân chiến đấu, Chiến tranh cục bộ và Vạn Tường","S20G2_TOPIC_VIET_NAM_HOA_CHIEN_TRANH_1969_1973 | S20G2_TOPIC_PHUOC_LONG_1974_1975 | S20G2_YEAR_1959_EXPANDED_TIMELINE | S20G2_YEAR_1974_EXPANDED_TIMELINE | S20G2_YEAR_1965_EXPANDED_TIMELINE","1","1","1","0.4","1","1","1","1","","","273","253.5","200"
"g5i_ret_oos_001","hard_negative_oos","out_of_scope","Giá vàng SJC hôm nay bao nhiêu?","ngoài phạm vi","","","1","1","1","1","1","1","1","1","1","","15","","200"
"g5i_ret_oos_002","hard_negative_oos","out_of_scope","Thời tiết Đà Nẵng cuối tuần này ra sao?","ngoài phạm vi","","","1","1","1","1","1","1","1","1","1","","9","","200"
"g5i_ret_oos_003","hard_negative_oos","out_of_scope","Lịch thi đấu bóng đá hôm nay?","ngoài phạm vi","","","1","1","1","1","1","1","1","1","1","","13","","200"
"g5i_ret_oos_004","hard_negative_oos","out_of_scope","Cổ phiếu ngân hàng nào nên mua?","ngoài phạm vi","","","1","1","1","1","1","1","1","1","1","","8","","200"
"g5i_ret_oos_005","hard_negative_oos","out_of_scope","Bitcoin hiện giá bao nhiêu?","ngoài phạm vi","Phong trào dân chủ 1936-1939 | Nguồn trực tiếp: tình thế ngàn cân treo sợi tóc sau 2/9/1945 | Mốc ngày 9/11/1946 trong lịch sử Việt Nam 1945-1954 | So sánh Tổng tuyển cử 1946 và Hiến pháp 1946 | So sánh Khởi nghĩa Bắc Sơn và Binh biến Đô Lương","S20G2_TOPIC_DAN_CHU_1936_1939 | S20D2_SOURCE_1945_1946_NGAN_CAN_DIRECT | S18B_DATE_9_11_1946 | S18B_COMPARE_005 | S17B_COMPARE_005","0","0","0","0","0","0","0","0","0","oos_guard_failed_or_citation_returned","484","440.4","200"
"g5i_ret_oos_006","hard_negative_oos","out_of_scope","Ai vô địch World Cup 2026?","ngoài phạm vi","","","1","1","1","1","1","1","1","1","1","","7","","200"
"g5i_ret_oos_007","hard_negative_oos","out_of_scope","Viết bài quảng cáo bán hàng online.","ngoài phạm vi","Xô viết Nghệ Tĩnh trong cao trào 1930-1931 | Cao trào kháng Nhật cứu nước năm 1945 | Chiến dịch Linebacker II (18–29-12-1972) – Mỹ ném bom rải thảm Hà Nội 12 ngày đêm | Chiến dịch Hà Nội – Điện Biên Phủ trên không: 34 máy bay B-52 bị bắn hạ (12-1972) | Cải tạo quan hệ sản xuất ở miền Bắc: nội dung và vai trò","S20G2_TOPIC_XO_VIET_NGHE_TINH_1930_1931 | S20G2_TOPIC_KHANG_NHAT_1945 | EVT_0333 | EVT_0336 | S19B3_MEAN_NORTH_REFORM","0","0","0","0","0","0","0","0","0","oos_guard_failed_or_citation_returned","762","735.5","200"
"g5i_ret_oos_008","hard_negative_oos","out_of_scope","Soạn thực đơn giảm cân 7 ngày.","ngoài phạm vi","Phân biệt 30/4/1975 với mốc Quốc hội hoàn tất thống nhất nhà nước | Phát động chống nạn mù chữ/Bình dân học vụ | Phát động cứu đói sau Cách mạng Tháng Tám | Mốc ngày 7/5/1954 trong lịch sử Việt Nam 1945-1954 | So sánh Hội nghị Trung ương 6 và Hội nghị Trung ương 8","S20D_DISAMBIG_1975_0430_NOT_QUOC_HOI_UNIFICATION | CANON_SUP_E45_005 | CANON_SUP_E45_004 | S18B_DATE_7_5_1954 | S17B_COMPARE_007","0","0","0","0","0","0","0","0","0","oos_guard_failed_or_citation_returned","1140","1104.1","200"
"g5i_ret_oos_009","hard_negative_oos","out_of_scope","Tỷ giá USD hôm nay là bao nhiêu?","ngoài phạm vi","","","1","1","1","1","1","1","1","1","1","","6","","200"
"g5i_ret_oos_010","hard_negative_oos","out_of_scope","Tin mới nhất về bầu cử Mỹ hôm nay?","ngoài phạm vi","Tổng tuyển cử thống nhất dự kiến năm 1956 sau Hiệp định Genève | Đại hội I của Đảng năm 1935 | Năm 1965: Mỹ đưa quân chiến đấu, Chiến tranh cục bộ và Vạn Tường | Chiến dịch Linebacker II (18–29-12-1972) – Mỹ ném bom rải thảm Hà Nội 12 ngày đêm | Tổng tuyển cử bầu Quốc hội khóa I - canonical answer evidence","S20G2_TOPIC_1956_TONG_TUYEN_CU | S20G2_TOPIC_DAI_HOI_I_1935 | S20G2_YEAR_1965_EXPANDED_TIMELINE | EVT_0333 | S18B_SEED_S1946_TONGTUYENCU","0","0","0","0","0","0","0","0","0","oos_guard_failed_or_citation_returned","703","671.6","200"
"g5i_ret_oos_011","hard_negative_oos","out_of_scope","Giá vàng SJC hôm nay bao nhiêu?","ngoài phạm vi","","","1","1","1","1","1","1","1","1","1","","104","","200"
"g5i_ret_oos_012","hard_negative_oos","out_of_scope","Thời tiết Đà Nẵng cuối tuần này ra sao?","ngoài phạm vi","","","1","1","1","1","1","1","1","1","1","","83","","200"
"g5i_ret_oos_013","hard_negative_oos","out_of_scope","Lịch thi đấu bóng đá hôm nay?","ngoài phạm vi","","","1","1","1","1","1","1","1","1","1","","65","","200"
"g5i_ret_oos_014","hard_negative_oos","out_of_scope","Cổ phiếu ngân hàng nào nên mua?","ngoài phạm vi","","","1","1","1","1","1","1","1","1","1","","35","","200"
"g5i_ret_oos_015","hard_negative_oos","out_of_scope","Bitcoin hiện giá bao nhiêu?","ngoài phạm vi","Phong trào dân chủ 1936-1939 | Nguồn trực tiếp: tình thế ngàn cân treo sợi tóc sau 2/9/1945 | Mốc ngày 9/11/1946 trong lịch sử Việt Nam 1945-1954 | So sánh Tổng tuyển cử 1946 và Hiến pháp 1946 | So sánh Khởi nghĩa Bắc Sơn và Binh biến Đô Lương","S20G2_TOPIC_DAN_CHU_1936_1939 | S20D2_SOURCE_1945_1946_NGAN_CAN_DIRECT | S18B_DATE_9_11_1946 | S18B_COMPARE_005 | S17B_COMPARE_005","0","0","0","0","0","0","0","0","0","oos_guard_failed_or_citation_returned","1150","1118.5","200"
"g5i_ret_oos_016","hard_negative_oos","out_of_scope","Ai vô địch World Cup 2026?","ngoài phạm vi","","","1","1","1","1","1","1","1","1","1","","8","","200"
"g5i_ret_oos_017","hard_negative_oos","out_of_scope","Viết bài quảng cáo bán hàng online.","ngoài phạm vi","Xô viết Nghệ Tĩnh trong cao trào 1930-1931 | Cao trào kháng Nhật cứu nước năm 1945 | Chiến dịch Linebacker II (18–29-12-1972) – Mỹ ném bom rải thảm Hà Nội 12 ngày đêm | Chiến dịch Hà Nội – Điện Biên Phủ trên không: 34 máy bay B-52 bị bắn hạ (12-1972) | Cải tạo quan hệ sản xuất ở miền Bắc: nội dung và vai trò","S20G2_TOPIC_XO_VIET_NGHE_TINH_1930_1931 | S20G2_TOPIC_KHANG_NHAT_1945 | EVT_0333 | EVT_0336 | S19B3_MEAN_NORTH_REFORM","0","0","0","0","0","0","0","0","0","oos_guard_failed_or_citation_returned","904","857.8","200"
"g5i_ret_oos_018","hard_negative_oos","out_of_scope","Soạn thực đơn giảm cân 7 ngày.","ngoài phạm vi","Phân biệt 30/4/1975 với mốc Quốc hội hoàn tất thống nhất nhà nước | Phát động chống nạn mù chữ/Bình dân học vụ | Phát động cứu đói sau Cách mạng Tháng Tám | Mốc ngày 7/5/1954 trong lịch sử Việt Nam 1945-1954 | So sánh Hội nghị Trung ương 6 và Hội nghị Trung ương 8","S20D_DISAMBIG_1975_0430_NOT_QUOC_HOI_UNIFICATION | CANON_SUP_E45_005 | CANON_SUP_E45_004 | S18B_DATE_7_5_1954 | S17B_COMPARE_007","0","0","0","0","0","0","0","0","0","oos_guard_failed_or_citation_returned","1195","1108.1","200"
"g5i_ret_oos_019","hard_negative_oos","out_of_scope","Tỷ giá USD hôm nay là bao nhiêu?","ngoài phạm vi","","","1","1","1","1","1","1","1","1","1","","9","","200"
"g5i_ret_oos_020","hard_negative_oos","out_of_scope","Tin mới nhất về bầu cử Mỹ hôm nay?","ngoài phạm vi","Tổng tuyển cử thống nhất dự kiến năm 1956 sau Hiệp định Genève | Đại hội I của Đảng năm 1935 | Năm 1965: Mỹ đưa quân chiến đấu, Chiến tranh cục bộ và Vạn Tường | Chiến dịch Linebacker II (18–29-12-1972) – Mỹ ném bom rải thảm Hà Nội 12 ngày đêm | Tổng tuyển cử bầu Quốc hội khóa I - canonical answer evidence","S20G2_TOPIC_1956_TONG_TUYEN_CU | S20G2_TOPIC_DAI_HOI_I_1935 | S20G2_YEAR_1965_EXPANDED_TIMELINE | EVT_0333 | S18B_SEED_S1946_TONGTUYENCU","0","0","0","0","0","0","0","0","0","oos_guard_failed_or_citation_returned","1364","1332.8","200"
"g5i_ret_oos_021","hard_negative_oos","out_of_scope","Giá vàng SJC hôm nay bao nhiêu?","ngoài phạm vi","","","1","1","1","1","1","1","1","1","1","","34","","200"
"g5i_ret_oos_022","hard_negative_oos","out_of_scope","Thời tiết Đà Nẵng cuối tuần này ra sao?","ngoài phạm vi","","","1","1","1","1","1","1","1","1","1","","59","","200"
"g5i_ret_oos_023","hard_negative_oos","out_of_scope","Lịch thi đấu bóng đá hôm nay?","ngoài phạm vi","","","1","1","1","1","1","1","1","1","1","","75","","200"
"g5i_ret_oos_024","hard_negative_oos","out_of_scope","Cổ phiếu ngân hàng nào nên mua?","ngoài phạm vi","","","1","1","1","1","1","1","1","1","1","","63","","200"
"g5i_ret_oos_025","hard_negative_oos","out_of_scope","Bitcoin hiện giá bao nhiêu?","ngoài phạm vi","Phong trào dân chủ 1936-1939 | Nguồn trực tiếp: tình thế ngàn cân treo sợi tóc sau 2/9/1945 | Mốc ngày 9/11/1946 trong lịch sử Việt Nam 1945-1954 | So sánh Tổng tuyển cử 1946 và Hiến pháp 1946 | So sánh Khởi nghĩa Bắc Sơn và Binh biến Đô Lương","S20G2_TOPIC_DAN_CHU_1936_1939 | S20D2_SOURCE_1945_1946_NGAN_CAN_DIRECT | S18B_DATE_9_11_1946 | S18B_COMPARE_005 | S17B_COMPARE_005","0","0","0","0","0","0","0","0","0","oos_guard_failed_or_citation_returned","630","574.1","200"
"g5i_ret_oos_026","hard_negative_oos","out_of_scope","Ai vô địch World Cup 2026?","ngoài phạm vi","","","1","1","1","1","1","1","1","1","1","","9","","200"
"g5i_ret_oos_027","hard_negative_oos","out_of_scope","Viết bài quảng cáo bán hàng online.","ngoài phạm vi","Xô viết Nghệ Tĩnh trong cao trào 1930-1931 | Cao trào kháng Nhật cứu nước năm 1945 | Chiến dịch Linebacker II (18–29-12-1972) – Mỹ ném bom rải thảm Hà Nội 12 ngày đêm | Chiến dịch Hà Nội – Điện Biên Phủ trên không: 34 máy bay B-52 bị bắn hạ (12-1972) | Cải tạo quan hệ sản xuất ở miền Bắc: nội dung và vai trò","S20G2_TOPIC_XO_VIET_NGHE_TINH_1930_1931 | S20G2_TOPIC_KHANG_NHAT_1945 | EVT_0333 | EVT_0336 | S19B3_MEAN_NORTH_REFORM","0","0","0","0","0","0","0","0","0","oos_guard_failed_or_citation_returned","2312","2227.6","200"
"g5i_ret_oos_028","hard_negative_oos","out_of_scope","Soạn thực đơn giảm cân 7 ngày.","ngoài phạm vi","Phân biệt 30/4/1975 với mốc Quốc hội hoàn tất thống nhất nhà nước | Phát động chống nạn mù chữ/Bình dân học vụ | Phát động cứu đói sau Cách mạng Tháng Tám | Mốc ngày 7/5/1954 trong lịch sử Việt Nam 1945-1954 | So sánh Hội nghị Trung ương 6 và Hội nghị Trung ương 8","S20D_DISAMBIG_1975_0430_NOT_QUOC_HOI_UNIFICATION | CANON_SUP_E45_005 | CANON_SUP_E45_004 | S18B_DATE_7_5_1954 | S17B_COMPARE_007","0","0","0","0","0","0","0","0","0","oos_guard_failed_or_citation_returned","2102","984.9","200"
"g5i_ret_oos_029","hard_negative_oos","out_of_scope","Tỷ giá USD hôm nay là bao nhiêu?","ngoài phạm vi","","","1","1","1","1","1","1","1","1","1","","22","","200"
"g5i_ret_oos_030","hard_negative_oos","out_of_scope","Tin mới nhất về bầu cử Mỹ hôm nay?","ngoài phạm vi","Tổng tuyển cử thống nhất dự kiến năm 1956 sau Hiệp định Genève | Đại hội I của Đảng năm 1935 | Năm 1965: Mỹ đưa quân chiến đấu, Chiến tranh cục bộ và Vạn Tường | Chiến dịch Linebacker II (18–29-12-1972) – Mỹ ném bom rải thảm Hà Nội 12 ngày đêm | Tổng tuyển cử bầu Quốc hội khóa I - canonical answer evidence","S20G2_TOPIC_1956_TONG_TUYEN_CU | S20G2_TOPIC_DAI_HOI_I_1935 | S20G2_YEAR_1965_EXPANDED_TIMELINE | EVT_0333 | S18B_SEED_S1946_TONGTUYENCU","0","0","0","0","0","0","0","0","0","oos_guard_failed_or_citation_returned","1758","1728.5","200"
