ordinal,case_id,category,conversation_id,turn_index,http_status,question,answer,citations_text,evidence_titles_joined,answer_quality_score_0_10,factual_correctness_0_4,question_focus_0_2,completeness_0_1_5,citation_support_0_1_5,clarity_style_0_1,cap_rule_applied,critical_fail,retrieval_evidence_score_0_10,missing_expected_slots_joined,forbidden_hits_joined,audit_notes
1,G5K_0001,fact_date,,1,200,nam bo khang chien la moc gi?,"Nam Bộ kháng chiến là mốc ngày **23/9/1945**, khi **thực dân Pháp trở lại** xâm lược ở Sài Gòn - Nam Bộ; đây là thời điểm nhân dân Nam Bộ bước vào kháng chiến chống Pháp. [1][3]","[1]: Nam Bộ kháng chiến :: Chuẩn hóa theo canonical fact NAM_BO_KHANG_CHIEN_1945_START_DATE: Nam Bộ kháng chiến bắt đầu ngày 23/9/1945, khi thực dân Pháp trở lại xâm lược ở Sài Gòn - Nam Bộ.. [TITLE] Nam Bộ kháng chiến - canonical answer evidence [SUMMARY] Ngày 23/9/1945, nhân dân Nam Bộ bước vào kháng chiến chống thực dân Pháp quay lại xâm lược. [YEAR] 1945 [YEARS] 1945 [DA... | [3]: Nam Bộ kháng chiến bắt đầu ngày 23/9/1945 :: Ngày 23/9/1945, Nam Bộ kháng chiến bắt đầu khi thực dân Pháp trở lại xâm lược ở Sài Gòn - Nam Bộ.","Nam Bộ kháng chiến | Năm 1946: Hiệp định Sơ bộ, Tạm ước và Toàn quốc kháng chiến | Nam Bộ kháng chiến bắt đầu ngày 23/9/1945 | Đường 9 trong Chiến dịch Đường 9 - Nam Lào năm 1971 | Việt Nam hóa chiến tranh giai đoạn 1969-1973",10.0,4.0,2.0,1.5,1.5,1.0,,False,10.0,,,
2,G5K_0002,fact_date,,1,200,"Trong dữ liệu 1930-1975, Tuyên ngôn Độc lập 1945 cần nhớ mốc nào?","Mốc cần nhớ là **ngày 2/9/1945**, khi **Hồ Chí Minh đọc Tuyên ngôn Độc lập**, khai sinh **nước Việt Nam Dân chủ Cộng hòa**. [1]","[1]: Nguồn Stage20G2: timeline mở rộng năm 1945 :: Ngày 9/3/1945, Nhật đảo chính Pháp ở Đông Dương. Ngày 12/3/1945, Đảng ra chỉ thị 'Nhật - Pháp bắn nhau và hành động của chúng ta'. Tháng 8/1945, Tổng khởi nghĩa giành chính quyền trên cả nước. Ngày 2/9/1945, Hồ Chí Minh đọc Tuyên ngôn Độc lập, khai sinh nước Việt Nam Dân chủ Cộng hòa.",Nguồn Stage20G2: timeline mở rộng năm 1945 | Năm 1930: Đảng Cộng sản Việt Nam ra đời và cao trào 1930-1931 | Năm 1959: Đoàn 559 và đường Trường Sơn | Năm 1975: Tổng tiến công mùa Xuân và giải phóng miền Nam | Năm 1974: chuyển biến trước Tổng tiến công 1975 và Phước Long,4.0,3.7,0.5,1.12,1.2,1.0,forbidden/wrong entity hit,True,10.0,Quảng trường Ba Đình,30/4/1975,
3,G5K_0003,fact_date,,1,200,"Trong dữ liệu 1930-1975, Đội Việt Nam Tuyên truyền Giải phóng quân 1944 cần nhớ mốc nào?","Mốc cần nhớ là ngày **22/12/1944**, khi **Đội Việt Nam Tuyên truyền Giải phóng quân** được thành lập tại rừng Trần Hưng Đạo, Cao Bằng. [1][2]","[1]: Đội Việt Nam Tuyên truyền Giải phóng quân :: Chuẩn hóa theo canonical fact VNTTGPQ_1944_FOUNDING_DATE: Đội Việt Nam Tuyên truyền Giải phóng quân thành lập ngày 22/12/1944 tại rừng Trần Hưng Đạo, Cao Bằng; đơn vị này gắn với vai trò chỉ huy của Võ Nguyên Giáp.. [TITLE] Đội Việt Nam Tuyên truyền Giải phóng quân - canonical answer evidence [SUMMARY] Đội Việt Nam Tuyên truyền Giải phóng quân thàn... | [2]: Đội Việt Nam Tuyên truyền Giải phóng quân thành lập ngày 22/12/1944 :: Ngày 22/12/1944, Đội Việt Nam Tuyên truyền Giải phóng quân được thành lập tại rừng Trần Hưng Đạo, Cao Bằng.",Đội Việt Nam Tuyên truyền Giải phóng quân | Đội Việt Nam Tuyên truyền Giải phóng quân thành lập ngày 22/12/1944 | Huế được giải phóng ngày 26/3/1975 | Năm 1975: Tổng tiến công mùa Xuân và giải phóng miền Nam | Năm 1974: chuyển biến trước Tổng tiến công 1975 và Phước Long,10.0,4.0,2.0,1.5,1.5,1.0,,False,10.0,,,
4,G5K_0004,fact_date,,1,200,"Nếu chỉ trả lời ngắn, Đại hội II của Đảng năm 1951 là mốc gì?",Đại hội II của Đảng năm 1951 là mốc quyết định đưa Đảng ra hoạt động công khai với tên **Đảng Lao động Việt Nam**. [1],[1]: Đại hội đại biểu toàn quốc lần thứ II của Đảng :: Chuẩn hóa theo focus planner DAI_HOI_II_1951_DATE: Đại hội II của Đảng diễn ra năm 1951; Đại hội quyết định đưa Đảng ra hoạt động công khai với tên Đảng Lao động Việt Nam.. [TITLE] Đại hội đại biểu toàn quốc lần thứ II của Đảng - canonical answer evidence [SUMMARY] Đại hội II năm 1951 quyết định đưa Đảng ra hoạt động công khai với tên Đảng Lao động...,Đại hội đại biểu toàn quốc lần thứ II của Đảng | Đại hội II năm 1951 và Đảng Lao động Việt Nam | Đường 9 trong Chiến dịch Đường 9 - Nam Lào năm 1971 | So sánh Đảng Cộng sản Việt Nam và Việt Minh | Đại hội I của Đảng năm 1935,10.0,4.0,2.0,1.5,1.5,1.0,,False,10.0,,,
5,G5K_0005,fact_date,,1,200,"Khi ôn lịch sử, Hiệp định Sơ bộ Việt - Pháp 6/3/1946 nên ghi nhớ ngày hoặc năm nào?","Khi ôn lịch sử, bạn nên ghi nhớ **ngày 6/3/1946**: đó là ngày ký **Hiệp định Sơ bộ Việt - Pháp**. [1]","[1]: Hiệp định Sơ bộ Việt-Pháp :: Chuẩn hóa theo canonical fact HIEP_DINH_SO_BO_1946_DATE: Ngày 6/3/1946 gắn với Hiệp định Sơ bộ Việt - Pháp; Chính phủ Việt Nam Dân chủ Cộng hòa ký với Pháp trong chủ trương hòa hoãn để xử lý tình thế sau độc lập.. [TITLE] Hiệp định Sơ bộ Việt-Pháp - canonical answer evidence [SUMMARY] Ngày 6/3/1946, Chính phủ Việt Nam Dân chủ Cộng hòa ký Hiệp định ...","Hiệp định Sơ bộ Việt-Pháp | Năm 1946: Hiệp định Sơ bộ, Tạm ước và Toàn quốc kháng chiến | Nguồn trực tiếp: Hiệp định Genève 1954 quy định đình chỉ chiến sự và giới tuyến tạm thời | Bối cảnh chính của Hiệp định Paris 1973 | Năm 1945: Nhật đảo chính Pháp, Tổng khởi nghĩa và Tuyên ngôn Độc lập",4.0,4.0,0.5,1.5,1.5,1.0,forbidden/wrong entity hit,True,10.0,,Tạm ước 14/9/1946,
6,G5K_0006,fact_date,,1,200,"Khi ôn lịch sử, Đội Việt Nam Tuyên truyền Giải phóng quân 1944 nên ghi nhớ ngày hoặc năm nào?","Khi ôn lịch sử, bạn nên ghi nhớ **Đội Việt Nam Tuyên truyền Giải phóng quân** được thành lập ngày **22/12/1944**. [1]","[1]: Đội Việt Nam Tuyên truyền Giải phóng quân :: Chuẩn hóa theo canonical fact VNTTGPQ_1944_FOUNDING_DATE: Đội Việt Nam Tuyên truyền Giải phóng quân thành lập ngày 22/12/1944 tại rừng Trần Hưng Đạo, Cao Bằng; đơn vị này gắn với vai trò chỉ huy của Võ Nguyên Giáp.. [TITLE] Đội Việt Nam Tuyên truyền Giải phóng quân - canonical answer evidence [SUMMARY] Đội Việt Nam Tuyên truyền Giải phóng quân thàn...",Đội Việt Nam Tuyên truyền Giải phóng quân | Đường 9 trong Chiến dịch Đường 9 - Nam Lào năm 1971 | Đội Việt Nam Tuyên truyền Giải phóng quân thành lập ngày 22/12/1944 | Việt Nam hóa chiến tranh giai đoạn 1969-1973 | Hội nghị Trung ương 8 năm 1941 và Việt Minh,10.0,4.0,2.0,1.5,1.5,1.0,,False,10.0,,,
7,G5K_0007,fact_date,,1,200,Hỏi nhanh: Nhật đảo chính Pháp ở Đông Dương 1945 diễn ra/gắn với thời điểm nào?,Nhật đảo chính Pháp ở Đông Dương diễn ra ngày **9/3/1945**. [1],"[1]: Mốc ngày 9/3/1945 trong lịch sử Việt Nam 1930-1945 :: Chuẩn hóa theo canonical fact NHAT_DAO_CHINH_PHAP_1945_DATE: Ngày 9/3/1945 gắn với sự kiện Nhật đảo chính Pháp ở Đông Dương, tạo bối cảnh để Đảng ra chỉ thị Nhật - Pháp bắn nhau và hành động của chúng ta.. [TITLE] Mốc ngày 9/3/1945 trong lịch sử Việt Nam 1930-1945 [SUMMARY] Nhật đảo chính Pháp ở Đông Dương ngày 9/3/1945. Sự kiện tạo bối cảnh để Đản...","Mốc ngày 9/3/1945 trong lịch sử Việt Nam 1930-1945 | So sánh Đảng Cộng sản Việt Nam và Việt Minh | Đại hội II năm 1951 và Đảng Lao động Việt Nam | Cao trào kháng Nhật cứu nước năm 1945 | Năm 1945: Nhật đảo chính Pháp, Tổng khởi nghĩa và Tuyên ngôn Độc lập",10.0,4.0,2.0,1.5,1.5,1.0,,False,10.0,,,
8,G5K_0008,fact_date,,1,200,Hỏi nhanh: Đại hội II của Đảng năm 1951 diễn ra/gắn với thời điểm nào?,Đại hội II của Đảng diễn ra vào năm 1951; đây cũng là thời điểm Đảng quyết định công khai hoạt động với tên Đảng Lao động Việt Nam. [1],[1]: Đại hội đại biểu toàn quốc lần thứ II của Đảng :: Chuẩn hóa theo canonical fact DAI_HOI_II_1951: Năm 1951 gắn với Đại hội II của Đảng; đại hội quyết định đưa Đảng ra hoạt động công khai với tên Đảng Lao động Việt Nam.. [TITLE] Đại hội đại biểu toàn quốc lần thứ II của Đảng - canonical answer evidence [SUMMARY] Đại hội II năm 1951 quyết định đưa Đảng ra hoạt động công khai với tên Đảng Lao động Việ...,Đại hội đại biểu toàn quốc lần thứ II của Đảng | Đại hội II năm 1951 và Đảng Lao động Việt Nam | So sánh Đảng Cộng sản Việt Nam và Việt Minh | Đại hội I của Đảng năm 1935 | Hội nghị Trung ương 8 năm 1941 và Việt Minh,10.0,4.0,2.0,1.5,1.5,1.0,,False,10.0,,,
9,G5K_0009,fact_date,,1,200,ngay 6/3/1946 la moc gi?,Ngày 6/3/1946 là mốc ký kết **Hiệp định Sơ bộ Việt - Pháp**: Chính phủ Việt Nam Dân chủ Cộng hòa ký với Pháp trong chủ trương hòa hoãn để xử lý tình thế sau độc lập. [1],"[1]: Hiệp định Sơ bộ Việt-Pháp :: Chuẩn hóa theo canonical fact HIEP_DINH_SO_BO_1946_DATE: Ngày 6/3/1946 gắn với Hiệp định Sơ bộ Việt - Pháp; Chính phủ Việt Nam Dân chủ Cộng hòa ký với Pháp trong chủ trương hòa hoãn để xử lý tình thế sau độc lập.. [TITLE] Hiệp định Sơ bộ Việt-Pháp - canonical answer evidence [SUMMARY] Ngày 6/3/1946, Chính phủ Việt Nam Dân chủ Cộng hòa ký Hiệp định ...","Hiệp định Sơ bộ Việt-Pháp | Năm 1946: Hiệp định Sơ bộ, Tạm ước và Toàn quốc kháng chiến | Ngày 10/3/1975 mở màn chiến dịch Tây Nguyên tại Buôn Ma Thuột | Lời kêu gọi thi đua ái quốc ngày 11/6/1948 | Đảng Cộng sản Việt Nam thành lập năm 1930",4.0,4.0,0.5,1.5,1.5,1.0,forbidden/wrong entity hit,True,10.0,,Tạm ước 14/9/1946,
10,G5K_0010,fact_date,,1,200,"Trong dữ liệu 1930-1975, Mặt trận Dân tộc Giải phóng miền Nam 1960 cần nhớ mốc nào?","Mốc cần nhớ là **20/12/1960**, khi **Mặt trận Dân tộc Giải phóng miền Nam Việt Nam** ra đời ở **miền Nam**, nhằm **tập hợp lực lượng miền Nam** trong **đấu tranh chống Mỹ**. [1]","[1]: Mặt trận Dân tộc Giải phóng miền Nam Việt Nam ra đời ngày 20/12/1960 :: Chuẩn hóa theo canonical fact NLF_1960_FOUNDING_DATE: Mặt trận Dân tộc Giải phóng miền Nam Việt Nam ra đời ngày 20/12/1960; ý nghĩa cốt lõi là tập hợp lực lượng miền Nam đấu tranh chống Mỹ và chính quyền Sài Gòn trong kháng chiến chống Mỹ.. [TITLE] Mặt trận Dân tộc Giải phóng miền Nam Việt Nam ra đời ngày 20/12/1960 [SUMMARY] Ngày 20/12/1960, Mặt t...",Mặt trận Dân tộc Giải phóng miền Nam Việt Nam ra đời ngày 20/12/1960 | Đồng Khởi là chuyển biến quan trọng ở miền Nam | Chiến thắng Phước Long cuối 1974 - đầu 1975 | Huế được giải phóng ngày 26/3/1975 | Hội nghị Trung ương 8 năm 1941 và Việt Minh,10.0,4.0,2.0,1.5,1.5,1.0,,False,10.0,,,
11,G5K_0011,fact_date,,1,200,"Khi ôn lịch sử, Tết Mậu Thân 1968 nên ghi nhớ ngày hoặc năm nào?","Khi ôn lịch sử, bạn nên ghi nhớ **Tết Mậu Thân là năm 1968**. Đây là mốc năm gắn với **Tổng tiến công và nổi dậy Tết Mậu Thân**. [1][2] Tết Mậu Thân 1968 thúc đẩy cục diện đàm phán, mốc ngoại giao sau đó là Paris 1973; chiến tranh không kết thúc ngay [1]","[1]: Ý nghĩa Tổng tiến công và nổi dậy Tết Mậu Thân 1968 :: Chuẩn hóa theo canonical fact TET_MAU_THAN_1968_YEAR: Năm 1968 gắn với Tổng tiến công và nổi dậy Tết Mậu Thân, một sự kiện tạo tác động chính trị lớn trong kháng chiến chống Mỹ.. [TITLE] Ý nghĩa Tổng tiến công và nổi dậy Tết Mậu Thân 1968 [SUMMARY] Tết Mậu Thân 1968 làm phá sản chiến lược Chiến tranh cục bộ của Mỹ. Nguồn chứng nhận ghi nhận Mỹ phải... | [2]: Năm 1968: Tổng tiến công và nổi dậy Tết Mậu Thân :: Năm 1968, Tổng tiến công và nổi dậy Tết Mậu Thân diễn ra trên nhiều đô thị miền Nam.",Ý nghĩa Tổng tiến công và nổi dậy Tết Mậu Thân 1968 | Năm 1968: Tổng tiến công và nổi dậy Tết Mậu Thân | Lời kêu gọi thi đua ái quốc ngày 11/6/1948 | Năm 1972: Tiến công chiến lược và Điện Biên Phủ trên không | Năm 1930: Đảng Cộng sản Việt Nam ra đời và cao trào 1930-1931,10.0,4.0,2.0,1.5,1.5,1.0,,False,10.0,,,
12,G5K_0012,fact_date,,1,200,"Khi ôn lịch sử, Năm 1954: Điện Biên Phủ và Genève nên ghi nhớ ngày hoặc năm nào?","Khi ôn mốc **1954**, bạn nên nhớ: **Điện Biên Phủ: 7/5/1954** và **Hiệp định Genève: 21/7/1954**. Đây là hai ngày quan trọng của năm 1954 cần ghi nhớ [1][4].","[1]: Nguồn period Stage20D: diễn biến chính thời kỳ 1945-1954 :: Thời kỳ 1945-1954 gồm các mốc: xây dựng chính quyền sau độc lập, Toàn quốc kháng chiến, Việt Bắc 1947, Biên giới 1950, Điện Biên Phủ 7/5/1954 và Hiệp định Genève 21/7/1954. | [4]: Chiến thắng Điện Biên Phủ - canonical answer evidence :: Ngày 7/5/1954, Chiến dịch Điện Biên Phủ kết thúc thắng lợi. Chiến thắng làm phá sản Kế hoạch Nava và tác động trực tiếp đến đàm phán Genève.",Nguồn period Stage20D: diễn biến chính thời kỳ 1945-1954 | Ý nghĩa Chiến thắng Điện Biên Phủ 1954 | So sánh Điện Biên Phủ 1954 và Chiến dịch Hồ Chí Minh 1975 | Chiến thắng Điện Biên Phủ - canonical answer evidence | Mốc ngày 7/5/1954 trong lịch sử Việt Nam 1945-1954,10.0,4.0,2.0,1.5,1.5,1.0,,False,10.0,,,
13,G5K_0013,fact_date,,1,200,viet bac thu dong la nam nao?,"Việt Bắc Thu Đông là năm **1947**. Đây là chiến dịch **Việt Bắc Thu Đông** năm 1947, đã làm thất bại chiến lược **đánh nhanh thắng nhanh** của Pháp. [1]",[1]: Chiến dịch Việt Bắc Thu-Đông 1947 :: Chuẩn hóa theo canonical fact VIET_BAC_1947_DATE: Chiến thắng/Chiến dịch Việt Bắc Thu Đông diễn ra năm 1947; thắng lợi này bảo vệ căn cứ Việt Bắc và đánh bại chiến lược đánh nhanh thắng nhanh của Pháp.. [TITLE] Chiến dịch Việt Bắc Thu-Đông 1947 - canonical answer evidence [SUMMARY] Chiến dịch Việt Bắc Thu-Đông 1947 đánh bại cuộc tiến công lên Việt ...,Chiến dịch Việt Bắc Thu-Đông 1947 | Diễn biến chính thời kỳ 1945-1954 | Đường 9 trong Chiến dịch Đường 9 - Nam Lào năm 1971 | So sánh Đảng Cộng sản Việt Nam và Việt Minh | Đồng Khởi là chuyển biến quan trọng ở miền Nam,10.0,4.0,2.0,1.5,1.5,1.0,,False,10.0,,,
14,G5K_0014,fact_date,,1,502,"Nếu chỉ trả lời ngắn, Nhật đảo chính Pháp ở Đông Dương 1945 là mốc gì?","9Router API mode trả về câu trả lời không đạt kiểm tra citation/context-only, nên hệ thống không hiển thị câu trả lời đó. Local no-cloud mode vẫn khả dụng.",,Mốc ngày 9/3/1945 trong lịch sử Việt Nam 1930-1945 | Đường 9 trong Chiến dịch Đường 9 - Nam Lào năm 1971 | Đại hội II năm 1951 và Đảng Lao động Việt Nam | Đội Việt Nam Tuyên truyền Giải phóng quân thành lập ngày 22/12/1944 | Cao trào kháng Nhật cứu nước năm 1945,2.0,0.0,0.5,0.0,0.0,0.5,HTTP/postcheck error; no usable final answer,True,,9/3/1945 | Nhật đảo chính Pháp,,Answer was blocked by runtime/citation-context postcheck.
15,G5K_0015,fact_date,,1,200,19/8/1945 gan voi su kien nao?,Ngày 19/8/1945 gắn với sự kiện quần chúng Hà Nội giành chính quyền trong Cách mạng Tháng Tám. [1],"[1]: Mốc ngày 19/8/1945 trong lịch sử Việt Nam 1930-1945 :: Chuẩn hóa theo canonical fact HANOI_AUG19_1945_DATE: Ngày 19/8/1945 gắn với sự kiện quần chúng Hà Nội giành chính quyền trong Cách mạng Tháng Tám.. [TITLE] Mốc ngày 19/8/1945 trong lịch sử Việt Nam 1930-1945 [SUMMARY] Ngày 19/8/1945, quần chúng Hà Nội xuống đường giành chính quyền. Đây là mốc tiêu biểu trong cao trào giành chính quyền của Cách mạng...",Mốc ngày 19/8/1945 trong lịch sử Việt Nam 1930-1945 | Đường 9 trong Chiến dịch Đường 9 - Nam Lào năm 1971 | Nguồn trực tiếp: Hiệp định Genève 1954 quy định đình chỉ chiến sự và giới tuyến tạm thời | So sánh Đảng Cộng sản Việt Nam và Việt Minh | Bối cảnh chính của Đường Trường Sơn và Đoàn 559,10.0,4.0,2.0,1.5,1.5,1.0,,False,10.0,,,
16,G5K_0016,fact_date,,1,200,"Khi ôn lịch sử, Luận cương chính trị tháng 10/1930 nên ghi nhớ ngày hoặc năm nào?","Khi ôn, bạn nên ghi nhớ **Luận cương chính trị tháng 10/1930** của **Trần Phú**, tức mốc **tháng 10 năm 1930**; nếu chỉ cần nhớ năm thì là **1930**. [1]","[1]: Thông qua Luận cương chính trị tháng 10/1930 :: Chuẩn hóa theo canonical fact LUAN_CUONG_1930_TRAN_PHU: Luận cương chính trị tháng 10/1930 là văn kiện quan trọng của Đảng, gắn với Trần Phú và Hội nghị Trung ương tháng 10/1930.. [TITLE] Thông qua Luận cương chính trị tháng 10/1930 [SUMMARY] Năm 1930, Thông qua Luận cương chính trị tháng 10/1930. [YEAR] 1930 [YEARS] 1930 [DATES] [PERIOD]",Thông qua Luận cương chính trị tháng 10/1930 | Năm 1930: Đảng Cộng sản Việt Nam ra đời và cao trào 1930-1931 | Ngày 10/3/1975 mở màn chiến dịch Tây Nguyên tại Buôn Ma Thuột | Đảng Cộng sản Việt Nam thành lập năm 1930 | So sánh Đảng Cộng sản Việt Nam và Việt Minh,10.0,4.0,2.0,1.5,1.5,1.0,,False,10.0,,,
17,G5K_0017,fact_date,,1,200,"Khi ôn lịch sử, Nhật đảo chính Pháp ở Đông Dương 1945 nên ghi nhớ ngày hoặc năm nào?","Khi ôn lịch sử, bạn nên nhớ mốc **9/3/1945** — đó là ngày **Nhật đảo chính Pháp** ở Đông Dương. [1]","[1]: Mốc ngày 9/3/1945 trong lịch sử Việt Nam 1930-1945 :: Chuẩn hóa theo canonical fact NHAT_DAO_CHINH_PHAP_1945_DATE: Ngày 9/3/1945 gắn với sự kiện Nhật đảo chính Pháp ở Đông Dương, tạo bối cảnh để Đảng ra chỉ thị Nhật - Pháp bắn nhau và hành động của chúng ta.. [TITLE] Mốc ngày 9/3/1945 trong lịch sử Việt Nam 1930-1945 [SUMMARY] Nhật đảo chính Pháp ở Đông Dương ngày 9/3/1945. Sự kiện tạo bối cảnh để Đản...","Mốc ngày 9/3/1945 trong lịch sử Việt Nam 1930-1945 | Cao trào kháng Nhật cứu nước năm 1945 | Năm 1945: Nhật đảo chính Pháp, Tổng khởi nghĩa và Tuyên ngôn Độc lập | Năm 1959: Đoàn 559 và đường Trường Sơn | Năm 1930: Đảng Cộng sản Việt Nam ra đời và cao trào 1930-1931",10.0,4.0,2.0,1.5,1.5,1.0,,False,10.0,,,
18,G5K_0018,fact_date,,1,200,"Trong dữ liệu 1930-1975, Huế được giải phóng ngày 26/3/1975 cần nhớ mốc nào?","Huế được giải phóng ngày 26/3/1975. Mốc cần nhớ là **26/3/1975**, khi **Huế** được **giải phóng**. [1]","[1]: Giải phóng Huế :: Chuẩn hóa theo canonical fact HUE_1975_LIBERATION_DATE: Ngày 26/3/1975 gắn với mốc Huế được giải phóng trong diễn biến nhanh của Tổng tiến công mùa Xuân 1975.. [TITLE] Giải phóng Huế - canonical answer evidence [SUMMARY] Ngày 26/3/1975, Huế được giải phóng. [YEAR] 1975 [YEARS] 1975 [DATES] 26/3/1975 [PERIOD] 1975",Giải phóng Huế | Huế được giải phóng ngày 26/3/1975 | Chiến thắng Phước Long cuối 1974 - đầu 1975 | Ngày 10/3/1975 mở màn chiến dịch Tây Nguyên tại Buôn Ma Thuột | Bối cảnh chính của Chiến dịch Hồ Chí Minh,4.0,4.0,0.5,1.5,1.5,1.0,forbidden/wrong entity hit,True,10.0,,Đà Nẵng 29/3/1975,
19,G5K_0019,fact_date,,1,200,"Trong dữ liệu 1930-1975, Hiệp định Sơ bộ Việt - Pháp 6/3/1946 cần nhớ mốc nào?","Mốc cần nhớ là **6/3/1946**: đó là ngày ký **Hiệp định Sơ bộ Việt - Pháp**, khi Chính phủ Việt Nam Dân chủ Cộng hòa ký với Pháp trong chủ trương hòa hoãn để xử lý tình thế sau độc lập. [1]","[1]: Hiệp định Sơ bộ Việt-Pháp :: Chuẩn hóa theo canonical fact HIEP_DINH_SO_BO_1946_DATE: Ngày 6/3/1946 gắn với Hiệp định Sơ bộ Việt - Pháp; Chính phủ Việt Nam Dân chủ Cộng hòa ký với Pháp trong chủ trương hòa hoãn để xử lý tình thế sau độc lập.. [TITLE] Hiệp định Sơ bộ Việt-Pháp - canonical answer evidence [SUMMARY] Ngày 6/3/1946, Chính phủ Việt Nam Dân chủ Cộng hòa ký Hiệp định ...","Hiệp định Sơ bộ Việt-Pháp | Năm 1946: Hiệp định Sơ bộ, Tạm ước và Toàn quốc kháng chiến | Nguồn trực tiếp: Hiệp định Genève 1954 quy định đình chỉ chiến sự và giới tuyến tạm thời | Bối cảnh chính của Hiệp định Paris 1973 | Năm 1974: chuyển biến trước Tổng tiến công 1975 và Phước Long",4.0,4.0,0.5,1.5,1.5,1.0,forbidden/wrong entity hit,True,10.0,,Tạm ước 14/9/1946,
20,G5K_0020,fact_date,,1,200,Hỏi nhanh: Mặt trận Việt Minh 1941 diễn ra/gắn với thời điểm nào?,"Mặt trận Việt Minh gắn với mốc **19/5/1941**, ra đời trong bối cảnh **Hội nghị Trung ương 8** năm 1941, khi nhiệm vụ **giải phóng dân tộc** được đặt lên hàng đầu. [1][2]","[1]: So sánh Đảng Cộng sản Việt Nam và Việt Minh :: Chuẩn hóa theo canonical fact VIET_MINH_1941_FOUNDING_DATE_EXACT: Mặt trận Việt Minh ra đời trong tháng 5/1941; nguồn dữ liệu ghi mốc 19/5/1941 là ngày thành lập Mặt trận Việt Minh, gắn với Hội nghị Trung ương 8 do Nguyễn Ái Quốc chủ trì và chủ trương đặt nhiệm vụ giải phóng dân tộc lên hàng đầu.. [TITLE] So sánh Đảng Cộng sản Việt Nam và Việt Minh... | [2]: Hội nghị Trung ương 8 năm 1941 và Việt Minh :: Hội nghị Trung ương 8 năm 1941 hoàn chỉnh chuyển hướng chiến lược, đặt giải phóng dân tộc lên hàng đầu và gắn với việc thành lập Việt Minh.",So sánh Đảng Cộng sản Việt Nam và Việt Minh | Hội nghị Trung ương 8 năm 1941 và Việt Minh | Huế được giải phóng ngày 26/3/1975 | Lời kêu gọi thi đua ái quốc ngày 11/6/1948 | Đại hội I của Đảng năm 1935,10.0,4.0,2.0,1.5,1.5,1.0,,False,10.0,,,
21,G5K_0021,fact_date,,1,200,"Nếu chỉ trả lời ngắn, Mặt trận Việt Minh 1941 là mốc gì?","Mặt trận Việt Minh là mốc **19/5/1941**, gắn với **Hội nghị Trung ương 8** và chủ trương đặt nhiệm vụ **giải phóng dân tộc** lên hàng đầu. [1][4]","[1]: So sánh Đảng Cộng sản Việt Nam và Việt Minh :: Chuẩn hóa theo canonical fact VIET_MINH_1941_FOUNDING_DATE_EXACT: Mặt trận Việt Minh ra đời trong tháng 5/1941; nguồn dữ liệu ghi mốc 19/5/1941 là ngày thành lập Mặt trận Việt Minh, gắn với Hội nghị Trung ương 8 do Nguyễn Ái Quốc chủ trì và chủ trương đặt nhiệm vụ giải phóng dân tộc lên hàng đầu.. [TITLE] So sánh Đảng Cộng sản Việt Nam và Việt Minh... | [4]: Hội nghị Trung ương 8 năm 1941 và Việt Minh :: Hội nghị Trung ương 8 năm 1941 hoàn chỉnh chuyển hướng chiến lược, đặt giải phóng dân tộc lên hàng đầu và gắn với việc thành lập Việt Minh.",So sánh Đảng Cộng sản Việt Nam và Việt Minh | Đường 9 trong Chiến dịch Đường 9 - Nam Lào năm 1971 | Đội Việt Nam Tuyên truyền Giải phóng quân thành lập ngày 22/12/1944 | Hội nghị Trung ương 8 năm 1941 và Việt Minh | Lời kêu gọi thi đua ái quốc ngày 11/6/1948,10.0,4.0,2.0,1.5,1.5,1.0,,False,10.0,,,
22,G5K_0022,fact_date,,1,200,Hỏi nhanh: Trận Buôn Ma Thuột 10/3/1975 diễn ra/gắn với thời điểm nào?,"Trận Buôn Ma Thuột diễn ra ngày **10/3/1975** ở **Tây Nguyên**, và đây là mốc **mở màn Chiến dịch Tây Nguyên**. [1]","[1]: Ngày 10/3/1975 mở màn chiến dịch Tây Nguyên tại Buôn Ma Thuột :: Chuẩn hóa theo canonical fact BUON_MA_THUOT_1975_START_DATE: Ngày 10/3/1975 gắn với trận Buôn Ma Thuột, mốc mở màn then chốt của Chiến dịch Tây Nguyên và tạo đột phá cho Tổng tiến công mùa Xuân 1975.. [TITLE] Ngày 10/3/1975 mở màn chiến dịch Tây Nguyên tại Buôn Ma Thuột [SUMMARY] Ngày 10/3/1975, trận Buôn Ma Thuột mở màn chiến dịch Tây Nguyên, tạo ...",Ngày 10/3/1975 mở màn chiến dịch Tây Nguyên tại Buôn Ma Thuột | Huế được giải phóng ngày 26/3/1975 | So sánh Đảng Cộng sản Việt Nam và Việt Minh | Nguồn trực tiếp: Hiệp định Genève 1954 quy định đình chỉ chiến sự và giới tuyến tạm thời | Bối cảnh chính của Chiến dịch Hồ Chí Minh,4.0,4.0,0.5,1.5,1.5,1.0,forbidden/wrong entity hit,True,10.0,,30/4/1975,
23,G5K_0023,fact_date,,1,200,trong lich su viet nam 1930 1975 1951 gan voi su kien nao?,"Năm 1951 gắn với **Đại hội II** của Đảng, tại đó quyết định đưa Đảng ra hoạt động công khai với tên **Đảng Lao động Việt Nam**. [1]",[1]: Đại hội đại biểu toàn quốc lần thứ II của Đảng :: Chuẩn hóa theo canonical fact DAI_HOI_II_1951: Năm 1951 gắn với Đại hội II của Đảng; đại hội quyết định đưa Đảng ra hoạt động công khai với tên Đảng Lao động Việt Nam.. [TITLE] Đại hội đại biểu toàn quốc lần thứ II của Đảng - canonical answer evidence [SUMMARY] Đại hội II năm 1951 quyết định đưa Đảng ra hoạt động công khai với tên Đảng Lao động Việ...,Đại hội đại biểu toàn quốc lần thứ II của Đảng | Đại hội II năm 1951 và Đảng Lao động Việt Nam | Chiến thắng Phước Long cuối 1974 - đầu 1975 | Năm 1975: Tổng tiến công mùa Xuân và giải phóng miền Nam | Năm 1930: Đảng Cộng sản Việt Nam ra đời và cao trào 1930-1931,10.0,4.0,2.0,1.5,1.5,1.0,,False,10.0,,,
24,G5K_0024,fact_date,,1,200,Hỏi nhanh: Toàn quốc kháng chiến 1946 diễn ra/gắn với thời điểm nào?,"Toàn quốc kháng chiến diễn ra ngày 19/12/1946, gắn với mốc bùng nổ cuộc kháng chiến toàn quốc chống thực dân Pháp. [1]","[1]: Toàn quốc kháng chiến :: Chuẩn hóa theo canonical fact TOAN_QUOC_KHANG_CHIEN_1946_START_DATE: Toàn quốc kháng chiến bùng nổ ngày 19/12/1946, mở đầu cuộc kháng chiến toàn quốc chống thực dân Pháp.. [TITLE] Toàn quốc kháng chiến - canonical answer evidence [SUMMARY] Ngày 19/12/1946, cuộc Toàn quốc kháng chiến chống thực dân Pháp bùng nổ. Lời kêu gọi Toàn quốc kháng chiến của...","Toàn quốc kháng chiến | Đấu tranh ngoại giao với Pháp trước 19/12/1946 | Toàn quốc kháng chiến bùng nổ | Hình thành đường lối kháng chiến toàn dân, toàn diện, lâu dài, tự lực cánh sinh | Công bố/lan truyền Lời kêu gọi Toàn quốc kháng chiến",10.0,4.0,2.0,1.5,1.5,1.0,,False,10.0,,,
25,G5K_0025,fact_date,,1,200,chien dich dien bien phu bat dau ngay nao?,"Chiến dịch Điện Biên Phủ bắt đầu ngày **13/3/1954**, mở màn bằng trận **Him Lam**. [1][4]","[1]: Mốc ngày 13/3/1954 trong lịch sử Việt Nam 1945-1954 :: Chuẩn hóa theo canonical fact DBP_1954_START_DATE: Ngày 13/3/1954 gắn với mốc mở màn Chiến dịch Điện Biên Phủ, bắt đầu bằng trận Him Lam.. [TITLE] Mốc ngày 13/3/1954 trong lịch sử Việt Nam 1945-1954 [SUMMARY] Ngày 13/3/1954, Chiến dịch Điện Biên Phủ mở màn với trận Him Lam. Ý chính liên quan: 13/3/1954; Điện Biên Phủ; Him Lam. Mốc thời gian cần nhớ... | [4]: Trận đánh đồi Him Lam mở màn chiến dịch Điện Biên Phủ :: Đêm 13-3-1954, quân ta tiêu diệt hoàn toàn cứ điểm Him Lam trong vòng chưa đầy ba tiếng đồng hồ – một pháo đài mà Pháp tự tin là bất khả xâm phạm.",Mốc ngày 13/3/1954 trong lịch sử Việt Nam 1945-1954 | Ý nghĩa Chiến thắng Điện Biên Phủ 1954 | So sánh Điện Biên Phủ 1954 và Chiến dịch Hồ Chí Minh 1975 | Trận đánh đồi Him Lam mở màn chiến dịch Điện Biên Phủ | Phân biệt Chiến dịch Điện Biên Phủ với trận Him Lam mở màn,10.0,4.0,2.0,1.5,1.5,1.0,,False,10.0,,,
26,G5K_0026,fact_date,,1,200,"Nếu chỉ trả lời ngắn, Nam Bộ kháng chiến 1945 là mốc gì?","Nam Bộ kháng chiến là mốc ngày 23/9/1945, khi thực dân Pháp trở lại xâm lược ở Sài Gòn - Nam Bộ. [1]","[1]: Nam Bộ kháng chiến :: Chuẩn hóa theo canonical fact NAM_BO_KHANG_CHIEN_1945_START_DATE: Nam Bộ kháng chiến bắt đầu ngày 23/9/1945, khi thực dân Pháp trở lại xâm lược ở Sài Gòn - Nam Bộ.. [TITLE] Nam Bộ kháng chiến - canonical answer evidence [SUMMARY] Ngày 23/9/1945, nhân dân Nam Bộ bước vào kháng chiến chống thực dân Pháp quay lại xâm lược. [YEAR] 1945 [YEARS] 1945 [DA...",Nam Bộ kháng chiến | Đường 9 trong Chiến dịch Đường 9 - Nam Lào năm 1971 | Đại hội II năm 1951 và Đảng Lao động Việt Nam | Chiến thắng Phước Long cuối 1974 - đầu 1975 | Cao trào kháng Nhật cứu nước năm 1945,10.0,4.0,2.0,1.5,1.5,1.0,,False,10.0,,,
27,G5K_0027,fact_date,,1,200,"Trong dữ liệu 1930-1975, Chiến thắng Việt Bắc Thu Đông 1947 cần nhớ mốc nào?","Chiến thắng Việt Bắc Thu Đông cần nhớ mốc **năm 1947**: đây là thắng lợi đánh bại cuộc tiến công lên Việt Bắc của Pháp, làm phá sản chiến lược **đánh nhanh thắng nhanh**. [1]",[1]: Chiến dịch Việt Bắc Thu-Đông 1947 :: Chuẩn hóa theo canonical fact VIET_BAC_1947_DATE: Chiến thắng/Chiến dịch Việt Bắc Thu Đông diễn ra năm 1947; thắng lợi này bảo vệ căn cứ Việt Bắc và đánh bại chiến lược đánh nhanh thắng nhanh của Pháp.. [TITLE] Chiến dịch Việt Bắc Thu-Đông 1947 - canonical answer evidence [SUMMARY] Chiến dịch Việt Bắc Thu-Đông 1947 đánh bại cuộc tiến công lên Việt ...,Chiến dịch Việt Bắc Thu-Đông 1947 | Ngày 10/3/1975 mở màn chiến dịch Tây Nguyên tại Buôn Ma Thuột | Năm 1975: Tổng tiến công mùa Xuân và giải phóng miền Nam | Năm 1974: chuyển biến trước Tổng tiến công 1975 và Phước Long | Năm 1930: Đảng Cộng sản Việt Nam ra đời và cao trào 1930-1931,10.0,4.0,2.0,1.5,1.5,1.0,,False,10.0,,,
28,G5K_0028,fact_date,,1,200,Hỏi nhanh: Hiệp định Paris 1973 diễn ra/gắn với thời điểm nào?,"Hiệp định Paris 1973 diễn ra trong bối cảnh **Mỹ rút quân** khỏi miền Nam Việt Nam theo tiến trình thực hiện hiệp định, nhưng **chiến tranh chưa kết thúc ngay** mà còn kéo dài đến **1975**. [1]","[1]: So sánh Hiệp định Genève 1954 và Hiệp định Paris 1973 :: Chuẩn hóa theo canonical fact PARIS_1973_US_WITHDRAWAL: Không. Sau Hiệp định Paris 1973, Mỹ rút quân khỏi miền Nam Việt Nam theo tiến trình thực hiện hiệp định; tuy vậy chiến tranh chưa kết thúc hoàn toàn ngay mà còn kéo dài đến thắng lợi năm 1975.. [TITLE] So sánh Hiệp định Genève 1954 và Hiệp định Paris 1973 [SUMMARY] Hiệp định Genève 1954 gắn vớ...",So sánh Hiệp định Genève 1954 và Hiệp định Paris 1973 | Huế được giải phóng ngày 26/3/1975 | Hội nghị Trung ương 8 năm 1941 và Việt Minh | Đại hội I của Đảng năm 1935 | Năm 1972: Tiến công chiến lược và Điện Biên Phủ trên không,8.99,3.7,2.0,1.12,1.17,1.0,,False,10.0,quyền dân tộc,,
29,G5K_0029,fact_date,,1,200,"Khi ôn lịch sử, Hiến pháp 1946 nên ghi nhớ ngày hoặc năm nào?","Khi ôn lịch sử, bạn nên ghi nhớ **năm 1946** và mốc **ngày 9/11/1946**: đây là **Hiến pháp đầu tiên** của nước **Việt Nam Dân chủ Cộng hòa** được Quốc hội thông qua. [1]","[1]: Hiến pháp năm 1946 :: Chuẩn hóa theo canonical fact HIEN_PHAP_1946_FIRST_CONSTITUTION: Năm 1946 gắn với Hiến pháp đầu tiên của nước Việt Nam Dân chủ Cộng hòa; Quốc hội thông qua Hiến pháp ngày 9/11/1946.. [TITLE] Hiến pháp năm 1946 - canonical answer evidence [SUMMARY] Ngày 9/11/1946, Quốc hội thông qua bản Hiến pháp đầu tiên của nước Việt Nam Dân chủ Cộng hòa. [YEAR] 1...","Hiến pháp năm 1946 | Năm 1946: Hiệp định Sơ bộ, Tạm ước và Toàn quốc kháng chiến | Năm 1945: Nhật đảo chính Pháp, Tổng khởi nghĩa và Tuyên ngôn Độc lập | Năm 1930: Đảng Cộng sản Việt Nam ra đời và cao trào 1930-1931 | Năm 1959: Đoàn 559 và đường Trường Sơn",10.0,4.0,2.0,1.5,1.5,1.0,,False,10.0,,,
30,G5K_0030,fact_date,,1,200,"Trong dữ liệu 1930-1975, Tết Mậu Thân 1968 cần nhớ mốc nào?","Tết Mậu Thân 1968 tạo tác động chính trị lớn: làm lung lay chiến lược chiến tranh của Mỹ, ảnh hưởng mạnh tới dư luận/chính trường Mỹ và thúc đẩy cục diện đàm phán; mốc ngoại giao quan trọng sau đó là Hiệp định Paris 1973. Sự kiện này không làm chiến tranh kết thúc ngay [1]","[1]: So sánh Hiệp định Genève 1954 và Hiệp định Paris 1973 :: Chuẩn hóa theo canonical fact TET_MAU_THAN_1968_IMPACT: Tết Mậu Thân 1968 tạo tác động chính trị lớn: làm lung lay chiến lược chiến tranh của Mỹ, ảnh hưởng mạnh tới dư luận/chính trường Mỹ và thúc đẩy cục diện đàm phán; mốc ngoại giao quan trọng sau đó là Hiệp định Paris 1973. Sự kiện này không làm chiến tranh kết thúc ngay.. [TITLE] So sánh Hiệp đ...",So sánh Hiệp định Genève 1954 và Hiệp định Paris 1973 | Năm 1968: Tổng tiến công và nổi dậy Tết Mậu Thân | Năm 1975: Tổng tiến công mùa Xuân và giải phóng miền Nam | Năm 1974: chuyển biến trước Tổng tiến công 1975 và Phước Long | Năm 1930: Đảng Cộng sản Việt Nam ra đời và cao trào 1930-1931,10.0,4.0,2.0,1.5,1.5,1.0,,False,10.0,,,
31,G5K_0031,fact_date,,1,200,paris 1973 ky ngay thang nao?,"Hiệp định Paris được ký ngày **27/1/1973**; đây là hiệp định về chấm dứt chiến tranh, lập lại hòa bình ở Việt Nam, gắn với việc **Mỹ rút quân** và việc tôn trọng các **quyền dân tộc** cơ bản của Việt Nam. [1][3][4] Sau Paris 1973, Mỹ rút quân nhưng chiến tranh chưa kết thúc ngay, còn kéo dài đến 1975 [1]","[1]: Nguồn trực tiếp: cục diện sau Hiệp định Paris :: Chuẩn hóa theo canonical fact PARIS_1973_SIGNING: Hiệp định Paris được ký ngày 27/1/1973 về chấm dứt chiến tranh, lập lại hòa bình ở Việt Nam; mốc này gắn với việc Mỹ rút quân và việc tôn trọng các quyền dân tộc cơ bản của Việt Nam, nhưng chiến tranh chưa kết thúc hoàn toàn ngay.. [TITLE] Nguồn trực tiếp: cục diện sau Hiệp định Paris [SUMMARY] Cục ... | [3]: Bối cảnh chính của Hiệp định Paris 1973 :: Ngày 27/1/1973, Hiệp định Paris về chấm dứt chiến tranh, lập lại hòa bình ở Việt Nam được ký kết. | [4]: Phân biệt Hiệp định Genève 1954 và Hiệp định Paris 1973 :: Hiệp định Genève 1954 gắn với đình chỉ chiến sự ở Đông Dương sau kháng chiến chống Pháp; Hiệp định Paris 1973 gắn với chấm dứt chiến tranh, lập lại hòa bình ở Việt Nam và việc Mỹ rút quân.",Nguồn trực tiếp: cục diện sau Hiệp định Paris | Việt Nam hóa chiến tranh giai đoạn 1969-1973 | Bối cảnh chính của Hiệp định Paris 1973 | Phân biệt Hiệp định Genève 1954 và Hiệp định Paris 1973 | Năm 1974: chuyển biến trước Tổng tiến công 1975 và Phước Long,10.0,4.0,2.0,1.5,1.5,1.0,,False,10.0,,,
32,G5K_0032,fact_date,,1,200,"Nếu chỉ trả lời ngắn, Hiến pháp 1946 là mốc gì?",Hiến pháp 1946 là mốc ban hành **Hiến pháp đầu tiên của Việt Nam Dân chủ Cộng hòa**; Quốc hội thông qua ngày 9/11/1946. [1],"[1]: Hiến pháp năm 1946 :: Chuẩn hóa theo canonical fact HIEN_PHAP_1946_FIRST_CONSTITUTION: Năm 1946 gắn với Hiến pháp đầu tiên của nước Việt Nam Dân chủ Cộng hòa; Quốc hội thông qua Hiến pháp ngày 9/11/1946.. [TITLE] Hiến pháp năm 1946 - canonical answer evidence [SUMMARY] Ngày 9/11/1946, Quốc hội thông qua bản Hiến pháp đầu tiên của nước Việt Nam Dân chủ Cộng hòa. [YEAR] 1...",Hiến pháp năm 1946 | Đường 9 trong Chiến dịch Đường 9 - Nam Lào năm 1971 | Chiến thắng Phước Long cuối 1974 - đầu 1975 | Lời kêu gọi thi đua ái quốc ngày 11/6/1948 | Xô viết Nghệ Tĩnh trong cao trào 1930-1931,10.0,4.0,2.0,1.5,1.5,1.0,,False,10.0,,,
33,G5K_0033,fact_date,,1,200,Hỏi nhanh: Hội nghị thành lập Đảng Cộng sản Việt Nam 1930 diễn ra/gắn với thời điểm nào?,"Hội nghị thành lập Đảng Cộng sản Việt Nam diễn ra vào đầu năm 1930, thường lấy mốc ngày **3/2/1930**; đây là hội nghị hợp nhất các tổ chức cộng sản để thành lập **Đảng Cộng sản Việt Nam**. [1]","[1]: Đảng Cộng sản Việt Nam thành lập năm 1930 :: Chuẩn hóa theo canonical fact PARTY_FOUNDING_CONFERENCE_1930: Hội nghị hợp nhất thành lập Đảng Cộng sản Việt Nam diễn ra đầu năm 1930, thường lấy mốc ngày 3/2/1930; đây là mốc hợp nhất các tổ chức cộng sản và thành lập Đảng Cộng sản Việt Nam.. [TITLE] Đảng Cộng sản Việt Nam thành lập năm 1930 [SUMMARY] Đảng Cộng sản Việt Nam ra đời đầu năm 1930 qua...",Đảng Cộng sản Việt Nam thành lập năm 1930 | So sánh Đảng Cộng sản Việt Nam và Việt Minh | Đại hội II năm 1951 và Đảng Lao động Việt Nam | Đại hội I của Đảng năm 1935 | Năm 1930: Đảng Cộng sản Việt Nam ra đời và cao trào 1930-1931,10.0,4.0,2.0,1.5,1.5,1.0,,False,10.0,,,
34,G5K_0034,fact_date,,1,200,"Khi ôn lịch sử, Mặt trận Dân tộc Giải phóng miền Nam 1960 nên ghi nhớ ngày hoặc năm nào?","Nếu bạn đang ôn mốc gắn với **giải phóng miền Nam, kết thúc chiến tranh và thống nhất đất nước** thì cần nhớ **ngày 30/4/1975**. Đây là ngày Dinh Độc Lập bị chiếm, chính quyền Sài Gòn đầu hàng, mở đường cho thống nhất đất nước. [1]","[1]: Ý nghĩa Chiến dịch Hồ Chí Minh và Đại thắng mùa Xuân 1975 :: Chuẩn hóa theo canonical fact APRIL_30_1975_MEANING: Ngày 30/4/1975 gắn với giải phóng miền Nam, chính quyền Sài Gòn đầu hàng, kết thúc chiến tranh và mở đường cho thống nhất đất nước.. [TITLE] Ý nghĩa Chiến dịch Hồ Chí Minh và Đại thắng mùa Xuân 1975 [SUMMARY] Chiến dịch Hồ Chí Minh là đòn quyết định trong cuộc tấn công quân sự cuối cùng của mùa X...",Ý nghĩa Chiến dịch Hồ Chí Minh và Đại thắng mùa Xuân 1975 | So sánh Đảng Cộng sản Việt Nam và Việt Minh | Đồng Khởi là chuyển biến quan trọng ở miền Nam | Hội nghị Trung ương 8 năm 1941 và Việt Minh | Năm 1975: Tổng tiến công mùa Xuân và giải phóng miền Nam,4.85,1.6,1.2,0.6,0.45,1.0,weak displayed citation support,True,8.5,20/12/1960 | tập hợp lực lượng miền Nam | đấu tranh chống Mỹ,,
35,G5K_0035,fact_date,,1,200,Hỏi nhanh: Nam Bộ kháng chiến 1945 diễn ra/gắn với thời điểm nào?,"Nam Bộ kháng chiến diễn ra từ ngày **23/9/1945**, gắn với thời điểm **thực dân Pháp trở lại xâm lược** ở Sài Gòn - Nam Bộ. [1]","[1]: Nam Bộ kháng chiến :: Chuẩn hóa theo canonical fact NAM_BO_KHANG_CHIEN_1945_START_DATE: Nam Bộ kháng chiến bắt đầu ngày 23/9/1945, khi thực dân Pháp trở lại xâm lược ở Sài Gòn - Nam Bộ.. [TITLE] Nam Bộ kháng chiến - canonical answer evidence [SUMMARY] Ngày 23/9/1945, nhân dân Nam Bộ bước vào kháng chiến chống thực dân Pháp quay lại xâm lược. [YEAR] 1945 [YEARS] 1945 [DA...",Nam Bộ kháng chiến | Đại hội II năm 1951 và Đảng Lao động Việt Nam | Cao trào kháng Nhật cứu nước năm 1945 | Huế được giải phóng ngày 26/3/1975 | Hội nghị Trung ương 8 năm 1941 và Việt Minh,10.0,4.0,2.0,1.5,1.5,1.0,,False,10.0,,,
36,G5K_0036,fact_date,,1,200,"Nếu chỉ trả lời ngắn, Trận Buôn Ma Thuột 10/3/1975 là mốc gì?","Trận Buôn Ma Thuột ngày 10/3/1975 là mốc mở màn của Chiến dịch Tây Nguyên, mở đầu cho đột phá của Tổng tiến công mùa Xuân 1975. [1]","[1]: Ngày 10/3/1975 mở màn chiến dịch Tây Nguyên tại Buôn Ma Thuột :: Chuẩn hóa theo canonical fact BUON_MA_THUOT_1975_START_DATE: Ngày 10/3/1975 gắn với trận Buôn Ma Thuột, mốc mở màn then chốt của Chiến dịch Tây Nguyên và tạo đột phá cho Tổng tiến công mùa Xuân 1975.. [TITLE] Ngày 10/3/1975 mở màn chiến dịch Tây Nguyên tại Buôn Ma Thuột [SUMMARY] Ngày 10/3/1975, trận Buôn Ma Thuột mở màn chiến dịch Tây Nguyên, tạo ...",Ngày 10/3/1975 mở màn chiến dịch Tây Nguyên tại Buôn Ma Thuột | Chiến thắng Phước Long cuối 1974 - đầu 1975 | Đội Việt Nam Tuyên truyền Giải phóng quân thành lập ngày 22/12/1944 | Lời kêu gọi thi đua ái quốc ngày 11/6/1948 | Đường 9 trong Chiến dịch Đường 9 - Nam Lào năm 1971,4.0,4.0,0.5,1.5,1.5,1.0,forbidden/wrong entity hit,True,10.0,,30/4/1975,
37,G5K_0037,fact_date,,1,200,"Khi ôn lịch sử, Chiến dịch Điện Biên Phủ kết thúc nên ghi nhớ ngày hoặc năm nào?","Khi ôn lịch sử, Chiến dịch Điện Biên Phủ nên nhớ **kết thúc thắng lợi ngày 7/5/1954**; đồng thời mốc mở màn là **13/3/1954** với **trận Him Lam**, và chiến dịch kéo dài **56 ngày đêm**. [1][4]","[1]: Mở màn Chiến dịch Điện Biên Phủ :: Chuẩn hóa theo canonical fact DBP_1954_MILESTONES: Các mốc ổn định của Chiến dịch Điện Biên Phủ: mở màn ngày 13/3/1954 với trận Him Lam, diễn ra 56 ngày đêm, và kết thúc thắng lợi ngày 7/5/1954.. [TITLE] Mở màn Chiến dịch Điện Biên Phủ - canonical answer evidence [SUMMARY] Ngày 13/3/1954, Chiến dịch Điện Biên Phủ mở màn với trận Him Lam. [YEAR] 195... | [4]: Chiến thắng Điện Biên Phủ - canonical answer evidence :: Ngày 7/5/1954, Chiến dịch Điện Biên Phủ kết thúc thắng lợi. Chiến thắng làm phá sản Kế hoạch Nava và tác động trực tiếp đến đàm phán Genève.",Mở màn Chiến dịch Điện Biên Phủ | Ý nghĩa Chiến thắng Điện Biên Phủ 1954 | So sánh Điện Biên Phủ 1954 và Chiến dịch Hồ Chí Minh 1975 | Chiến thắng Điện Biên Phủ - canonical answer evidence | Mốc ngày 7/5/1954 trong lịch sử Việt Nam 1945-1954,10.0,4.0,2.0,1.5,1.5,1.0,,False,10.0,,,
38,G5K_0038,fact_date,,1,200,Hỏi nhanh: Hà Nội giành chính quyền ngày 19/8/1945 diễn ra/gắn với thời điểm nào?,"Hà Nội giành chính quyền ngày **19/8/1945**, diễn ra trong **Cách mạng Tháng Tám**; đây là mốc quần chúng Hà Nội xuống đường giành chính quyền. [1]","[1]: Mốc ngày 19/8/1945 trong lịch sử Việt Nam 1930-1945 :: Chuẩn hóa theo canonical fact HANOI_AUG19_1945_DATE: Ngày 19/8/1945 gắn với sự kiện quần chúng Hà Nội giành chính quyền trong Cách mạng Tháng Tám.. [TITLE] Mốc ngày 19/8/1945 trong lịch sử Việt Nam 1930-1945 [SUMMARY] Ngày 19/8/1945, quần chúng Hà Nội xuống đường giành chính quyền. Đây là mốc tiêu biểu trong cao trào giành chính quyền của Cách mạng...",Mốc ngày 19/8/1945 trong lịch sử Việt Nam 1930-1945 | Ý nghĩa Cách mạng Tháng Tám 1945 | Ngày 2/9/1945 - Tuyên ngôn Độc lập tại Ba Đình | Chủ tịch Hồ Chí Minh qua đời | Hòa hoãn với Pháp để đẩy quân Tưởng về nước,10.0,4.0,2.0,1.5,1.5,1.0,,False,10.0,,,
39,G5K_0039,fact_date,,1,200,"Khi ôn lịch sử, Tuyên ngôn Độc lập 1945 nên ghi nhớ ngày hoặc năm nào?","Khi ôn lịch sử, bạn nên ghi nhớ mốc **2/9/1945**: đây là ngày **Hồ Chí Minh** đọc Tuyên ngôn Độc lập tại **Quảng trường Ba Đình**, tuyên bố thành lập nước **Việt Nam Dân chủ Cộng hòa**. [1]","[1]: Ý nghĩa Cách mạng Tháng Tám 1945 :: Chuẩn hóa theo canonical fact TUYEN_NGON_DOC_LAP_1945: Ngày 2/9/1945, Hồ Chí Minh đọc Tuyên ngôn Độc lập tại Quảng trường Ba Đình, Hà Nội, khai sinh nước Việt Nam Dân chủ Cộng hòa.. [TITLE] Ý nghĩa Cách mạng Tháng Tám 1945 [SUMMARY] Thắng lợi ở Hà Nội, Huế và Sài Gòn có ý nghĩa quyết định đối với thắng lợi của Cách mạng Tháng Tám trong cả nước. Cuộ...","Ý nghĩa Cách mạng Tháng Tám 1945 | Năm 1945: Nhật đảo chính Pháp, Tổng khởi nghĩa và Tuyên ngôn Độc lập | Năm 1959: Đoàn 559 và đường Trường Sơn | Nguồn trực tiếp: ngày 2/9/1945 là ngày tuyên bố độc lập | Nguồn trực tiếp: Hiệp định Genève 1954 quy định đình chỉ chiến sự và giới tuyến tạm thời",4.0,4.0,0.5,1.5,1.5,1.0,forbidden/wrong entity hit,True,10.0,,30/4/1975,
40,G5K_0040,fact_date,,1,200,"Khi ôn lịch sử, Chiến dịch Hồ Chí Minh 1975 nên ghi nhớ ngày hoặc năm nào?","Khi ôn lịch sử, bạn nên ghi nhớ mốc **30/4/1975** (năm **1975**): đây là ngày **giải phóng miền Nam**, **kết thúc chiến tranh** và mở đường cho **thống nhất đất nước**. [1]","[1]: Ý nghĩa Chiến dịch Hồ Chí Minh và Đại thắng mùa Xuân 1975 :: Chuẩn hóa theo canonical fact APRIL_30_1975_MEANING: Ngày 30/4/1975 gắn với giải phóng miền Nam, chính quyền Sài Gòn đầu hàng, kết thúc chiến tranh và mở đường cho thống nhất đất nước.. [TITLE] Ý nghĩa Chiến dịch Hồ Chí Minh và Đại thắng mùa Xuân 1975 [SUMMARY] Chiến dịch Hồ Chí Minh là đòn quyết định trong cuộc tấn công quân sự cuối cùng của mùa X...",Ý nghĩa Chiến dịch Hồ Chí Minh và Đại thắng mùa Xuân 1975 | Ngày 30/4/1975 - Dinh Độc Lập bị chiếm và chính quyền Sài Gòn đầu hàng | Nguồn chứng minh 30/4/1975 là mốc kết thúc chiến tranh và thống nhất đất nước | So sánh Điện Biên Phủ 1954 và Chiến dịch Hồ Chí Minh 1975 | Trận Buôn Ma Thuột mở màn then chốt,5.24,1.5,1.2,0.25,1.29,1.0,,False,9.0,chiến dịch cuối cùng | Sài Gòn | chính quyền Sài Gòn đầu hàng | Tây Nguyên | Chiến dịch Hồ Chí Minh là chiến dịch cuối,,
41,G5K_0041,fact_date,,1,200,"Nếu chỉ trả lời ngắn, Mặt trận Dân tộc Giải phóng miền Nam 1960 là mốc gì?","Mặt trận Dân tộc Giải phóng miền Nam là mốc ra đời ngày 20/12/1960, đánh dấu việc tập hợp lực lượng miền Nam để đấu tranh chống Mỹ. [1]","[1]: Mặt trận Dân tộc Giải phóng miền Nam Việt Nam ra đời ngày 20/12/1960 :: Chuẩn hóa theo canonical fact NLF_1960_FOUNDING_DATE: Mặt trận Dân tộc Giải phóng miền Nam Việt Nam ra đời ngày 20/12/1960; ý nghĩa cốt lõi là tập hợp lực lượng miền Nam đấu tranh chống Mỹ và chính quyền Sài Gòn trong kháng chiến chống Mỹ.. [TITLE] Mặt trận Dân tộc Giải phóng miền Nam Việt Nam ra đời ngày 20/12/1960 [SUMMARY] Ngày 20/12/1960, Mặt t...",Mặt trận Dân tộc Giải phóng miền Nam Việt Nam ra đời ngày 20/12/1960 | Đường 9 trong Chiến dịch Đường 9 - Nam Lào năm 1971 | So sánh Đảng Cộng sản Việt Nam và Việt Minh | Đồng Khởi là chuyển biến quan trọng ở miền Nam | Chiến thắng Phước Long cuối 1974 - đầu 1975,10.0,4.0,2.0,1.5,1.5,1.0,,False,10.0,,,
42,G5K_0042,fact_date,,1,502,doi viet nam tuyen truyen giai phong quan thanh lap ngay nao?,"9Router API mode trả về câu trả lời không đạt kiểm tra citation/context-only, nên hệ thống không hiển thị câu trả lời đó. Local no-cloud mode vẫn khả dụng.",,"Đội Việt Nam Tuyên truyền Giải phóng quân | Đội Việt Nam Tuyên truyền Giải phóng quân thành lập ngày 22/12/1944 | So sánh Đảng Cộng sản Việt Nam và Việt Minh | Hội nghị Trung ương 8 năm 1941 và Việt Minh | Năm 1945: Nhật đảo chính Pháp, Tổng khởi nghĩa và Tuyên ngôn Độc lập",2.0,0.0,0.5,0.0,0.0,0.5,HTTP/postcheck error; no usable final answer,True,,22/12/1944 | Đội Việt Nam Tuyên truyền Giải phóng quân,,Answer was blocked by runtime/citation-context postcheck.
43,G5K_0043,fact_date,,1,200,dau nam 1930 gan voi hoi nghi nao?,"Đầu năm 1930 gắn với **Hội nghị hợp nhất thành lập Đảng Cộng sản Việt Nam**, thường lấy mốc **3/2/1930**; đây là hội nghị hợp nhất các tổ chức cộng sản và dẫn tới sự ra đời của **Đảng Cộng sản Việt Nam**. [1]","[1]: Đảng Cộng sản Việt Nam thành lập năm 1930 :: Chuẩn hóa theo canonical fact PARTY_FOUNDING_CONFERENCE_1930: Hội nghị hợp nhất thành lập Đảng Cộng sản Việt Nam diễn ra đầu năm 1930, thường lấy mốc ngày 3/2/1930; đây là mốc hợp nhất các tổ chức cộng sản và thành lập Đảng Cộng sản Việt Nam.. [TITLE] Đảng Cộng sản Việt Nam thành lập năm 1930 [SUMMARY] Đảng Cộng sản Việt Nam ra đời đầu năm 1930 qua...",Đảng Cộng sản Việt Nam thành lập năm 1930 | Năm 1930: Đảng Cộng sản Việt Nam ra đời và cao trào 1930-1931 | So sánh Đảng Cộng sản Việt Nam và Việt Minh | Hội nghị Trung ương 8 năm 1941 và Việt Minh | Đại hội I của Đảng năm 1935,10.0,4.0,2.0,1.5,1.5,1.0,,False,10.0,,,
44,G5K_0044,fact_date,,1,200,Hỏi nhanh: Xô viết Nghệ Tĩnh trong cao trào 1930-1931 diễn ra/gắn với thời điểm nào?,"Xô viết Nghệ Tĩnh gắn với cao trào cách mạng **1930-1931**, nổi bật ở Nghệ An và Hà Tĩnh; theo tài liệu, phong trào này bùng lên từ khoảng **tháng 9-1930**. [1][2]","[1]: Phong trào Xô Viết Nghệ Tĩnh :: Chuẩn hóa theo canonical fact XO_VIET_NGHE_TINH_1930_1931: Giai đoạn 1930-1931 gắn với cao trào cách mạng Xô viết Nghệ Tĩnh, diễn ra nổi bật ở Nghệ An - Hà Tĩnh và thể hiện sức đấu tranh của quần chúng dưới sự lãnh đạo của Đảng.. [TITLE] Phong trào Xô Viết Nghệ Tĩnh [SUMMARY] Từ tháng 9-1930, công nhân và nông dân tại Nghệ An và Hà Tĩnh dưới sự lãn... | [2]: Xô viết Nghệ Tĩnh trong cao trào 1930-1931 :: Xô viết Nghệ Tĩnh là đỉnh cao của cao trào cách mạng 1930-1931 ở Nghệ An và Hà Tĩnh.",Phong trào Xô Viết Nghệ Tĩnh | Xô viết Nghệ Tĩnh trong cao trào 1930-1931 | So sánh Đảng Cộng sản Việt Nam và Việt Minh | Năm 1930: Đảng Cộng sản Việt Nam ra đời và cao trào 1930-1931 | Đại hội I của Đảng năm 1935,10.0,4.0,2.0,1.5,1.5,1.0,,False,10.0,,,
45,G5K_0045,fact_date,,1,200,Hỏi nhanh: Huế được giải phóng ngày 26/3/1975 diễn ra/gắn với thời điểm nào?,"Huế được giải phóng vào ngày **26/3/1975**, gắn với **diễn biến nhanh của Tổng tiến công mùa Xuân 1975**. [1]","[1]: Giải phóng Huế :: Chuẩn hóa theo canonical fact HUE_1975_LIBERATION_DATE: Ngày 26/3/1975 gắn với mốc Huế được giải phóng trong diễn biến nhanh của Tổng tiến công mùa Xuân 1975.. [TITLE] Giải phóng Huế - canonical answer evidence [SUMMARY] Ngày 26/3/1975, Huế được giải phóng. [YEAR] 1975 [YEARS] 1975 [DATES] 26/3/1975 [PERIOD] 1975",Giải phóng Huế | Huế được giải phóng ngày 26/3/1975 | Chiến thắng Phước Long cuối 1974 - đầu 1975 | Đội Việt Nam Tuyên truyền Giải phóng quân thành lập ngày 22/12/1944 | Ngày 10/3/1975 mở màn chiến dịch Tây Nguyên tại Buôn Ma Thuột,4.0,4.0,0.5,1.5,1.5,1.0,forbidden/wrong entity hit,True,10.0,,Đà Nẵng 29/3/1975,
46,G5K_0046,fact_date,,1,200,"Trong dữ liệu 1930-1975, Năm 1954: Điện Biên Phủ và Genève cần nhớ mốc nào?","Mốc cần nhớ cho năm 1954 là **Điện Biên Phủ kết thúc thắng lợi ngày 7/5/1954**, đây là **mốc quyết định** khi ta **đánh bại** ý chí xâm lược của Pháp, làm phá sản Kế hoạch Nava và tác động trực tiếp tới **Genève 1954**; về ý nghĩa rộng hơn, thắng lợi này còn **cổ vũ phong trào giải phóng dân tộc** và **suy yếu chủ nghĩa thực dân**. [1][4]","[1]: Ý nghĩa Chiến thắng Điện Biên Phủ 1954 :: Chuẩn hóa theo canonical fact DBP_1954_INTERNATIONAL_IMPACT: Điện Biên Phủ 1954 là mốc quyết định trong kháng chiến chống Pháp: thắng lợi này đánh bại ý chí xâm lược của Pháp, làm phá sản Kế hoạch Nava và tác động trực tiếp tới Hội nghị Genève 1954; về quốc tế, nó làm suy yếu chủ nghĩa thực dân và cổ vũ phong trào giải phóng dân tộc.. [TITLE] Ý ngh... | [4]: Mốc ngày 7/5/1954 trong lịch sử Việt Nam 1945-1954 :: Ngày 7/5/1954, Chiến dịch Điện Biên Phủ kết thúc thắng lợi. Chiến thắng làm phá sản Kế hoạch Nava và tác động trực tiếp đến đàm phán Genève. Ý chính liên quan: 7/5/1954; Điện Biên Phủ; Kế hoạch Nava. Mốc thời gian cần nhớ: 7/5/1954. Điện Biên Phủ kết thúc thắng lợi ngày 7/5/1954",Ý nghĩa Chiến thắng Điện Biên Phủ 1954 | So sánh Điện Biên Phủ 1954 và Chiến dịch Hồ Chí Minh 1975 | Chiến thắng Điện Biên Phủ - canonical answer evidence | Mốc ngày 7/5/1954 trong lịch sử Việt Nam 1945-1954 | So sánh Chiến dịch Biên giới 1950 và Chiến dịch Điện Biên Phủ 1954,10.0,4.0,2.0,1.5,1.5,1.0,,False,10.0,,,
47,G5K_0047,fact_date,,1,200,"Nếu chỉ trả lời ngắn, Chiến dịch Hồ Chí Minh 1975 là mốc gì?","Chiến dịch Hồ Chí Minh 1975 là mốc **giải phóng miền Nam, kết thúc chiến tranh và mở đường cho thống nhất đất nước**. [1]","[1]: Ý nghĩa Chiến dịch Hồ Chí Minh và Đại thắng mùa Xuân 1975 :: Chuẩn hóa theo canonical fact APRIL_30_1975_MEANING: Ngày 30/4/1975 gắn với giải phóng miền Nam, chính quyền Sài Gòn đầu hàng, kết thúc chiến tranh và mở đường cho thống nhất đất nước.. [TITLE] Ý nghĩa Chiến dịch Hồ Chí Minh và Đại thắng mùa Xuân 1975 [SUMMARY] Chiến dịch Hồ Chí Minh là đòn quyết định trong cuộc tấn công quân sự cuối cùng của mùa X...",Ý nghĩa Chiến dịch Hồ Chí Minh và Đại thắng mùa Xuân 1975 | Ngày 30/4/1975 - Dinh Độc Lập bị chiếm và chính quyền Sài Gòn đầu hàng | Nguồn chứng minh 30/4/1975 là mốc kết thúc chiến tranh và thống nhất đất nước | So sánh Điện Biên Phủ 1954 và Chiến dịch Hồ Chí Minh 1975 | Trận Buôn Ma Thuột mở màn then chốt,5.49,1.5,1.2,0.5,1.29,1.0,,False,9.0,chiến dịch cuối cùng | Sài Gòn | chính quyền Sài Gòn đầu hàng | Tây Nguyên,,
48,G5K_0048,fact_date,,1,200,"Nếu chỉ trả lời ngắn, Tết Mậu Thân 1968 là mốc gì?","Tết Mậu Thân 1968 là mốc của cuộc Tổng tiến công và nổi dậy Tết Mậu Thân, một sự kiện có tác động chính trị lớn trong kháng chiến chống Mỹ. [1] Tết Mậu Thân 1968 thúc đẩy cục diện đàm phán, mốc ngoại giao sau đó là Paris 1973; chiến tranh không kết thúc ngay [1]","[1]: Ý nghĩa Tổng tiến công và nổi dậy Tết Mậu Thân 1968 :: Chuẩn hóa theo canonical fact TET_MAU_THAN_1968_YEAR: Năm 1968 gắn với Tổng tiến công và nổi dậy Tết Mậu Thân, một sự kiện tạo tác động chính trị lớn trong kháng chiến chống Mỹ.. [TITLE] Ý nghĩa Tổng tiến công và nổi dậy Tết Mậu Thân 1968 [SUMMARY] Tết Mậu Thân 1968 làm phá sản chiến lược Chiến tranh cục bộ của Mỹ. Nguồn chứng nhận ghi nhận Mỹ phải...",Ý nghĩa Tổng tiến công và nổi dậy Tết Mậu Thân 1968 | Đường 9 trong Chiến dịch Đường 9 - Nam Lào năm 1971 | Chiến thắng Phước Long cuối 1974 - đầu 1975 | Năm 1968: Tổng tiến công và nổi dậy Tết Mậu Thân | Lời kêu gọi thi đua ái quốc ngày 11/6/1948,10.0,4.0,2.0,1.5,1.5,1.0,,False,10.0,,,
49,G5K_0049,fact_date,,1,200,"Trong dữ liệu 1930-1975, Mở màn Chiến dịch Điện Biên Phủ 1954 cần nhớ mốc nào?","Mở màn Chiến dịch Điện Biên Phủ 1954 cần nhớ các mốc: **13/3/1954** mở màn với trận **Him Lam**, chiến dịch diễn ra **56 ngày đêm** và kết thúc thắng lợi ngày **7/5/1954**. [1][4]","[1]: Mở màn Chiến dịch Điện Biên Phủ :: Chuẩn hóa theo canonical fact DBP_1954_MILESTONES: Các mốc ổn định của Chiến dịch Điện Biên Phủ: mở màn ngày 13/3/1954 với trận Him Lam, diễn ra 56 ngày đêm, và kết thúc thắng lợi ngày 7/5/1954.. [TITLE] Mở màn Chiến dịch Điện Biên Phủ - canonical answer evidence [SUMMARY] Ngày 13/3/1954, Chiến dịch Điện Biên Phủ mở màn với trận Him Lam. [YEAR] 195... | [4]: Trận đánh đồi Him Lam mở màn chiến dịch Điện Biên Phủ :: Đêm 13-3-1954, quân ta tiêu diệt hoàn toàn cứ điểm Him Lam trong vòng chưa đầy ba tiếng đồng hồ – một pháo đài mà Pháp tự tin là bất khả xâm phạm.",Mở màn Chiến dịch Điện Biên Phủ | Ý nghĩa Chiến thắng Điện Biên Phủ 1954 | So sánh Điện Biên Phủ 1954 và Chiến dịch Hồ Chí Minh 1975 | Trận đánh đồi Him Lam mở màn chiến dịch Điện Biên Phủ | Phân biệt Chiến dịch Điện Biên Phủ với trận Him Lam mở màn,10.0,4.0,2.0,1.5,1.5,1.0,,False,10.0,,,
50,G5K_0050,fact_date,,1,200,"Khi ôn lịch sử, Xô viết Nghệ Tĩnh trong cao trào 1930-1931 nên ghi nhớ ngày hoặc năm nào?","Khi ôn lịch sử, bạn nên ghi nhớ **Xô viết Nghệ Tĩnh thuộc cao trào 1930-1931**, và mốc nổi bật là **từ tháng 9-1930** ở Nghệ An, Hà Tĩnh. [1][2]","[1]: Phong trào Xô Viết Nghệ Tĩnh :: Chuẩn hóa theo canonical fact XO_VIET_NGHE_TINH_1930_1931: Giai đoạn 1930-1931 gắn với cao trào cách mạng Xô viết Nghệ Tĩnh, diễn ra nổi bật ở Nghệ An - Hà Tĩnh và thể hiện sức đấu tranh của quần chúng dưới sự lãnh đạo của Đảng.. [TITLE] Phong trào Xô Viết Nghệ Tĩnh [SUMMARY] Từ tháng 9-1930, công nhân và nông dân tại Nghệ An và Hà Tĩnh dưới sự lãn... | [2]: Xô viết Nghệ Tĩnh trong cao trào 1930-1931 :: Xô viết Nghệ Tĩnh là đỉnh cao của cao trào cách mạng 1930-1931 ở Nghệ An và Hà Tĩnh.",Phong trào Xô Viết Nghệ Tĩnh | Xô viết Nghệ Tĩnh trong cao trào 1930-1931 | So sánh Đảng Cộng sản Việt Nam và Việt Minh | Cao trào kháng Nhật cứu nước năm 1945 | Năm 1930: Đảng Cộng sản Việt Nam ra đời và cao trào 1930-1931,10.0,4.0,2.0,1.5,1.5,1.0,,False,10.0,,,
51,G5K_0051,fact_date,,1,200,toan quoc khang chien bung no ngay nao?,"Toàn quốc kháng chiến bùng nổ ngày 19/12/1946, mở đầu cuộc kháng chiến toàn quốc chống thực dân Pháp. [1]","[1]: Toàn quốc kháng chiến :: Chuẩn hóa theo canonical fact TOAN_QUOC_KHANG_CHIEN_1946_START_DATE: Toàn quốc kháng chiến bùng nổ ngày 19/12/1946, mở đầu cuộc kháng chiến toàn quốc chống thực dân Pháp.. [TITLE] Toàn quốc kháng chiến - canonical answer evidence [SUMMARY] Ngày 19/12/1946, cuộc Toàn quốc kháng chiến chống thực dân Pháp bùng nổ. Lời kêu gọi Toàn quốc kháng chiến của...","Toàn quốc kháng chiến | Đấu tranh ngoại giao với Pháp trước 19/12/1946 | Toàn quốc kháng chiến bùng nổ | Hình thành đường lối kháng chiến toàn dân, toàn diện, lâu dài, tự lực cánh sinh | Công bố/lan truyền Lời kêu gọi Toàn quốc kháng chiến",10.0,4.0,2.0,1.5,1.5,1.0,,False,10.0,,,
52,G5K_0052,fact_date,,1,200,Hỏi nhanh: Chiến dịch Hồ Chí Minh 1975 diễn ra/gắn với thời điểm nào?,"Chiến dịch Hồ Chí Minh diễn ra trong Tổng tiến công và nổi dậy Xuân 1975, và mốc kết thúc là ngày 30/4/1975, khi Sài Gòn được giải phóng. [1]",[1]: Chiến dịch Hồ Chí Minh :: Chiến dịch Hồ Chí Minh là chiến dịch quyết định của Tổng tiến công và nổi dậy Xuân 1975. Chiến dịch kết thúc bằng giải phóng Sài Gòn ngày 30/4/1975.,Chiến dịch Hồ Chí Minh | Ý nghĩa Chiến dịch Hồ Chí Minh và Đại thắng mùa Xuân 1975 | Ngày 30/4/1975 - Dinh Độc Lập bị chiếm và chính quyền Sài Gòn đầu hàng | Nguồn chứng minh 30/4/1975 là mốc kết thúc chiến tranh và thống nhất đất nước | So sánh Điện Biên Phủ 1954 và Chiến dịch Hồ Chí Minh 1975,6.75,2.8,1.2,0.75,1.0,1.0,,False,9.0,chiến dịch cuối cùng | chính quyền Sài Gòn đầu hàng | Tây Nguyên,,
53,G5K_0053,fact_date,,1,200,"Trong dữ liệu 1930-1975, Luận cương chính trị tháng 10/1930 cần nhớ mốc nào?","Mốc cần nhớ là **tháng 10/1930**: **Luận cương chính trị** được thông qua, gắn với **Trần Phú** và Hội nghị Trung ương tháng 10/1930. [1]","[1]: Thông qua Luận cương chính trị tháng 10/1930 :: Chuẩn hóa theo canonical fact LUAN_CUONG_1930_TRAN_PHU: Luận cương chính trị tháng 10/1930 là văn kiện quan trọng của Đảng, gắn với Trần Phú và Hội nghị Trung ương tháng 10/1930.. [TITLE] Thông qua Luận cương chính trị tháng 10/1930 [SUMMARY] Năm 1930, Thông qua Luận cương chính trị tháng 10/1930. [YEAR] 1930 [YEARS] 1930 [DATES] [PERIOD]",Thông qua Luận cương chính trị tháng 10/1930 | Năm 1930: Đảng Cộng sản Việt Nam ra đời và cao trào 1930-1931 | Ngày 10/3/1975 mở màn chiến dịch Tây Nguyên tại Buôn Ma Thuột | Đảng Cộng sản Việt Nam thành lập năm 1930 | So sánh Đảng Cộng sản Việt Nam và Việt Minh,10.0,4.0,2.0,1.5,1.5,1.0,,False,10.0,,,
54,G5K_0054,fact_date,,1,200,tuyen ngon doc lap duoc doc o dau?,"Tuyên ngôn Độc lập được Hồ Chí Minh đọc vào ngày **2/9/1945** tại **Quảng trường Ba Đình**, Hà Nội, khi khai sinh nước **Việt Nam Dân chủ Cộng hòa**. [1]","[1]: Ý nghĩa Cách mạng Tháng Tám 1945 :: Chuẩn hóa theo canonical fact TUYEN_NGON_DOC_LAP_1945: Ngày 2/9/1945, Hồ Chí Minh đọc Tuyên ngôn Độc lập tại Quảng trường Ba Đình, Hà Nội, khai sinh nước Việt Nam Dân chủ Cộng hòa.. [TITLE] Ý nghĩa Cách mạng Tháng Tám 1945 [SUMMARY] Thắng lợi ở Hà Nội, Huế và Sài Gòn có ý nghĩa quyết định đối với thắng lợi của Cách mạng Tháng Tám trong cả nước. Cuộ...",Ý nghĩa Cách mạng Tháng Tám 1945 | Ngày 2/9/1945 - Tuyên ngôn Độc lập tại Ba Đình | Ra mắt Chính phủ lâm thời nước VNDCCH | Lễ Tuyên ngôn Độc lập tại Quảng trường Ba Đình | Hồ Chí Minh đọc Tuyên ngôn Độc lập tại Hà Nội,4.0,4.0,0.5,1.5,1.5,1.0,forbidden/wrong entity hit,True,10.0,,30/4/1975,
55,G5K_0055,fact_date,,1,200,"Nếu chỉ trả lời ngắn, Hội nghị thành lập Đảng Cộng sản Việt Nam 1930 là mốc gì?","Hội nghị thành lập Đảng Cộng sản Việt Nam ngày 3/2/1930 là mốc ra đời của Đảng Cộng sản Việt Nam, đánh dấu việc hợp nhất các tổ chức cộng sản. [1]","[1]: Đảng Cộng sản Việt Nam thành lập năm 1930 :: Chuẩn hóa theo canonical fact PARTY_FOUNDING_CONFERENCE_1930: Hội nghị hợp nhất thành lập Đảng Cộng sản Việt Nam diễn ra đầu năm 1930, thường lấy mốc ngày 3/2/1930; đây là mốc hợp nhất các tổ chức cộng sản và thành lập Đảng Cộng sản Việt Nam.. [TITLE] Đảng Cộng sản Việt Nam thành lập năm 1930 [SUMMARY] Đảng Cộng sản Việt Nam ra đời đầu năm 1930 qua...",Đảng Cộng sản Việt Nam thành lập năm 1930 | So sánh Đảng Cộng sản Việt Nam và Việt Minh | Đường 9 trong Chiến dịch Đường 9 - Nam Lào năm 1971 | Đại hội II năm 1951 và Đảng Lao động Việt Nam | Đội Việt Nam Tuyên truyền Giải phóng quân thành lập ngày 22/12/1944,10.0,4.0,2.0,1.5,1.5,1.0,,False,10.0,,,
56,G5K_0056,fact_date,,1,200,"Nếu chỉ trả lời ngắn, Xô viết Nghệ Tĩnh trong cao trào 1930-1931 là mốc gì?",Xô viết Nghệ Tĩnh là **đỉnh cao của cao trào cách mạng 1930-1931** ở Nghệ An và Hà Tĩnh. [3],[3]: Xô viết Nghệ Tĩnh trong cao trào 1930-1931 :: Xô viết Nghệ Tĩnh là đỉnh cao của cao trào cách mạng 1930-1931 ở Nghệ An và Hà Tĩnh.,Phong trào Xô Viết Nghệ Tĩnh | Đường 9 trong Chiến dịch Đường 9 - Nam Lào năm 1971 | Xô viết Nghệ Tĩnh trong cao trào 1930-1931 | Đội Việt Nam Tuyên truyền Giải phóng quân thành lập ngày 22/12/1944 | Chiến thắng Phước Long cuối 1974 - đầu 1975,10.0,4.0,2.0,1.5,1.5,1.0,,False,10.0,,,
57,G5K_0057,fact_date,,1,200,"Trong dữ liệu 1930-1975, Hiệp định Paris 1973 cần nhớ mốc nào?","Mốc cần nhớ là Hiệp định Paris 1973 gắn với việc Mỹ rút quân khỏi miền Nam Việt Nam, nhưng chiến tranh chưa kết thúc ngay mà còn tiếp diễn đến thắng lợi năm 1975. [1][5]","[1]: So sánh Hiệp định Genève 1954 và Hiệp định Paris 1973 :: Chuẩn hóa theo canonical fact PARIS_1973_US_WITHDRAWAL: Không. Sau Hiệp định Paris 1973, Mỹ rút quân khỏi miền Nam Việt Nam theo tiến trình thực hiện hiệp định; tuy vậy chiến tranh chưa kết thúc hoàn toàn ngay mà còn kéo dài đến thắng lợi năm 1975.. [TITLE] So sánh Hiệp định Genève 1954 và Hiệp định Paris 1973 [SUMMARY] Hiệp định Genève 1954 gắn vớ... | [5]: Năm 1975: Tổng tiến công mùa Xuân và giải phóng miền Nam :: Tháng 3/1975, chiến dịch Tây Nguyên mở đầu thắng lợi lớn của mùa Xuân 1975.",So sánh Hiệp định Genève 1954 và Hiệp định Paris 1973 | Năm 1974: chuyển biến trước Tổng tiến công 1975 và Phước Long | Năm 1972: Tiến công chiến lược và Điện Biên Phủ trên không | Năm 1930: Đảng Cộng sản Việt Nam ra đời và cao trào 1930-1931 | Năm 1975: Tổng tiến công mùa Xuân và giải phóng miền Nam,8.99,3.7,2.0,1.12,1.17,1.0,,False,10.0,quyền dân tộc,,
58,G5K_0058,fact_date,,1,200,"Trong dữ liệu 1930-1975, Toàn quốc kháng chiến 1946 cần nhớ mốc nào?","Mốc cần nhớ là **ngày 19/12/1946**, khi **Toàn quốc kháng chiến bùng nổ**. [1]","[1]: Toàn quốc kháng chiến - canonical answer evidence :: Chuẩn hóa theo dữ liệu nội bộ: Toàn quốc kháng chiến bùng nổ ngày 19/12/1946. Ngày 19/12/1946, cuộc Toàn quốc kháng chiến chống thực dân Pháp bùng nổ. Lời kêu gọi Toàn quốc kháng chiến của Hồ Chí Minh gắn với mốc này.","Toàn quốc kháng chiến - canonical answer evidence | Đấu tranh ngoại giao với Pháp trước 19/12/1946 | Toàn quốc kháng chiến bùng nổ | Hình thành đường lối kháng chiến toàn dân, toàn diện, lâu dài, tự lực cánh sinh | Công bố/lan truyền Lời kêu gọi Toàn quốc kháng chiến",8.3,2.8,2.0,1.0,1.5,1.0,,False,10.0,chống thực dân Pháp,,
59,G5K_0059,fact_date,,1,200,hue duoc giai phong sau ngay 30/4/1975 dung khong?,"Không đúng: Huế được giải phóng ngày **26/3/1975**, tức là trước ngày 30/4/1975. [1]","[1]: Giải phóng Huế :: Chuẩn hóa theo canonical fact HUE_1975_LIBERATION_DATE: Ngày 26/3/1975 gắn với mốc Huế được giải phóng trong diễn biến nhanh của Tổng tiến công mùa Xuân 1975.. [TITLE] Giải phóng Huế - canonical answer evidence [SUMMARY] Ngày 26/3/1975, Huế được giải phóng. [YEAR] 1975 [YEARS] 1975 [DATES] 26/3/1975 [PERIOD] 1975",Giải phóng Huế | Bối cảnh chính của Chiến dịch Hồ Chí Minh | Phân biệt 30/4/1975 với mốc Quốc hội hoàn tất thống nhất nhà nước | Huế được giải phóng ngày 26/3/1975 | Ngày 10/3/1975 mở màn chiến dịch Tây Nguyên tại Buôn Ma Thuột,4.0,4.0,0.5,1.5,1.5,1.0,forbidden/wrong entity hit,True,10.0,,Đà Nẵng 29/3/1975,
60,G5K_0060,fact_date,,1,200,"Nếu chỉ trả lời ngắn, Chiến dịch Điện Biên Phủ kết thúc là mốc gì?",Chiến dịch Điện Biên Phủ kết thúc thắng lợi vào ngày 7/5/1954; còn 13/3/1954 là mốc mở màn chiến dịch với trận Him Lam. [4][1],"[1]: Mốc ngày 13/3/1954 trong lịch sử Việt Nam 1945-1954 :: Chuẩn hóa theo canonical fact DBP_1954_START_DATE: Ngày 13/3/1954 gắn với mốc mở màn Chiến dịch Điện Biên Phủ, bắt đầu bằng trận Him Lam.. [TITLE] Mốc ngày 13/3/1954 trong lịch sử Việt Nam 1945-1954 [SUMMARY] Ngày 13/3/1954, Chiến dịch Điện Biên Phủ mở màn với trận Him Lam. Ý chính liên quan: 13/3/1954; Điện Biên Phủ; Him Lam. Mốc thời gian cần nhớ... | [4]: Chiến thắng Điện Biên Phủ - canonical answer evidence :: Ngày 7/5/1954, Chiến dịch Điện Biên Phủ kết thúc thắng lợi. Chiến thắng làm phá sản Kế hoạch Nava và tác động trực tiếp đến đàm phán Genève.",Mốc ngày 13/3/1954 trong lịch sử Việt Nam 1945-1954 | Ý nghĩa Chiến thắng Điện Biên Phủ 1954 | So sánh Điện Biên Phủ 1954 và Chiến dịch Hồ Chí Minh 1975 | Chiến thắng Điện Biên Phủ - canonical answer evidence | Mốc ngày 7/5/1954 trong lịch sử Việt Nam 1945-1954,10.0,4.0,2.0,1.5,1.5,1.0,,False,10.0,,,
61,G5K_0061,explanation,,1,200,"Nói theo nguyên nhân - kết quả, Chiến dịch Tây Nguyên 1975 tác động ra sao?","Chiến dịch Tây Nguyên là **đột phá chiến lược** của Tổng tiến công mùa Xuân 1975: thắng lợi ở **Buôn Ma Thuột** ngày **10/3/1975** đã làm cục diện chiến trường thay đổi nhanh, tạo đà phát triển tới **Huế - Đà Nẵng**, rồi tiến vào **Sài Gòn**, kết thúc bằng thắng lợi ngày **30/4/1975**. [1]","[1]: Ngày 10/3/1975 mở màn chiến dịch Tây Nguyên tại Buôn Ma Thuột :: Chuẩn hóa theo canonical fact TAY_NGUYEN_1975_BREAKTHROUGH: Chiến dịch Tây Nguyên 1975 mở đầu đột phá chiến lược của Tổng tiến công mùa Xuân 1975; thắng lợi ở Buôn Ma Thuột ngày 10/3/1975 tạo đà phát triển nhanh tới Huế - Đà Nẵng và cuối cùng tới Sài Gòn, kết thúc bằng mốc 30/4/1975 trong Chiến dịch Hồ Chí Minh.. [TITLE] Ngày 10/3/1975 mở màn chiến...",Ngày 10/3/1975 mở màn chiến dịch Tây Nguyên tại Buôn Ma Thuột | Chiến thắng Phước Long cuối 1974 - đầu 1975 | Năm 1975: Tổng tiến công mùa Xuân và giải phóng miền Nam | Ý nghĩa Cách mạng Tháng Tám 1945 | Bối cảnh chính của Chiến dịch Hồ Chí Minh,10.0,4.0,2.0,1.5,1.5,1.0,,False,10.0,,,
62,G5K_0062,explanation,,1,200,sau van kien ay quan my xu ly the nao?,"Sau Hiệp định Paris 1973, Mỹ rút quân khỏi miền Nam Việt Nam theo tiến trình thực hiện hiệp định, nhưng chiến tranh chưa kết thúc ngay mà tiếp tục cho đến năm 1975. [1]","[1]: So sánh Hiệp định Genève 1954 và Hiệp định Paris 1973 :: Chuẩn hóa theo canonical fact PARIS_1973_US_WITHDRAWAL: Không. Sau Hiệp định Paris 1973, Mỹ rút quân khỏi miền Nam Việt Nam theo tiến trình thực hiện hiệp định; tuy vậy chiến tranh chưa kết thúc hoàn toàn ngay mà còn kéo dài đến thắng lợi năm 1975.. [TITLE] So sánh Hiệp định Genève 1954 và Hiệp định Paris 1973 [SUMMARY] Hiệp định Genève 1954 gắn vớ...",So sánh Hiệp định Genève 1954 và Hiệp định Paris 1973 | Việt Nam hóa chiến tranh giai đoạn 1969-1973 | Chiến thắng Phước Long cuối 1974 - đầu 1975 | Chiến thắng Bình Giã 1964 | Chiến tranh đặc biệt ở miền Nam giai đoạn 1961-1965,10.0,4.0,2.0,1.5,1.5,1.0,,False,10.0,,,
63,G5K_0063,explanation,,1,200,dong khoi lam thay doi the cach mang mien nam ra sao?,"Đồng Khởi **1959-1960** đã làm thay đổi thế cách mạng miền Nam, chuyển từ thế **giữ gìn lực lượng sang thế tiến công**, đồng thời **phá thế kìm kẹp** của địch ở nhiều nơi và tạo cơ sở cho **Mặt trận Dân tộc Giải phóng miền Nam** ra đời. [1]","[1]: Đồng Khởi là chuyển biến quan trọng ở miền Nam :: Chuẩn hóa theo canonical fact DONG_KHOI_MEANING: Đồng Khởi 1959-1960 làm thay đổi thế cách mạng miền Nam: từ thế giữ gìn lực lượng sang thế tiến công, phá thế kìm kẹp ở nhiều nơi và tạo cơ sở cho Mặt trận Dân tộc Giải phóng miền Nam (MTDTGPMN) ra đời.. [TITLE] Đồng Khởi là chuyển biến quan trọng ở miền Nam [SUMMARY] Đồng Khởi 1959-1960 là chuyển bi...",Đồng Khởi là chuyển biến quan trọng ở miền Nam | Chiến thắng Phước Long cuối 1974 - đầu 1975 | Ý nghĩa Cách mạng Tháng Tám 1945 | Chiến thắng Bình Giã 1964 | Năm 1969: Chính phủ Cách mạng lâm thời và bối cảnh đàm phán,10.0,4.0,2.0,1.5,1.5,1.0,,False,10.0,,,
64,G5K_0064,explanation,,1,200,Việt Minh 1941 có ý nghĩa chính như thế nào trong giai đoạn 1930-1975?,"Mốc **19/5/1941** đánh dấu sự ra đời của **Mặt trận Việt Minh**, gắn với **Hội nghị Trung ương 8**, khi Đảng xác định rõ nhiệm vụ trung tâm là **giải phóng dân tộc**; vì vậy, ý nghĩa chính của Việt Minh 1941 trong giai đoạn 1930-1975 là một bước chuyển quan trọng trong đường lối cách mạng, tập hợp lực lượng yêu nước để chuẩn bị và thúc đẩy cuộc đấu tranh giành độc lập. [1][2]","[1]: So sánh Đảng Cộng sản Việt Nam và Việt Minh :: Chuẩn hóa theo canonical fact VIET_MINH_1941_FOUNDING_DATE_EXACT: Mặt trận Việt Minh ra đời trong tháng 5/1941; nguồn dữ liệu ghi mốc 19/5/1941 là ngày thành lập Mặt trận Việt Minh, gắn với Hội nghị Trung ương 8 do Nguyễn Ái Quốc chủ trì và chủ trương đặt nhiệm vụ giải phóng dân tộc lên hàng đầu.. [TITLE] So sánh Đảng Cộng sản Việt Nam và Việt Minh... | [2]: Hội nghị Trung ương 8 năm 1941 và Việt Minh :: Hội nghị Trung ương 8 năm 1941 hoàn chỉnh chuyển hướng chiến lược, đặt giải phóng dân tộc lên hàng đầu và gắn với việc thành lập Việt Minh.",So sánh Đảng Cộng sản Việt Nam và Việt Minh | Hội nghị Trung ương 8 năm 1941 và Việt Minh | Chiến thắng Phước Long cuối 1974 - đầu 1975 | Đồng Khởi là chuyển biến quan trọng ở miền Nam | Xô viết Nghệ Tĩnh trong cao trào 1930-1931,9.04,3.7,2.0,1.29,1.05,1.0,,False,10.0,lãnh đạo quần chúng,,
65,G5K_0065,explanation,,1,200,duong truong son co phai hiep dinh ngoai giao khong?,"Không. Đường Trường Sơn không phải là hiệp định ngoại giao, mà là **tuyến vận tải chiến lược** để **chi viện miền Nam**, đưa **người và vật chất** từ **hậu phương miền Bắc** vào **tiền tuyến miền Nam** trong kháng chiến chống Mỹ. [1]","[1]: Năm 1959: Đoàn 559 và đường Trường Sơn :: Chuẩn hóa theo canonical fact TRUONG_SON_SUPPORT: Không. Đường Trường Sơn không phải là một hiệp định ngoại giao; đây là tuyến vận tải chiến lược đưa người và vật chất chi viện cho miền Nam, nối hậu phương miền Bắc với tiền tuyến miền Nam trong kháng chiến chống Mỹ.. [TITLE] Năm 1959: Đoàn 559 và đường Trường Sơn [SUMMARY] Ngày 19/5/1959, Đoàn 559 ...",Năm 1959: Đoàn 559 và đường Trường Sơn | Bắt đầu xây dựng đường Trường Sơn (đường Hồ Chí Minh) – huyết mạch chi viện miền Nam (1959) | Đường Trường Sơn - canonical answer evidence | Mốc ngày 19/5/1959 trong lịch sử Việt Nam 1954-1975 | Bối cảnh chính của Đường Trường Sơn và Đoàn 559,9.85,4.0,2.0,1.5,1.35,1.0,,False,10.0,,,
66,G5K_0066,explanation,,1,200,"Nếu học sinh hỏi Điện Biên Phủ trên không 1972 quan trọng ở đâu, nên trả lời thế nào?","Nếu học sinh hỏi “Điện Biên Phủ trên không 1972 quan trọng ở đâu?”, có thể trả lời: Đây là thắng lợi trong **12 ngày đêm** cuối tháng 12 **1972**, khi quân dân miền Bắc đánh bại cuộc tập kích chiến lược bằng **B-52** của Mỹ; chiến thắng này tạo sức ép trực tiếp, góp phần quan trọng dẫn tới việc ký Hiệp định **Paris 1973**. [1]","[1]: Điện Biên Phủ trên không :: Chuẩn hóa theo canonical fact DBP_AIR_1972_PARIS_PRESSURE: Điện Biên Phủ trên không diễn ra trong 12 ngày đêm cuối tháng 12/1972, khi quân dân miền Bắc đánh bại cuộc tập kích chiến lược bằng B-52; thắng lợi này tạo sức ép quan trọng dẫn tới việc ký Hiệp định Paris năm 1973.. [TITLE] Điện Biên Phủ trên không - canonical answer evidence [SUMMARY] Cuố...","Điện Biên Phủ trên không | Năm 1972: Tiến công chiến lược và Điện Biên Phủ trên không | Năm 1939: Chiến tranh thế giới thứ hai và Hội nghị Trung ương 6 | Năm 1945: Nhật đảo chính Pháp, Tổng khởi nghĩa và Tuyên ngôn Độc lập | Bối cảnh chính của Điện Biên Phủ trên không",10.0,4.0,2.0,1.5,1.5,1.0,,False,10.0,,,
67,G5K_0067,explanation,,1,200,Giải thích ngắn vì sao Chiến dịch Biên giới Thu Đông 1950 là một mốc quan trọng.,"Chiến dịch Biên giới Thu Đông 1950 là một mốc quan trọng vì đã **khai thông biên giới**, **mở rộng căn cứ** địa và giúp cuộc kháng chiến chống Pháp chuyển sang **thế chủ động** hơn. [1]","[1]: Chiến dịch Biên giới Thu-Đông 1950 :: Chuẩn hóa theo canonical fact BIEN_GIOI_1950_MEANING: Chiến dịch Biên giới Thu Đông 1950 có ý nghĩa khai thông biên giới, mở rộng căn cứ địa và giúp cuộc kháng chiến chống Pháp chuyển sang thế chủ động hơn.. [TITLE] Chiến dịch Biên giới Thu-Đông 1950 - canonical answer evidence [SUMMARY] Chiến dịch Biên giới Thu-Đông 1950 khai thông biên giới Việt-...","Chiến dịch Biên giới Thu-Đông 1950 | Diễn biến chính thời kỳ 1945-1954 | Đường 9 trong Chiến dịch Đường 9 - Nam Lào năm 1971 | Năm 1939, Chiến tranh thế giới thứ hai và chuyển hướng chiến lược | Nguồn trực tiếp: Hiệp định Genève 1954 quy định đình chỉ chiến sự và giới tuyến tạm thời",10.0,4.0,2.0,1.5,1.5,1.0,,False,10.0,,,
68,G5K_0068,explanation,,1,200,moc ngoai giao sau do la gi?,"Tết Mậu Thân 1968 tạo tác động chính trị lớn: làm lung lay chiến lược chiến tranh của Mỹ, ảnh hưởng mạnh tới dư luận/chính trường Mỹ và thúc đẩy cục diện đàm phán; mốc ngoại giao quan trọng sau đó là Hiệp định Paris 1973. Sự kiện này không làm chiến tranh kết thúc ngay [1]","[1]: So sánh Hiệp định Genève 1954 và Hiệp định Paris 1973 :: Chuẩn hóa theo canonical fact TET_MAU_THAN_1968_IMPACT: Tết Mậu Thân 1968 tạo tác động chính trị lớn: làm lung lay chiến lược chiến tranh của Mỹ, ảnh hưởng mạnh tới dư luận/chính trường Mỹ và thúc đẩy cục diện đàm phán; mốc ngoại giao quan trọng sau đó là Hiệp định Paris 1973. Sự kiện này không làm chiến tranh kết thúc ngay.. [TITLE] So sánh Hiệp đ...",So sánh Hiệp định Genève 1954 và Hiệp định Paris 1973 | So sánh Điện Biên Phủ 1954 và Hiệp định Genève 1954 | Ngày 10/3/1975 mở màn chiến dịch Tây Nguyên tại Buôn Ma Thuột | Xô viết Nghệ Tĩnh trong cao trào 1930-1931 | Cao trào kháng Nhật cứu nước năm 1945,4.0,3.7,0.5,1.12,1.31,1.0,forbidden/wrong entity hit,True,10.0,không kết thúc ngay,chiến tranh kết thúc ngay,
69,G5K_0069,explanation,,1,200,Hiệp định Paris 1973 có ý nghĩa chính như thế nào trong giai đoạn 1930-1975?,"Hiệp định Paris 1973 có ý nghĩa chính là buộc **Mỹ rút quân** khỏi miền Nam Việt Nam, đánh dấu một thắng lợi ngoại giao quan trọng và làm thay đổi cục diện chiến tranh, nhưng **chiến tranh chưa kết thúc ngay** mà vẫn tiếp diễn cho đến **1975**. [1][3]","[1]: So sánh Hiệp định Genève 1954 và Hiệp định Paris 1973 :: Chuẩn hóa theo canonical fact PARIS_1973_US_WITHDRAWAL: Không. Sau Hiệp định Paris 1973, Mỹ rút quân khỏi miền Nam Việt Nam theo tiến trình thực hiện hiệp định; tuy vậy chiến tranh chưa kết thúc hoàn toàn ngay mà còn kéo dài đến thắng lợi năm 1975.. [TITLE] So sánh Hiệp định Genève 1954 và Hiệp định Paris 1973 [SUMMARY] Hiệp định Genève 1954 gắn vớ... | [3]: Phân biệt Hiệp định Genève 1954 và Hiệp định Paris 1973 :: Hiệp định Genève 1954 gắn với đình chỉ chiến sự ở Đông Dương sau kháng chiến chống Pháp; Hiệp định Paris 1973 gắn với chấm dứt chiến tranh, lập lại hòa bình ở Việt Nam và việc Mỹ rút quân.",So sánh Hiệp định Genève 1954 và Hiệp định Paris 1973 | Việt Nam hóa chiến tranh giai đoạn 1969-1973 | Phân biệt Hiệp định Genève 1954 và Hiệp định Paris 1973 | Bối cảnh chính của Hiệp định Paris 1973 | Nguồn trực tiếp: cục diện sau Hiệp định Paris,10.0,4.0,2.0,1.5,1.5,1.0,,False,10.0,,,
70,G5K_0070,explanation,,1,200,"Nói theo nguyên nhân - kết quả, Việt Minh 1941 tác động ra sao?","Theo nguyên nhân - kết quả, từ chủ trương của **Hội nghị Trung ương 8** đặt nhiệm vụ **giải phóng dân tộc** lên hàng đầu, đến ngày **19/5/1941** **Mặt trận Việt Minh** ra đời để tập hợp lực lượng yêu nước và thúc đẩy phong trào cách mạng. [1][2]","[1]: So sánh Đảng Cộng sản Việt Nam và Việt Minh :: Chuẩn hóa theo canonical fact VIET_MINH_1941_FOUNDING_DATE_EXACT: Mặt trận Việt Minh ra đời trong tháng 5/1941; nguồn dữ liệu ghi mốc 19/5/1941 là ngày thành lập Mặt trận Việt Minh, gắn với Hội nghị Trung ương 8 do Nguyễn Ái Quốc chủ trì và chủ trương đặt nhiệm vụ giải phóng dân tộc lên hàng đầu.. [TITLE] So sánh Đảng Cộng sản Việt Nam và Việt Minh... | [2]: Hội nghị Trung ương 8 năm 1941 và Việt Minh :: Hội nghị Trung ương 8 năm 1941 hoàn chỉnh chuyển hướng chiến lược, đặt giải phóng dân tộc lên hàng đầu và gắn với việc thành lập Việt Minh.",So sánh Đảng Cộng sản Việt Nam và Việt Minh | Hội nghị Trung ương 8 năm 1941 và Việt Minh | Năm 1939: Chiến tranh thế giới thứ hai và Hội nghị Trung ương 6 | Năm 1972: Tiến công chiến lược và Điện Biên Phủ trên không | Điện Biên Phủ trên không 1972: tác động lịch sử,7.98,2.86,2.0,1.07,1.05,1.0,,False,10.0,lãnh đạo quần chúng | Cách mạng Tháng Tám,,
71,G5K_0071,explanation,,1,200,noi theo nguyen nhan ket qua dien bien phu tren khong 1972 tac dong the nao?,"Điện Biên Phủ trên không năm **1972** là cuộc chiến đấu trong **12 ngày đêm** cuối tháng 12/1972, khi quân dân miền Bắc đánh bại cuộc tập kích chiến lược bằng **B-52** của Mỹ; thắng lợi này tạo sức ép trực tiếp, quan trọng dẫn tới việc ký Hiệp định **Paris 1973**. [1]","[1]: Điện Biên Phủ trên không :: Chuẩn hóa theo canonical fact DBP_AIR_1972_PARIS_PRESSURE: Điện Biên Phủ trên không diễn ra trong 12 ngày đêm cuối tháng 12/1972, khi quân dân miền Bắc đánh bại cuộc tập kích chiến lược bằng B-52; thắng lợi này tạo sức ép quan trọng dẫn tới việc ký Hiệp định Paris năm 1973.. [TITLE] Điện Biên Phủ trên không - canonical answer evidence [SUMMARY] Cuố...",Điện Biên Phủ trên không | Bối cảnh chính của Điện Biên Phủ trên không | Năm 1972: Tiến công chiến lược và Điện Biên Phủ trên không | Diễn biến chính thời kỳ 1945-1954 | So sánh Điện Biên Phủ 1954 và Hiệp định Genève 1954,10.0,4.0,2.0,1.5,1.5,1.0,,False,10.0,,,
72,G5K_0072,explanation,,1,200,"Nói theo nguyên nhân - kết quả, Hiệp định Paris 1973 tác động ra sao?","Theo nguyên nhân - kết quả, Hiệp định Paris 1973 đã dẫn đến việc Mỹ rút quân khỏi Việt Nam, từ đó làm thay đổi cục diện chiến tranh ở miền Nam; tuy vậy, đấu tranh tại miền Nam vẫn tiếp tục trong bối cảnh mới. [3][5] Sau Paris 1973, Mỹ rút quân nhưng chiến tranh chưa kết thúc ngay, còn kéo dài đến 1975 [1]","[1]: Mốc ngày 27/1/1973 trong lịch sử Việt Nam 1954-1975 :: Ngày 27/1/1973, Hiệp định Paris về chấm dứt chiến tranh, lập lại hòa bình ở Việt Nam được ký kết. Sự kiện này gắn với 27/1/1973, Paris và chấm dứt chiến tranh. Hiệp định Paris được ký ngày 27/1/1973 | [3]: Phân biệt Hiệp định Genève 1954 và Hiệp định Paris 1973 :: Hiệp định Genève 1954 gắn với đình chỉ chiến sự ở Đông Dương sau kháng chiến chống Pháp; Hiệp định Paris 1973 gắn với chấm dứt chiến tranh, lập lại hòa bình ở Việt Nam và việc Mỹ rút quân. | [5]: Nguồn trực tiếp: cục diện sau Hiệp định Paris :: Cục diện sau Paris: sau Hiệp định Paris 1973, Mỹ rút quân nhưng đấu tranh tại miền Nam vẫn tiếp tục trong bối cảnh mới.",Mốc ngày 27/1/1973 trong lịch sử Việt Nam 1954-1975 | Việt Nam hóa chiến tranh giai đoạn 1969-1973 | Phân biệt Hiệp định Genève 1954 và Hiệp định Paris 1973 | Bối cảnh chính của Hiệp định Paris 1973 | Nguồn trực tiếp: cục diện sau Hiệp định Paris,9.75,4.0,2.0,1.5,1.25,1.0,,False,10.0,,,
73,G5K_0073,explanation,,1,200,Cách mạng Tháng Tám 1945 có ý nghĩa chính như thế nào trong giai đoạn 1930-1975?,"Ý nghĩa chính của Cách mạng Tháng Tám 1945 trong giai đoạn 1930-1975 là nhân dân **giành chính quyền** trên cả nước, mở đường cho độc lập dân tộc và dẫn tới sự ra đời của nước **Việt Nam Dân chủ Cộng hòa** vào ngày **2/9/1945**. [1]","[1]: Ý nghĩa Cách mạng Tháng Tám 1945 :: Chuẩn hóa theo canonical fact CMT8_1945_POLITICAL_RESULT: Kết quả chính trị lớn của Cách mạng Tháng Tám 1945 là nhân dân giành chính quyền trên cả nước, mở đường cho độc lập dân tộc và dẫn tới sự ra đời của nước Việt Nam Dân chủ Cộng hòa ngày 2/9/1945.. [TITLE] Ý nghĩa Cách mạng Tháng Tám 1945 [SUMMARY] Thắng lợi ở Hà Nội, Huế và Sài Gòn có ý nghĩa...",Ý nghĩa Cách mạng Tháng Tám 1945 | Ý nghĩa Cách mạng Tháng Tám 1945 | Nguồn trực tiếp: Bình dân học vụ chống nạn mù chữ sau Cách mạng Tháng Tám | Bình dân học vụ sau Cách mạng Tháng Tám | So sánh Đảng Cộng sản Việt Nam và Việt Minh,10.0,4.0,2.0,1.5,1.5,1.0,,False,10.0,,,
74,G5K_0074,explanation,,1,200,viet bac 1947 danh bai chien luoc nao?,"Chiến dịch Việt Bắc Thu-Đông 1947 đã đánh bại chiến lược **đánh nhanh thắng nhanh** của Pháp, đồng thời **bảo vệ căn cứ Việt Bắc** và tạo điều kiện cho cuộc **kháng chiến lâu dài** của ta. [1]","[1]: Chiến dịch Việt Bắc Thu-Đông 1947 :: Chuẩn hóa theo canonical fact VIET_BAC_1947_MEANING: Chiến thắng Việt Bắc Thu Đông 1947 quan trọng vì đánh bại chiến lược đánh nhanh thắng nhanh của Pháp, bảo vệ căn cứ địa Việt Bắc và tạo điều kiện để cuộc kháng chiến chống Pháp tiếp tục lâu dài.. [TITLE] Chiến dịch Việt Bắc Thu-Đông 1947 - canonical answer evidence [SUMMARY] Chiến dịch Việt Bắc T...",Chiến dịch Việt Bắc Thu-Đông 1947 | Diễn biến chính thời kỳ 1945-1954 | Đường 9 trong Chiến dịch Đường 9 - Nam Lào năm 1971 | Hội nghị Trung ương 8 năm 1941 và Việt Minh | Chiến thắng Bình Giã 1964,10.0,4.0,2.0,1.5,1.5,1.0,,False,10.0,,,
75,G5K_0075,explanation,,1,200,"Nói theo nguyên nhân - kết quả, Chiến thắng Việt Bắc Thu Đông 1947 tác động ra sao?","Theo nguyên nhân - kết quả, chiến thắng Việt Bắc Thu Đông 1947 đã đánh bại chiến lược **“đánh nhanh thắng nhanh”** của Pháp, qua đó **bảo vệ căn cứ Việt Bắc** và tạo điều kiện để cuộc **kháng chiến lâu dài** chống Pháp tiếp tục phát triển. [1]","[1]: Chiến dịch Việt Bắc Thu-Đông 1947 :: Chuẩn hóa theo canonical fact VIET_BAC_1947_MEANING: Chiến thắng Việt Bắc Thu Đông 1947 quan trọng vì đánh bại chiến lược đánh nhanh thắng nhanh của Pháp, bảo vệ căn cứ địa Việt Bắc và tạo điều kiện để cuộc kháng chiến chống Pháp tiếp tục lâu dài.. [TITLE] Chiến dịch Việt Bắc Thu-Đông 1947 - canonical answer evidence [SUMMARY] Chiến dịch Việt Bắc T...","Chiến dịch Việt Bắc Thu-Đông 1947 | Diễn biến chính thời kỳ 1945-1954 | Chiến thắng Phước Long cuối 1974 - đầu 1975 | Ý nghĩa Cách mạng Tháng Tám 1945 | Năm 1939, Chiến tranh thế giới thứ hai và chuyển hướng chiến lược",10.0,4.0,2.0,1.5,1.5,1.0,,False,10.0,,,
76,G5K_0076,explanation,,1,200,"Nếu học sinh hỏi Toàn quốc kháng chiến 1946 quan trọng ở đâu, nên trả lời thế nào?","Toàn quốc kháng chiến 1946 quan trọng ở chỗ đây là **mở đầu kháng chiến toàn quốc chống Pháp**, thể hiện tinh thần **toàn dân** đứng lên kháng chiến và đánh dấu cuộc đấu tranh chuyển sang giai đoạn lâu dài hơn. [1]","[1]: Toàn quốc kháng chiến :: Chuẩn hóa theo canonical fact TOAN_QUOC_KHANG_CHIEN_1946_MEANING: Toàn quốc kháng chiến 1946 có ý nghĩa mở đầu cuộc kháng chiến toàn quốc chống Pháp, huy động tinh thần toàn dân kháng chiến và chuyển cuộc đấu tranh sang giai đoạn lâu dài.. [TITLE] Toàn quốc kháng chiến - canonical answer evidence [SUMMARY] Ngày 19/12/1946, cuộc Toàn quốc kháng chiế...","Toàn quốc kháng chiến | Đấu tranh ngoại giao với Pháp trước 19/12/1946 | Toàn quốc kháng chiến bùng nổ | Hình thành đường lối kháng chiến toàn dân, toàn diện, lâu dài, tự lực cánh sinh | Công bố/lan truyền Lời kêu gọi Toàn quốc kháng chiến",4.0,4.0,0.5,1.5,1.5,1.0,forbidden/wrong entity hit,True,10.0,,2/9/1945,
77,G5K_0077,explanation,,1,200,"Nếu học sinh hỏi Chiến thắng Điện Biên Phủ 1954 quan trọng ở đâu, nên trả lời thế nào?","Có thể trả lời ngắn gọn: “Chiến thắng Điện Biên Phủ 1954 là một **mốc quyết định** trong kháng chiến chống Pháp; thắng lợi này **đánh bại** ý chí xâm lược của Pháp, tác động trực tiếp tới **Genève 1954**, đồng thời làm **suy yếu chủ nghĩa thực dân** và **cổ vũ phong trào giải phóng dân tộc** trên thế giới.” [1]","[1]: Ý nghĩa Chiến thắng Điện Biên Phủ 1954 :: Chuẩn hóa theo canonical fact DBP_1954_INTERNATIONAL_IMPACT: Điện Biên Phủ 1954 là mốc quyết định trong kháng chiến chống Pháp: thắng lợi này đánh bại ý chí xâm lược của Pháp, làm phá sản Kế hoạch Nava và tác động trực tiếp tới Hội nghị Genève 1954; về quốc tế, nó làm suy yếu chủ nghĩa thực dân và cổ vũ phong trào giải phóng dân tộc.. [TITLE] Ý ngh...",Ý nghĩa Chiến thắng Điện Biên Phủ 1954 | So sánh Điện Biên Phủ 1954 và Chiến dịch Hồ Chí Minh 1975 | Chiến thắng Điện Biên Phủ - canonical answer evidence | Mốc ngày 7/5/1954 trong lịch sử Việt Nam 1945-1954 | So sánh Chiến dịch Biên giới 1950 và Chiến dịch Điện Biên Phủ 1954,10.0,4.0,2.0,1.5,1.5,1.0,,False,10.0,,,
78,G5K_0078,explanation,,1,200,"Nếu học sinh hỏi Chiến dịch Biên giới Thu Đông 1950 quan trọng ở đâu, nên trả lời thế nào?","Có thể trả lời: “Chiến dịch Biên giới Thu Đông 1950 có ý nghĩa **khai thông biên giới**, **mở rộng căn cứ địa** và giúp cuộc kháng chiến chống Pháp chuyển sang **thế chủ động** hơn.” [1]","[1]: Chiến dịch Biên giới Thu-Đông 1950 :: Chuẩn hóa theo canonical fact BIEN_GIOI_1950_MEANING: Chiến dịch Biên giới Thu Đông 1950 có ý nghĩa khai thông biên giới, mở rộng căn cứ địa và giúp cuộc kháng chiến chống Pháp chuyển sang thế chủ động hơn.. [TITLE] Chiến dịch Biên giới Thu-Đông 1950 - canonical answer evidence [SUMMARY] Chiến dịch Biên giới Thu-Đông 1950 khai thông biên giới Việt-...","Chiến dịch Biên giới Thu-Đông 1950 | Ngày 10/3/1975 mở màn chiến dịch Tây Nguyên tại Buôn Ma Thuột | Năm 1939: Chiến tranh thế giới thứ hai và Hội nghị Trung ương 6 | Năm 1939, Chiến tranh thế giới thứ hai và chuyển hướng chiến lược | Năm 1974: chuyển biến trước Tổng tiến công 1975 và Phước Long",10.0,4.0,2.0,1.5,1.5,1.0,,False,10.0,,,
79,G5K_0079,explanation,,1,200,Giải thích ngắn vì sao Cách mạng Tháng Tám 1945 là một mốc quan trọng.,"Cách mạng Tháng Tám 1945 là một mốc quan trọng vì nhân dân đã **giành chính quyền** trên cả nước, mở ra kỷ nguyên độc lập dân tộc và dẫn tới sự ra đời của nước **Việt Nam Dân chủ Cộng hòa** vào ngày **2/9/1945**. [1]","[1]: Ý nghĩa Cách mạng Tháng Tám 1945 :: Chuẩn hóa theo canonical fact CMT8_1945_POLITICAL_RESULT: Kết quả chính trị lớn của Cách mạng Tháng Tám 1945 là nhân dân giành chính quyền trên cả nước, mở đường cho độc lập dân tộc và dẫn tới sự ra đời của nước Việt Nam Dân chủ Cộng hòa ngày 2/9/1945.. [TITLE] Ý nghĩa Cách mạng Tháng Tám 1945 [SUMMARY] Thắng lợi ở Hà Nội, Huế và Sài Gòn có ý nghĩa...",Ý nghĩa Cách mạng Tháng Tám 1945 | Ý nghĩa Cách mạng Tháng Tám 1945 | Nguồn trực tiếp: Bình dân học vụ chống nạn mù chữ sau Cách mạng Tháng Tám | Bình dân học vụ sau Cách mạng Tháng Tám | Đội Việt Nam Tuyên truyền Giải phóng quân thành lập ngày 22/12/1944,10.0,4.0,2.0,1.5,1.5,1.0,,False,10.0,,,
80,G5K_0080,explanation,,1,200,chien thang dien bien phu co tac dong quoc te nhu the nao?,"Chiến thắng Điện Biên Phủ 1954 là một **mốc quyết định** trong lịch sử: nó **đánh bại** ý chí xâm lược của Pháp, làm phá sản Kế hoạch Nava và tác động trực tiếp tới **Genève 1954**; về mặt quốc tế, thắng lợi này góp phần **suy yếu chủ nghĩa thực dân** và **cổ vũ phong trào giải phóng dân tộc** trên thế giới. [1]","[1]: Ý nghĩa Chiến thắng Điện Biên Phủ 1954 :: Chuẩn hóa theo canonical fact DBP_1954_INTERNATIONAL_IMPACT: Điện Biên Phủ 1954 là mốc quyết định trong kháng chiến chống Pháp: thắng lợi này đánh bại ý chí xâm lược của Pháp, làm phá sản Kế hoạch Nava và tác động trực tiếp tới Hội nghị Genève 1954; về quốc tế, nó làm suy yếu chủ nghĩa thực dân và cổ vũ phong trào giải phóng dân tộc.. [TITLE] Ý ngh...",Ý nghĩa Chiến thắng Điện Biên Phủ 1954 | So sánh Điện Biên Phủ 1954 và Chiến dịch Hồ Chí Minh 1975 | Chiến thắng Điện Biên Phủ - canonical answer evidence | Mốc ngày 7/5/1954 trong lịch sử Việt Nam 1945-1954 | So sánh Chiến dịch Biên giới 1950 và Chiến dịch Điện Biên Phủ 1954,10.0,4.0,2.0,1.5,1.5,1.0,,False,10.0,,,
81,G5K_0081,explanation,,1,200,tong tien cong mua xuan 1975 ket thuc bang moc nao?,"Tổng tiến công mùa Xuân 1975 kết thúc bằng mốc ngày 30/4/1975: giải phóng miền Nam, chính quyền Sài Gòn đầu hàng, qua đó kết thúc chiến tranh và mở đường cho thống nhất đất nước. [1]","[1]: Ý nghĩa Chiến dịch Hồ Chí Minh và Đại thắng mùa Xuân 1975 :: Chuẩn hóa theo canonical fact APRIL_30_1975_MEANING: Ngày 30/4/1975 gắn với giải phóng miền Nam, chính quyền Sài Gòn đầu hàng, kết thúc chiến tranh và mở đường cho thống nhất đất nước.. [TITLE] Ý nghĩa Chiến dịch Hồ Chí Minh và Đại thắng mùa Xuân 1975 [SUMMARY] Chiến dịch Hồ Chí Minh là đòn quyết định trong cuộc tấn công quân sự cuối cùng của mùa X...",Ý nghĩa Chiến dịch Hồ Chí Minh và Đại thắng mùa Xuân 1975 | Huế được giải phóng ngày 26/3/1975 | Ngày 10/3/1975 mở màn chiến dịch Tây Nguyên tại Buôn Ma Thuột | Chiến thắng Phước Long cuối 1974 - đầu 1975 | Năm 1975: Tổng tiến công mùa Xuân và giải phóng miền Nam,4.0,4.0,0.5,1.5,1.5,1.0,forbidden/wrong entity hit,True,10.0,,2/9/1945,
82,G5K_0082,explanation,,1,200,Giải thích ngắn vì sao Chiến dịch Tây Nguyên 1975 là một mốc quan trọng.,"Chiến dịch Tây Nguyên là một mốc quan trọng vì thắng lợi ở Buôn Ma Thuột ngày 10/3/1975 đã mở đầu **đột phá chiến lược** của Tổng tiến công mùa Xuân 1975, làm thay đổi cục diện chiến trường, tạo đà tiến nhanh tới **Huế - Đà Nẵng**, rồi đến **Sài Gòn**, góp phần quyết định dẫn tới thắng lợi ngày **30/4/1975**. [1]","[1]: Ngày 10/3/1975 mở màn chiến dịch Tây Nguyên tại Buôn Ma Thuột :: Chuẩn hóa theo canonical fact TAY_NGUYEN_1975_BREAKTHROUGH: Chiến dịch Tây Nguyên 1975 mở đầu đột phá chiến lược của Tổng tiến công mùa Xuân 1975; thắng lợi ở Buôn Ma Thuột ngày 10/3/1975 tạo đà phát triển nhanh tới Huế - Đà Nẵng và cuối cùng tới Sài Gòn, kết thúc bằng mốc 30/4/1975 trong Chiến dịch Hồ Chí Minh.. [TITLE] Ngày 10/3/1975 mở màn chiến...",Ngày 10/3/1975 mở màn chiến dịch Tây Nguyên tại Buôn Ma Thuột | Chiến thắng Phước Long cuối 1974 - đầu 1975 | Năm 1975: Tổng tiến công mùa Xuân và giải phóng miền Nam | Đường 9 trong Chiến dịch Đường 9 - Nam Lào năm 1971 | Đội Việt Nam Tuyên truyền Giải phóng quân thành lập ngày 22/12/1944,10.0,4.0,2.0,1.5,1.5,1.0,,False,10.0,,,
83,G5K_0083,explanation,,1,200,"Nếu học sinh hỏi Phong trào Đồng Khởi quan trọng ở đâu, nên trả lời thế nào?","Có thể trả lời: Phong trào Đồng Khởi quan trọng ở chỗ đã làm thay đổi cục diện cách mạng miền Nam trong giai đoạn 1959-1960, từ thế giữ gìn lực lượng sang thế tiến công, phá thế kìm kẹp của đối phương ở nhiều nơi và tạo cơ sở cho Mặt trận Dân tộc Giải phóng miền Nam ra đời. [1]","[1]: Đồng Khởi là chuyển biến quan trọng ở miền Nam :: Chuẩn hóa theo canonical fact DONG_KHOI_MEANING: Đồng Khởi 1959-1960 làm thay đổi thế cách mạng miền Nam: từ thế giữ gìn lực lượng sang thế tiến công, phá thế kìm kẹp ở nhiều nơi và tạo cơ sở cho Mặt trận Dân tộc Giải phóng miền Nam (MTDTGPMN) ra đời.. [TITLE] Đồng Khởi là chuyển biến quan trọng ở miền Nam [SUMMARY] Đồng Khởi 1959-1960 là chuyển bi...",Đồng Khởi là chuyển biến quan trọng ở miền Nam | Ngày 10/3/1975 mở màn chiến dịch Tây Nguyên tại Buôn Ma Thuột | Xô viết Nghệ Tĩnh trong cao trào 1930-1931 | Lời kêu gọi thi đua ái quốc ngày 11/6/1948 | Phong trào dân chủ 1936-1939,10.0,4.0,2.0,1.5,1.5,1.0,,False,10.0,,,
84,G5K_0084,explanation,,1,200,viet minh co vai tro gi trong cach mang thang tam?,"Việt Minh ra đời trong tháng 5/1941; nguồn dữ liệu ghi mốc 19/5/1941 là ngày thành lập Mặt trận Việt Minh, gắn với Hội nghị Trung ương 8 do Nguyễn Ái Quốc chủ trì. Tổ chức này tập hợp lực lượng yêu nước, tổ chức và lãnh đạo quần chúng đấu tranh giành chính quyền, góp phần trực tiếp vào thắng lợi của Cách mạng Tháng Tám 1945 [1]","[1]: So sánh Đảng Cộng sản Việt Nam và Việt Minh :: Chuẩn hóa theo canonical fact VIET_MINH_1941_ROLE: Việt Minh ra đời trong tháng 5/1941; nguồn dữ liệu ghi mốc 19/5/1941 là ngày thành lập Mặt trận Việt Minh, gắn với Hội nghị Trung ương 8 do Nguyễn Ái Quốc chủ trì. Tổ chức này tập hợp lực lượng yêu nước, tổ chức và lãnh đạo quần chúng đấu tranh giành chính quyền, góp phần trực tiếp vào thắng lợi củ...",So sánh Đảng Cộng sản Việt Nam và Việt Minh | Hội nghị Trung ương 8 năm 1941 và Việt Minh | Nguồn trực tiếp: Bình dân học vụ chống nạn mù chữ sau Cách mạng Tháng Tám | Bình dân học vụ sau Cách mạng Tháng Tám | Đường 9 trong Chiến dịch Đường 9 - Nam Lào năm 1971,9.85,4.0,2.0,1.5,1.35,1.0,,False,10.0,,,
85,G5K_0085,explanation,,1,200,"Nếu học sinh hỏi Tết Mậu Thân 1968 quan trọng ở đâu, nên trả lời thế nào?","Tết Mậu Thân 1968 tạo tác động chính trị lớn: làm lung lay chiến lược chiến tranh của Mỹ, ảnh hưởng mạnh tới dư luận/chính trường Mỹ và thúc đẩy cục diện đàm phán; mốc ngoại giao quan trọng sau đó là Hiệp định Paris 1973. Sự kiện này không làm chiến tranh kết thúc ngay [1]","[1]: So sánh Hiệp định Genève 1954 và Hiệp định Paris 1973 :: Chuẩn hóa theo canonical fact TET_MAU_THAN_1968_IMPACT: Tết Mậu Thân 1968 tạo tác động chính trị lớn: làm lung lay chiến lược chiến tranh của Mỹ, ảnh hưởng mạnh tới dư luận/chính trường Mỹ và thúc đẩy cục diện đàm phán; mốc ngoại giao quan trọng sau đó là Hiệp định Paris 1973. Sự kiện này không làm chiến tranh kết thúc ngay.. [TITLE] So sánh Hiệp đ...",So sánh Hiệp định Genève 1954 và Hiệp định Paris 1973 | Năm 1968: Tổng tiến công và nổi dậy Tết Mậu Thân | Lời kêu gọi thi đua ái quốc ngày 11/6/1948 | Năm 1939: Chiến tranh thế giới thứ hai và Hội nghị Trung ương 6 | Năm 1969: Chính phủ Cách mạng lâm thời và bối cảnh đàm phán,4.0,3.7,0.5,1.12,1.31,1.0,forbidden/wrong entity hit,True,10.0,không kết thúc ngay,chiến tranh kết thúc ngay,
86,G5K_0086,explanation,,1,200,"Nói theo nguyên nhân - kết quả, Toàn quốc kháng chiến 1946 tác động ra sao?","Về nguyên nhân - kết quả, sự kiện **23/9/1945** là **Nam Bộ kháng chiến**, còn **19/12/1946** là **Toàn quốc kháng chiến**; hai mốc này **khác nhau** về thời điểm và phạm vi. Kết quả của **19/12/1946** là cuộc kháng chiến chống Pháp **bùng nổ trên phạm vi cả nước**. [1][3]","[1]: Mốc ngày 19/12/1946 trong lịch sử Việt Nam 1945-1954 :: Chuẩn hóa theo canonical fact NAM_BO_VS_TOAN_QUOC_KHANG_CHIEN: Nam Bộ kháng chiến bắt đầu ngày 23/9/1945 ở Sài Gòn - Nam Bộ khi Pháp trở lại xâm lược; Toàn quốc kháng chiến bùng nổ ngày 19/12/1946, mở đầu cuộc kháng chiến toàn quốc chống Pháp. Hai mốc khác nhau về phạm vi và thời điểm.. [TITLE] Mốc ngày 19/12/1946 trong lịch sử Việt Nam 1945-1954 [... | [3]: Toàn quốc kháng chiến bùng nổ :: Năm 1946, Toàn quốc kháng chiến bùng nổ.","Mốc ngày 19/12/1946 trong lịch sử Việt Nam 1945-1954 | Đấu tranh ngoại giao với Pháp trước 19/12/1946 | Toàn quốc kháng chiến bùng nổ | Hình thành đường lối kháng chiến toàn dân, toàn diện, lâu dài, tự lực cánh sinh | Công bố/lan truyền Lời kêu gọi Toàn quốc kháng chiến",4.0,2.8,0.5,1.0,1.12,1.0,forbidden/wrong entity hit,True,10.0,toàn dân,2/9/1945,
87,G5K_0087,explanation,,1,200,vai tro cua hau phuong mien bac?,"Miền Bắc giữ vai trò **hậu phương lớn**, **chi viện người và vật chất** cho **miền Nam** trong kháng chiến chống Mỹ. [1]","[1]: Năm 1959: Đoàn 559 và đường Trường Sơn :: Chuẩn hóa theo canonical fact NORTH_REAR_BASE_SUPPORT: Miền Bắc giữ vai trò hậu phương lớn trong kháng chiến chống Mỹ vì xây dựng lực lượng và chi viện người, vật chất cho tiền tuyến miền Nam.. [TITLE] Năm 1959: Đoàn 559 và đường Trường Sơn [SUMMARY] Ngày 19/5/1959, Đoàn 559 được thành lập. [YEAR] 1959 [YEARS] 1959 [DATES] [PERIOD] 1959",Năm 1959: Đoàn 559 và đường Trường Sơn | Bắt đầu xây dựng đường Trường Sơn (đường Hồ Chí Minh) – huyết mạch chi viện miền Nam (1959) | Đồng Khởi là chuyển biến quan trọng ở miền Nam | Bối cảnh chính của Điện Biên Phủ trên không | Chiến tranh đặc biệt ở miền Nam giai đoạn 1961-1965,10.0,4.0,2.0,1.5,1.5,1.0,,False,10.0,,,
88,G5K_0088,explanation,,1,200,Giải thích ngắn vì sao Điện Biên Phủ trên không 1972 là một mốc quan trọng.,"Điện Biên Phủ trên không năm **1972** là mốc quan trọng vì trong **12 ngày đêm**, quân dân miền Bắc đã đánh bại cuộc tập kích chiến lược bằng **B-52**, qua đó tạo sức ép trực tiếp dẫn tới việc ký **Hiệp định Paris 1973**. [1]","[1]: Điện Biên Phủ trên không :: Chuẩn hóa theo canonical fact DBP_AIR_1972_PARIS_PRESSURE: Điện Biên Phủ trên không diễn ra trong 12 ngày đêm cuối tháng 12/1972, khi quân dân miền Bắc đánh bại cuộc tập kích chiến lược bằng B-52; thắng lợi này tạo sức ép quan trọng dẫn tới việc ký Hiệp định Paris năm 1973.. [TITLE] Điện Biên Phủ trên không - canonical answer evidence [SUMMARY] Cuố...",Điện Biên Phủ trên không | Bối cảnh chính của Điện Biên Phủ trên không | Năm 1972: Tiến công chiến lược và Điện Biên Phủ trên không | Diễn biến chính thời kỳ 1945-1954 | So sánh Điện Biên Phủ 1954 và Hiệp định Genève 1954,10.0,4.0,2.0,1.5,1.5,1.0,,False,10.0,,,
89,G5K_0089,explanation,,1,200,"Nói theo nguyên nhân - kết quả, Ngày 30/4/1975 tác động ra sao?","Ngày 30/4/1975 tác động trực tiếp là **giải phóng miền Nam**, khiến chính quyền Sài Gòn đầu hàng, **kết thúc chiến tranh** và **mở đường cho thống nhất đất nước**. [1]","[1]: Ý nghĩa Chiến dịch Hồ Chí Minh và Đại thắng mùa Xuân 1975 :: Chuẩn hóa theo canonical fact APRIL_30_1975_MEANING: Ngày 30/4/1975 gắn với giải phóng miền Nam, chính quyền Sài Gòn đầu hàng, kết thúc chiến tranh và mở đường cho thống nhất đất nước.. [TITLE] Ý nghĩa Chiến dịch Hồ Chí Minh và Đại thắng mùa Xuân 1975 [SUMMARY] Chiến dịch Hồ Chí Minh là đòn quyết định trong cuộc tấn công quân sự cuối cùng của mùa X...",Ý nghĩa Chiến dịch Hồ Chí Minh và Đại thắng mùa Xuân 1975 | Bối cảnh chính của Chiến dịch Hồ Chí Minh | Phân biệt 30/4/1975 với mốc Quốc hội hoàn tất thống nhất nhà nước | Chiến thắng Phước Long cuối 1974 - đầu 1975 | Ngày 10/3/1975 mở màn chiến dịch Tây Nguyên tại Buôn Ma Thuột,4.0,4.0,0.5,1.5,1.5,1.0,forbidden/wrong entity hit,True,10.0,,2/9/1945,
90,G5K_0090,explanation,,1,200,Tết Mậu Thân 1968 có ý nghĩa chính như thế nào trong giai đoạn 1930-1975?,"Tết Mậu Thân 1968 có ý nghĩa chính là tạo tác động chính trị rất lớn: làm lung lay chiến lược chiến tranh của Mỹ, ảnh hưởng mạnh tới dư luận/chính trường Mỹ và thúc đẩy đàm phán; tuy nhiên sự kiện này **không kết thúc ngay** cuộc chiến, mà mốc ngoại giao quan trọng sau đó là **Hiệp định Paris 1973**. [1]","[1]: So sánh Hiệp định Genève 1954 và Hiệp định Paris 1973 :: Chuẩn hóa theo canonical fact TET_MAU_THAN_1968_IMPACT: Tết Mậu Thân 1968 tạo tác động chính trị lớn: làm lung lay chiến lược chiến tranh của Mỹ, ảnh hưởng mạnh tới dư luận/chính trường Mỹ và thúc đẩy cục diện đàm phán; mốc ngoại giao quan trọng sau đó là Hiệp định Paris 1973. Sự kiện này không làm chiến tranh kết thúc ngay.. [TITLE] So sánh Hiệp đ...",So sánh Hiệp định Genève 1954 và Hiệp định Paris 1973 | Chiến thắng Phước Long cuối 1974 - đầu 1975 | Năm 1968: Tổng tiến công và nổi dậy Tết Mậu Thân | Năm 1975: Tổng tiến công mùa Xuân và giải phóng miền Nam | Năm 1930: Đảng Cộng sản Việt Nam ra đời và cao trào 1930-1931,9.81,4.0,2.0,1.5,1.31,1.0,,False,10.0,,,
91,G5K_0091,explanation,,1,200,Giải thích ngắn vì sao Tết Mậu Thân 1968 là một mốc quan trọng.,"Tết Mậu Thân 1968 là một mốc quan trọng vì nó làm lung lay chiến lược chiến tranh của Mỹ, tác động mạnh tới dư luận/chính trường Mỹ và thúc đẩy đàm phán; dù vậy, chiến tranh không kết thúc ngay mà còn tiếp diễn, và mốc ngoại giao quan trọng sau đó là Hiệp định Paris 1973. [1]","[1]: So sánh Hiệp định Genève 1954 và Hiệp định Paris 1973 :: Chuẩn hóa theo canonical fact TET_MAU_THAN_1968_IMPACT: Tết Mậu Thân 1968 tạo tác động chính trị lớn: làm lung lay chiến lược chiến tranh của Mỹ, ảnh hưởng mạnh tới dư luận/chính trường Mỹ và thúc đẩy cục diện đàm phán; mốc ngoại giao quan trọng sau đó là Hiệp định Paris 1973. Sự kiện này không làm chiến tranh kết thúc ngay.. [TITLE] So sánh Hiệp đ...",So sánh Hiệp định Genève 1954 và Hiệp định Paris 1973 | Năm 1968: Tổng tiến công và nổi dậy Tết Mậu Thân | Đường 9 trong Chiến dịch Đường 9 - Nam Lào năm 1971 | Đội Việt Nam Tuyên truyền Giải phóng quân thành lập ngày 22/12/1944 | Xô viết Nghệ Tĩnh trong cao trào 1930-1931,9.81,4.0,2.0,1.5,1.31,1.0,,False,10.0,,,
92,G5K_0092,explanation,,1,200,"Nếu học sinh hỏi Việt Minh 1941 quan trọng ở đâu, nên trả lời thế nào?","Việt Minh ra đời trong tháng 5/1941; nguồn dữ liệu ghi mốc 19/5/1941 là ngày thành lập Mặt trận Việt Minh, gắn với Hội nghị Trung ương 8 do Nguyễn Ái Quốc chủ trì. Tổ chức này tập hợp lực lượng yêu nước, tổ chức và lãnh đạo quần chúng đấu tranh giành chính quyền, góp phần trực tiếp vào thắng lợi của Cách mạng Tháng Tám 1945 [1]","[1]: So sánh Đảng Cộng sản Việt Nam và Việt Minh :: Chuẩn hóa theo canonical fact VIET_MINH_1941_ROLE: Việt Minh ra đời trong tháng 5/1941; nguồn dữ liệu ghi mốc 19/5/1941 là ngày thành lập Mặt trận Việt Minh, gắn với Hội nghị Trung ương 8 do Nguyễn Ái Quốc chủ trì. Tổ chức này tập hợp lực lượng yêu nước, tổ chức và lãnh đạo quần chúng đấu tranh giành chính quyền, góp phần trực tiếp vào thắng lợi củ...","So sánh Đảng Cộng sản Việt Nam và Việt Minh | Hội nghị Trung ương 8 năm 1941 và Việt Minh | Lời kêu gọi thi đua ái quốc ngày 11/6/1948 | Năm 1939: Chiến tranh thế giới thứ hai và Hội nghị Trung ương 6 | Năm 1945: Nhật đảo chính Pháp, Tổng khởi nghĩa và Tuyên ngôn Độc lập",9.85,4.0,2.0,1.5,1.35,1.0,,False,10.0,,,
93,G5K_0093,explanation,,1,200,Hiệp định Genève 1954 có ý nghĩa chính như thế nào trong giai đoạn 1930-1975?,"Hiệp định Genève 1954 có ý nghĩa chính là góp phần **kết thúc chiến tranh** ở Đông Dương, đồng thời quy định **vĩ tuyến 17** là **giới tuyến quân sự tạm thời**, **không phải biên giới vĩnh viễn**, và dự kiến sẽ tổ chức **tổng tuyển cử** để thống nhất đất nước. [1][3][4][5]","[1]: So sánh Hiệp định Genève 1954 và Hiệp định Paris 1973 :: Chuẩn hóa theo canonical fact GENEVE_1954_17TH_PARALLEL: Hiệp định Genève 1954 là mốc quan trọng vì góp phần kết thúc chiến tranh ở Đông Dương, quy định vĩ tuyến 17 là giới tuyến quân sự tạm thời, không phải biên giới vĩnh viễn, và gắn với dự kiến tổng tuyển cử thống nhất đất nước.. [TITLE] So sánh Hiệp định Genève 1954 và Hiệp định Paris 1973 [SUM... | [3]: Tổng tuyển cử thống nhất dự kiến năm 1956 sau Hiệp định Genève :: Sau Hiệp định Genève 1954, tổng tuyển cử thống nhất dự kiến vào năm 1956 nhưng không được thực hiện. | [4]: Nguồn trực tiếp: Hiệp định Genève 1954 quy định đình chỉ chiến sự và giới tuyến tạm thời :: Hiệp định Genève 1954 về Đông Dương gắn với đình chỉ chiến sự; đối với Việt Nam, giới tuyến quân sự tạm thời được xác định ở vĩ tuyến 17. | [5]: So sánh Điện Biên Phủ 1954 và Hiệp định Genève 1954 :: Điện Biên Phủ 1954 là thắng lợi quân sự quyết định; Hiệp định Genève 1954 là kết quả ngoại giao ghi nhận đình chiến và lập lại hòa bình ở Đông Dương.",So sánh Hiệp định Genève 1954 và Hiệp định Paris 1973 | Phân biệt Hiệp định Genève 1954 và Hiệp định Paris 1973 | Tổng tuyển cử thống nhất dự kiến năm 1956 sau Hiệp định Genève | Nguồn trực tiếp: Hiệp định Genève 1954 quy định đình chỉ chiến sự và giới tuyến tạm thời | So sánh Điện Biên Phủ 1954 và Hiệp định Genève 1954,10.0,4.0,2.0,1.5,1.5,1.0,,False,10.0,,,
94,G5K_0094,explanation,,1,200,Đường Trường Sơn có ý nghĩa chính như thế nào trong giai đoạn 1930-1975?,"Đường Trường Sơn là tuyến vận tải chiến lược đưa người và vật chất chi viện cho miền Nam, nối hậu phương miền Bắc với tiền tuyến miền Nam trong kháng chiến chống Mỹ. [1]","[1]: Năm 1959: Đoàn 559 và đường Trường Sơn :: Chuẩn hóa theo canonical fact TRUONG_SON_SUPPORT: Không. Đường Trường Sơn không phải là một hiệp định ngoại giao; đây là tuyến vận tải chiến lược đưa người và vật chất chi viện cho miền Nam, nối hậu phương miền Bắc với tiền tuyến miền Nam trong kháng chiến chống Mỹ.. [TITLE] Năm 1959: Đoàn 559 và đường Trường Sơn [SUMMARY] Ngày 19/5/1959, Đoàn 559 ...",Năm 1959: Đoàn 559 và đường Trường Sơn | Bắt đầu xây dựng đường Trường Sơn (đường Hồ Chí Minh) – huyết mạch chi viện miền Nam (1959) | Đường Trường Sơn - canonical answer evidence | Mốc ngày 19/5/1959 trong lịch sử Việt Nam 1954-1975 | Bối cảnh chính của Đường Trường Sơn và Đoàn 559,8.15,2.8,2.0,1.0,1.35,1.0,,False,10.0,chi viện miền Nam | Không,,
95,G5K_0095,explanation,,1,200,"Nếu học sinh hỏi Chiến dịch Tây Nguyên 1975 quan trọng ở đâu, nên trả lời thế nào?","Có thể trả lời: **Chiến dịch Tây Nguyên** là thắng lợi mở đầu cho **đột phá chiến lược** của Tổng tiến công mùa Xuân 1975; đặc biệt, việc đánh thắng ở **Buôn Ma Thuột** ngày **10/3/1975** đã tạo đà cho quân ta phát triển nhanh ra **Huế - Đà Nẵng**, rồi tiến tới **Sài Gòn**, góp phần đi đến thắng lợi hoàn toàn vào **30/4/1975**. [1]","[1]: Ngày 10/3/1975 mở màn chiến dịch Tây Nguyên tại Buôn Ma Thuột :: Chuẩn hóa theo canonical fact TAY_NGUYEN_1975_BREAKTHROUGH: Chiến dịch Tây Nguyên 1975 mở đầu đột phá chiến lược của Tổng tiến công mùa Xuân 1975; thắng lợi ở Buôn Ma Thuột ngày 10/3/1975 tạo đà phát triển nhanh tới Huế - Đà Nẵng và cuối cùng tới Sài Gòn, kết thúc bằng mốc 30/4/1975 trong Chiến dịch Hồ Chí Minh.. [TITLE] Ngày 10/3/1975 mở màn chiến...",Ngày 10/3/1975 mở màn chiến dịch Tây Nguyên tại Buôn Ma Thuột | Đường 9 trong Chiến dịch Đường 9 - Nam Lào năm 1971 | Chiến thắng Phước Long cuối 1974 - đầu 1975 | Năm 1975: Tổng tiến công mùa Xuân và giải phóng miền Nam | Năm 1974: chuyển biến trước Tổng tiến công 1975 và Phước Long,10.0,4.0,2.0,1.5,1.5,1.0,,False,10.0,,,
96,G5K_0096,explanation,,1,200,bien gioi 1950 giup khang chien chuyen bien the nao?,"Chiến dịch Biên giới Thu–Đông 1950 đã **khai thông biên giới**, **mở rộng căn cứ** địa kháng chiến và giúp cuộc kháng chiến chống Pháp chuyển sang **thế chủ động** hơn. [1]","[1]: Chiến dịch Biên giới Thu-Đông 1950 :: Chuẩn hóa theo canonical fact BIEN_GIOI_1950_MEANING: Chiến dịch Biên giới Thu Đông 1950 có ý nghĩa khai thông biên giới, mở rộng căn cứ địa và giúp cuộc kháng chiến chống Pháp chuyển sang thế chủ động hơn.. [TITLE] Chiến dịch Biên giới Thu-Đông 1950 - canonical answer evidence [SUMMARY] Chiến dịch Biên giới Thu-Đông 1950 khai thông biên giới Việt-...","Chiến dịch Biên giới Thu-Đông 1950 | Diễn biến chính thời kỳ 1945-1954 | Đồng Khởi là chuyển biến quan trọng ở miền Nam | Năm 1939, Chiến tranh thế giới thứ hai và chuyển hướng chiến lược | Năm 1939: Chiến tranh thế giới thứ hai và Hội nghị Trung ương 6",10.0,4.0,2.0,1.5,1.5,1.0,,False,10.0,,,
97,G5K_0097,explanation,,1,200,Giải thích ngắn vì sao Đường Trường Sơn là một mốc quan trọng.,"Đường Trường Sơn là tuyến vận tải chiến lược đưa người và vật chất chi viện cho miền Nam, nối hậu phương miền Bắc với tiền tuyến miền Nam trong kháng chiến chống Mỹ. [1]","[1]: Năm 1959: Đoàn 559 và đường Trường Sơn :: Chuẩn hóa theo canonical fact TRUONG_SON_SUPPORT: Không. Đường Trường Sơn không phải là một hiệp định ngoại giao; đây là tuyến vận tải chiến lược đưa người và vật chất chi viện cho miền Nam, nối hậu phương miền Bắc với tiền tuyến miền Nam trong kháng chiến chống Mỹ.. [TITLE] Năm 1959: Đoàn 559 và đường Trường Sơn [SUMMARY] Ngày 19/5/1959, Đoàn 559 ...",Năm 1959: Đoàn 559 và đường Trường Sơn | Bắt đầu xây dựng đường Trường Sơn (đường Hồ Chí Minh) – huyết mạch chi viện miền Nam (1959) | Đường Trường Sơn - canonical answer evidence | Mốc ngày 19/5/1959 trong lịch sử Việt Nam 1954-1975 | Bối cảnh chính của Đường Trường Sơn và Đoàn 559,8.15,2.8,2.0,1.0,1.35,1.0,,False,10.0,chi viện miền Nam | Không,,
98,G5K_0098,explanation,,1,200,"Nói theo nguyên nhân - kết quả, Phong trào Đồng Khởi tác động ra sao?","Theo nguyên nhân - kết quả, Phong trào Đồng Khởi giai đoạn **1959-1960** đã **phá thế kìm kẹp**, làm cho cách mạng miền Nam **giữ gìn lực lượng sang thế tiến công**, và tạo cơ sở cho **Mặt trận Dân tộc Giải phóng miền Nam** ra đời. [1]","[1]: Đồng Khởi là chuyển biến quan trọng ở miền Nam :: Chuẩn hóa theo canonical fact DONG_KHOI_MEANING: Đồng Khởi 1959-1960 làm thay đổi thế cách mạng miền Nam: từ thế giữ gìn lực lượng sang thế tiến công, phá thế kìm kẹp ở nhiều nơi và tạo cơ sở cho Mặt trận Dân tộc Giải phóng miền Nam (MTDTGPMN) ra đời.. [TITLE] Đồng Khởi là chuyển biến quan trọng ở miền Nam [SUMMARY] Đồng Khởi 1959-1960 là chuyển bi...",Đồng Khởi là chuyển biến quan trọng ở miền Nam | Bối cảnh chính của Phong trào Đồng Khởi | Cao trào kháng Nhật cứu nước năm 1945 | Ý nghĩa Cách mạng Tháng Tám 1945 | Chiến thắng Phước Long cuối 1974 - đầu 1975,10.0,4.0,2.0,1.5,1.5,1.0,,False,10.0,,,
99,G5K_0099,explanation,,1,200,"Nếu học sinh hỏi Ngày 30/4/1975 quan trọng ở đâu, nên trả lời thế nào?","Ngày 30/4/1975 gắn với giải phóng miền Nam, chính quyền Sài Gòn đầu hàng, kết thúc chiến tranh và mở đường cho thống nhất đất nước [1]","[1]: Ý nghĩa Chiến dịch Hồ Chí Minh và Đại thắng mùa Xuân 1975 :: Chuẩn hóa theo canonical fact APRIL_30_1975_MEANING: Ngày 30/4/1975 gắn với giải phóng miền Nam, chính quyền Sài Gòn đầu hàng, kết thúc chiến tranh và mở đường cho thống nhất đất nước.. [TITLE] Ý nghĩa Chiến dịch Hồ Chí Minh và Đại thắng mùa Xuân 1975 [SUMMARY] Chiến dịch Hồ Chí Minh là đòn quyết định trong cuộc tấn công quân sự cuối cùng của mùa X...",Ý nghĩa Chiến dịch Hồ Chí Minh và Đại thắng mùa Xuân 1975 | Bối cảnh chính của Chiến dịch Hồ Chí Minh | Phân biệt 30/4/1975 với mốc Quốc hội hoàn tất thống nhất nhà nước | Chiến thắng Phước Long cuối 1974 - đầu 1975 | Ngày 10/3/1975 mở màn chiến dịch Tây Nguyên tại Buôn Ma Thuột,4.0,4.0,0.5,1.5,1.5,1.0,forbidden/wrong entity hit,True,10.0,,2/9/1945,
100,G5K_0100,explanation,,1,200,"Nói theo nguyên nhân - kết quả, Hậu phương miền Bắc tác động ra sao?","Hậu phương miền Bắc tác động ra **miền Nam** theo quan hệ nguyên nhân - kết quả là: miền Bắc giữ vai trò **hậu phương lớn**, từ đó **chi viện người và vật chất** cho tiền tuyến, góp phần tạo sức mạnh để đấu tranh ở miền Nam. [1]","[1]: Năm 1959: Đoàn 559 và đường Trường Sơn :: Chuẩn hóa theo canonical fact NORTH_REAR_BASE_SUPPORT: Miền Bắc giữ vai trò hậu phương lớn trong kháng chiến chống Mỹ vì xây dựng lực lượng và chi viện người, vật chất cho tiền tuyến miền Nam.. [TITLE] Năm 1959: Đoàn 559 và đường Trường Sơn [SUMMARY] Ngày 19/5/1959, Đoàn 559 được thành lập. [YEAR] 1959 [YEARS] 1959 [DATES] [PERIOD] 1959",Năm 1959: Đoàn 559 và đường Trường Sơn | Bắt đầu xây dựng đường Trường Sơn (đường Hồ Chí Minh) – huyết mạch chi viện miền Nam (1959) | Đồng Khởi là chuyển biến quan trọng ở miền Nam | Bối cảnh chính của Điện Biên Phủ trên không | Chiến thắng Phước Long cuối 1974 - đầu 1975,10.0,4.0,2.0,1.5,1.5,1.0,,False,10.0,,,
101,G5K_0101,explanation,,1,200,"Nói theo nguyên nhân - kết quả, Đường Trường Sơn tác động ra sao?","Đường Trường Sơn là tuyến vận tải chiến lược đưa người và vật chất chi viện cho miền Nam, nối hậu phương miền Bắc với tiền tuyến miền Nam trong kháng chiến chống Mỹ. [1]","[1]: Năm 1959: Đoàn 559 và đường Trường Sơn :: Chuẩn hóa theo canonical fact TRUONG_SON_SUPPORT: Không. Đường Trường Sơn không phải là một hiệp định ngoại giao; đây là tuyến vận tải chiến lược đưa người và vật chất chi viện cho miền Nam, nối hậu phương miền Bắc với tiền tuyến miền Nam trong kháng chiến chống Mỹ.. [TITLE] Năm 1959: Đoàn 559 và đường Trường Sơn [SUMMARY] Ngày 19/5/1959, Đoàn 559 ...",Năm 1959: Đoàn 559 và đường Trường Sơn | Bắt đầu xây dựng đường Trường Sơn (đường Hồ Chí Minh) – huyết mạch chi viện miền Nam (1959) | Đường Trường Sơn - canonical answer evidence | Mốc ngày 19/5/1959 trong lịch sử Việt Nam 1954-1975 | Bối cảnh chính của Đường Trường Sơn và Đoàn 559,8.15,2.8,2.0,1.0,1.35,1.0,,False,10.0,chi viện miền Nam | Không,,
102,G5K_0102,explanation,,1,200,"Nếu học sinh hỏi Hậu phương miền Bắc quan trọng ở đâu, nên trả lời thế nào?","Có thể trả lời ngắn gọn: **Miền Bắc là hậu phương lớn, quan trọng ở chỗ đã chi viện người và vật chất cho tiền tuyến miền Nam, góp phần quyết định vào cuộc kháng chiến chống Mỹ.** [1]","[1]: Năm 1959: Đoàn 559 và đường Trường Sơn :: Chuẩn hóa theo canonical fact NORTH_REAR_BASE_SUPPORT: Miền Bắc giữ vai trò hậu phương lớn trong kháng chiến chống Mỹ vì xây dựng lực lượng và chi viện người, vật chất cho tiền tuyến miền Nam.. [TITLE] Năm 1959: Đoàn 559 và đường Trường Sơn [SUMMARY] Ngày 19/5/1959, Đoàn 559 được thành lập. [YEAR] 1959 [YEARS] 1959 [DATES] [PERIOD] 1959",Năm 1959: Đoàn 559 và đường Trường Sơn | Bắt đầu xây dựng đường Trường Sơn (đường Hồ Chí Minh) – huyết mạch chi viện miền Nam (1959) | Đồng Khởi là chuyển biến quan trọng ở miền Nam | Chiến thắng Phước Long cuối 1974 - đầu 1975 | Chiến tranh đặc biệt ở miền Nam giai đoạn 1961-1965,10.0,4.0,2.0,1.5,1.5,1.0,,False,10.0,,,
103,G5K_0103,explanation,,1,200,Giải thích ngắn vì sao Phong trào Đồng Khởi là một mốc quan trọng.,"Phong trào Đồng Khởi (1959-1960) là một mốc quan trọng vì đã **giữ gìn lực lượng sang thế tiến công**, **phá thế kìm kẹp** ở nhiều nơi, và tạo cơ sở cho **Mặt trận Dân tộc Giải phóng miền Nam** ra đời, qua đó làm thay đổi cục diện cách mạng miền Nam. [1][3]","[1]: Đồng Khởi là chuyển biến quan trọng ở miền Nam :: Chuẩn hóa theo canonical fact DONG_KHOI_MEANING: Đồng Khởi 1959-1960 làm thay đổi thế cách mạng miền Nam: từ thế giữ gìn lực lượng sang thế tiến công, phá thế kìm kẹp ở nhiều nơi và tạo cơ sở cho Mặt trận Dân tộc Giải phóng miền Nam (MTDTGPMN) ra đời.. [TITLE] Đồng Khởi là chuyển biến quan trọng ở miền Nam [SUMMARY] Đồng Khởi 1959-1960 là chuyển bi... | [3]: Bối cảnh chính của Phong trào Đồng Khởi :: Phong trào Đồng Khởi, tiêu biểu từ Bến Tre tháng 1/1960, đánh dấu bước phát triển của cách mạng miền Nam và làm tan rã từng mảng chính quyền cơ sở đối phương.",Đồng Khởi là chuyển biến quan trọng ở miền Nam | Cao trào kháng Nhật cứu nước năm 1945 | Bối cảnh chính của Phong trào Đồng Khởi | Ý nghĩa Cách mạng Tháng Tám 1945 | Đường 9 trong Chiến dịch Đường 9 - Nam Lào năm 1971,10.0,4.0,2.0,1.5,1.5,1.0,,False,10.0,,,
104,G5K_0104,explanation,,1,200,Chiến dịch Biên giới Thu Đông 1950 có ý nghĩa chính như thế nào trong giai đoạn 1930-1975?,"Chiến dịch Biên giới Thu Đông 1950 có ý nghĩa chính là **khai thông biên giới**, **mở rộng căn cứ địa** và đưa cuộc kháng chiến chống Pháp chuyển sang **thế chủ động** hơn. [1]","[1]: Chiến dịch Biên giới Thu-Đông 1950 :: Chuẩn hóa theo canonical fact BIEN_GIOI_1950_MEANING: Chiến dịch Biên giới Thu Đông 1950 có ý nghĩa khai thông biên giới, mở rộng căn cứ địa và giúp cuộc kháng chiến chống Pháp chuyển sang thế chủ động hơn.. [TITLE] Chiến dịch Biên giới Thu-Đông 1950 - canonical answer evidence [SUMMARY] Chiến dịch Biên giới Thu-Đông 1950 khai thông biên giới Việt-...",Chiến dịch Biên giới Thu-Đông 1950 | Năm 1975: Tổng tiến công mùa Xuân và giải phóng miền Nam | Diễn biến chính thời kỳ 1945-1954 | Đồng Khởi là chuyển biến quan trọng ở miền Nam | Chiến thắng Phước Long cuối 1974 - đầu 1975,10.0,4.0,2.0,1.5,1.5,1.0,,False,10.0,,,
105,G5K_0105,explanation,,1,200,"Nói theo nguyên nhân - kết quả, Cách mạng Tháng Tám 1945 tác động ra sao?","Nguyên nhân: năm 1945 xuất hiện thời cơ trực tiếp khi Nhật đảo chính Pháp, cao trào kháng Nhật phát triển và Tổng khởi nghĩa được phát động. Kết quả: Cách mạng Tháng Tám 1945 đã giành chính quyền về tay nhân dân trên cả nước, từ đó dẫn tới sự ra đời của nước Việt Nam Dân chủ Cộng hòa ngày 2/9/1945. [1]","[1]: Ý nghĩa Cách mạng Tháng Tám 1945 :: Chuẩn hóa theo canonical fact CMT8_1945_CAUSE_RESULT_STRUCTURE: Nguyên nhân: năm 1945 xuất hiện thời cơ trực tiếp khi Nhật đảo chính Pháp, cao trào kháng Nhật phát triển và Tổng khởi nghĩa được phát động. Kết quả: Cách mạng Tháng Tám 1945 giành chính quyền về tay nhân dân trên cả nước, dẫn tới sự ra đời của nước Việt Nam Dân chủ Cộng hòa ngày 2/9/1...",Ý nghĩa Cách mạng Tháng Tám 1945 | Ý nghĩa Cách mạng Tháng Tám 1945 | Nguồn trực tiếp: Bình dân học vụ chống nạn mù chữ sau Cách mạng Tháng Tám | Bình dân học vụ sau Cách mạng Tháng Tám | Chiến thắng Phước Long cuối 1974 - đầu 1975,10.0,4.0,2.0,1.5,1.5,1.0,,False,10.0,,,
106,G5K_0106,explanation,,1,200,Giải thích ngắn vì sao Chiến thắng Việt Bắc Thu Đông 1947 là một mốc quan trọng.,"Chiến thắng Việt Bắc Thu Đông 1947 là một mốc quan trọng vì đã làm phá sản chiến lược **đánh nhanh thắng nhanh** của Pháp, góp phần **bảo vệ căn cứ Việt Bắc**, và tạo điều kiện để cuộc **kháng chiến lâu dài** của ta tiếp tục phát triển. [1]","[1]: Chiến dịch Việt Bắc Thu-Đông 1947 :: Chuẩn hóa theo canonical fact VIET_BAC_1947_MEANING: Chiến thắng Việt Bắc Thu Đông 1947 quan trọng vì đánh bại chiến lược đánh nhanh thắng nhanh của Pháp, bảo vệ căn cứ địa Việt Bắc và tạo điều kiện để cuộc kháng chiến chống Pháp tiếp tục lâu dài.. [TITLE] Chiến dịch Việt Bắc Thu-Đông 1947 - canonical answer evidence [SUMMARY] Chiến dịch Việt Bắc T...",Chiến dịch Việt Bắc Thu-Đông 1947 | Diễn biến chính thời kỳ 1945-1954 | Đường 9 trong Chiến dịch Đường 9 - Nam Lào năm 1971 | Việt Nam hóa chiến tranh giai đoạn 1969-1973 | Đội Việt Nam Tuyên truyền Giải phóng quân thành lập ngày 22/12/1944,10.0,4.0,2.0,1.5,1.5,1.0,,False,10.0,,,
107,G5K_0107,explanation,,1,200,"Nói theo nguyên nhân - kết quả, Chiến thắng Điện Biên Phủ 1954 tác động ra sao?","Chiến thắng Điện Biên Phủ 1954 là một **mốc quyết định**: nó **đánh bại** ý chí xâm lược của Pháp, làm phá sản Kế hoạch Nava, tác động trực tiếp tới **Genève 1954**, đồng thời về quốc tế còn **suy yếu chủ nghĩa thực dân** và **cổ vũ phong trào giải phóng dân tộc**. [1][3]","[1]: Ý nghĩa Chiến thắng Điện Biên Phủ 1954 :: Chuẩn hóa theo canonical fact DBP_1954_INTERNATIONAL_IMPACT: Điện Biên Phủ 1954 là mốc quyết định trong kháng chiến chống Pháp: thắng lợi này đánh bại ý chí xâm lược của Pháp, làm phá sản Kế hoạch Nava và tác động trực tiếp tới Hội nghị Genève 1954; về quốc tế, nó làm suy yếu chủ nghĩa thực dân và cổ vũ phong trào giải phóng dân tộc.. [TITLE] Ý ngh... | [3]: Chiến thắng Điện Biên Phủ - canonical answer evidence :: Ngày 7/5/1954, Chiến dịch Điện Biên Phủ kết thúc thắng lợi. Chiến thắng làm phá sản Kế hoạch Nava và tác động trực tiếp đến đàm phán Genève.",Ý nghĩa Chiến thắng Điện Biên Phủ 1954 | So sánh Điện Biên Phủ 1954 và Chiến dịch Hồ Chí Minh 1975 | Chiến thắng Điện Biên Phủ - canonical answer evidence | Mốc ngày 7/5/1954 trong lịch sử Việt Nam 1945-1954 | So sánh Chiến dịch Biên giới 1950 và Chiến dịch Điện Biên Phủ 1954,10.0,4.0,2.0,1.5,1.5,1.0,,False,10.0,,,
108,G5K_0108,explanation,,1,200,"Nói theo nguyên nhân - kết quả, Hiệp định Genève 1954 tác động ra sao?","Theo nguyên nhân - kết quả, Hiệp định Genève 1954 là kết quả của thắng lợi và đàm phán, từ đó góp phần **kết thúc chiến tranh** ở Đông Dương, quy định **vĩ tuyến 17** là **giới tuyến quân sự tạm thời**, **không phải biên giới vĩnh viễn**, và dự kiến sẽ có **tổng tuyển cử** để thống nhất đất nước sau đó. [1][3][4]","[1]: So sánh Hiệp định Genève 1954 và Hiệp định Paris 1973 :: Chuẩn hóa theo canonical fact GENEVE_1954_17TH_PARALLEL: Hiệp định Genève 1954 là mốc quan trọng vì góp phần kết thúc chiến tranh ở Đông Dương, quy định vĩ tuyến 17 là giới tuyến quân sự tạm thời, không phải biên giới vĩnh viễn, và gắn với dự kiến tổng tuyển cử thống nhất đất nước.. [TITLE] So sánh Hiệp định Genève 1954 và Hiệp định Paris 1973 [SUM... | [3]: Tổng tuyển cử thống nhất dự kiến năm 1956 sau Hiệp định Genève :: Sau Hiệp định Genève 1954, tổng tuyển cử thống nhất dự kiến vào năm 1956 nhưng không được thực hiện. | [4]: Nguồn trực tiếp: Hiệp định Genève 1954 quy định đình chỉ chiến sự và giới tuyến tạm thời :: Hiệp định Genève 1954 về Đông Dương gắn với đình chỉ chiến sự; đối với Việt Nam, giới tuyến quân sự tạm thời được xác định ở vĩ tuyến 17.",So sánh Hiệp định Genève 1954 và Hiệp định Paris 1973 | Phân biệt Hiệp định Genève 1954 và Hiệp định Paris 1973 | Tổng tuyển cử thống nhất dự kiến năm 1956 sau Hiệp định Genève | Nguồn trực tiếp: Hiệp định Genève 1954 quy định đình chỉ chiến sự và giới tuyến tạm thời | So sánh Điện Biên Phủ 1954 và Hiệp định Genève 1954,10.0,4.0,2.0,1.5,1.5,1.0,,False,10.0,,,
109,G5K_0109,explanation,,1,200,Chiến dịch Tây Nguyên 1975 có ý nghĩa chính như thế nào trong giai đoạn 1930-1975?,"Chiến dịch Tây Nguyên 1975 có ý nghĩa chính là mở đầu **đột phá chiến lược** của Tổng tiến công mùa Xuân 1975: thắng lợi ở **Buôn Ma Thuột** ngày **10/3/1975** đã tạo thế và lực để quân ta phát triển nhanh sang **Huế - Đà Nẵng**, rồi tiến vào **Sài Gòn**, góp phần dẫn tới thắng lợi hoàn toàn ngày **30/4/1975**. [1][3]","[1]: Ngày 10/3/1975 mở màn chiến dịch Tây Nguyên tại Buôn Ma Thuột :: Chuẩn hóa theo canonical fact TAY_NGUYEN_1975_BREAKTHROUGH: Chiến dịch Tây Nguyên 1975 mở đầu đột phá chiến lược của Tổng tiến công mùa Xuân 1975; thắng lợi ở Buôn Ma Thuột ngày 10/3/1975 tạo đà phát triển nhanh tới Huế - Đà Nẵng và cuối cùng tới Sài Gòn, kết thúc bằng mốc 30/4/1975 trong Chiến dịch Hồ Chí Minh.. [TITLE] Ngày 10/3/1975 mở màn chiến... | [3]: Ngày 30/4/1975 - Dinh Độc Lập bị chiếm và chính quyền Sài Gòn đầu hàng :: Ngày 30/4/1975, quân giải phóng chiếm Dinh Độc Lập và buộc Tổng thống Dương Văn Minh tuyên bố đầu hàng không điều kiện. Mốc này báo hiệu toàn thắng của Chiến dịch Hồ Chí Minh và gắn với kết thúc thắng lợi cuộc kháng chiến chống Mỹ, cứu nước.",Ngày 10/3/1975 mở màn chiến dịch Tây Nguyên tại Buôn Ma Thuột | Ý nghĩa Chiến dịch Hồ Chí Minh và Đại thắng mùa Xuân 1975 | Ngày 30/4/1975 - Dinh Độc Lập bị chiếm và chính quyền Sài Gòn đầu hàng | Nguồn chứng minh 30/4/1975 là mốc kết thúc chiến tranh và thống nhất đất nước | So sánh Điện Biên Phủ 1954 và Chiến dịch Hồ Chí Minh 1975,10.0,4.0,2.0,1.5,1.5,1.0,,False,10.0,,,
110,G5K_0110,explanation,,1,200,Toàn quốc kháng chiến 1946 có ý nghĩa chính như thế nào trong giai đoạn 1930-1975?,"Toàn quốc kháng chiến 1946 có ý nghĩa **mở đầu kháng chiến toàn quốc chống Pháp**, khơi dậy và huy động sức mạnh **toàn dân** tham gia kháng chiến, đồng thời đưa cuộc đấu tranh của dân tộc sang giai đoạn lâu dài. [1]","[1]: Toàn quốc kháng chiến :: Chuẩn hóa theo canonical fact TOAN_QUOC_KHANG_CHIEN_1946_MEANING: Toàn quốc kháng chiến 1946 có ý nghĩa mở đầu cuộc kháng chiến toàn quốc chống Pháp, huy động tinh thần toàn dân kháng chiến và chuyển cuộc đấu tranh sang giai đoạn lâu dài.. [TITLE] Toàn quốc kháng chiến - canonical answer evidence [SUMMARY] Ngày 19/12/1946, cuộc Toàn quốc kháng chiế...","Toàn quốc kháng chiến | Đấu tranh ngoại giao với Pháp trước 19/12/1946 | Toàn quốc kháng chiến bùng nổ | Hình thành đường lối kháng chiến toàn dân, toàn diện, lâu dài, tự lực cánh sinh | Công bố/lan truyền Lời kêu gọi Toàn quốc kháng chiến",4.0,4.0,0.5,1.5,1.5,1.0,forbidden/wrong entity hit,True,10.0,,2/9/1945,
111,G5K_0111,explanation,,1,200,"Nếu học sinh hỏi Chiến thắng Việt Bắc Thu Đông 1947 quan trọng ở đâu, nên trả lời thế nào?","Bạn có thể trả lời: “Chiến thắng Việt Bắc Thu Đông 1947 rất quan trọng vì đã đánh bại chiến lược **đánh nhanh thắng nhanh** của Pháp, **bảo vệ căn cứ Việt Bắc**, và tạo điều kiện để cuộc **kháng chiến lâu dài** chống Pháp tiếp tục phát triển.” [1]","[1]: Chiến dịch Việt Bắc Thu-Đông 1947 :: Chuẩn hóa theo canonical fact VIET_BAC_1947_MEANING: Chiến thắng Việt Bắc Thu Đông 1947 quan trọng vì đánh bại chiến lược đánh nhanh thắng nhanh của Pháp, bảo vệ căn cứ địa Việt Bắc và tạo điều kiện để cuộc kháng chiến chống Pháp tiếp tục lâu dài.. [TITLE] Chiến dịch Việt Bắc Thu-Đông 1947 - canonical answer evidence [SUMMARY] Chiến dịch Việt Bắc T...","Chiến dịch Việt Bắc Thu-Đông 1947 | Đường 9 trong Chiến dịch Đường 9 - Nam Lào năm 1971 | Lời kêu gọi thi đua ái quốc ngày 11/6/1948 | Năm 1939: Chiến tranh thế giới thứ hai và Hội nghị Trung ương 6 | Năm 1939, Chiến tranh thế giới thứ hai và chuyển hướng chiến lược",10.0,4.0,2.0,1.5,1.5,1.0,,False,10.0,,,
112,G5K_0112,explanation,,1,200,Giải thích ngắn vì sao Toàn quốc kháng chiến 1946 là một mốc quan trọng.,"Toàn quốc kháng chiến ngày 19/12/1946 là một mốc quan trọng vì nó đánh dấu sự bùng nổ của cuộc kháng chiến toàn quốc chống thực dân Pháp, tức bước chuyển từ đấu tranh sang chiến đấu trên phạm vi cả nước để bảo vệ độc lập dân tộc. [1]","[1]: Toàn quốc kháng chiến :: Chuẩn hóa theo canonical fact TOAN_QUOC_KHANG_CHIEN_1946_START_DATE: Toàn quốc kháng chiến bùng nổ ngày 19/12/1946, mở đầu cuộc kháng chiến toàn quốc chống thực dân Pháp.. [TITLE] Toàn quốc kháng chiến - canonical answer evidence [SUMMARY] Ngày 19/12/1946, cuộc Toàn quốc kháng chiến chống thực dân Pháp bùng nổ. Lời kêu gọi Toàn quốc kháng chiến của...","Toàn quốc kháng chiến | Đấu tranh ngoại giao với Pháp trước 19/12/1946 | Toàn quốc kháng chiến bùng nổ | Hình thành đường lối kháng chiến toàn dân, toàn diện, lâu dài, tự lực cánh sinh | Công bố/lan truyền Lời kêu gọi Toàn quốc kháng chiến",4.0,1.5,0.5,0.5,1.0,1.0,forbidden/wrong entity hit,True,9.0,chống Pháp | toàn dân,2/9/1945,
113,G5K_0113,explanation,,1,200,"Nếu học sinh hỏi Hiệp định Genève 1954 quan trọng ở đâu, nên trả lời thế nào?","Có thể trả lời: Hiệp định Genève 1954 quan trọng ở chỗ góp phần **kết thúc chiến tranh** ở Đông Dương, quy định **vĩ tuyến 17** là **giới tuyến quân sự tạm thời**, **không phải biên giới vĩnh viễn**, và gắn với việc dự kiến **tổng tuyển cử** để thống nhất đất nước. [1][2][4]","[1]: So sánh Hiệp định Genève 1954 và Hiệp định Paris 1973 :: Chuẩn hóa theo canonical fact GENEVE_1954_17TH_PARALLEL: Hiệp định Genève 1954 là mốc quan trọng vì góp phần kết thúc chiến tranh ở Đông Dương, quy định vĩ tuyến 17 là giới tuyến quân sự tạm thời, không phải biên giới vĩnh viễn, và gắn với dự kiến tổng tuyển cử thống nhất đất nước.. [TITLE] So sánh Hiệp định Genève 1954 và Hiệp định Paris 1973 [SUM... | [2]: Tổng tuyển cử thống nhất dự kiến năm 1956 sau Hiệp định Genève :: Sau Hiệp định Genève 1954, tổng tuyển cử thống nhất dự kiến vào năm 1956 nhưng không được thực hiện. | [4]: Nguồn trực tiếp: Hiệp định Genève 1954 quy định đình chỉ chiến sự và giới tuyến tạm thời :: Hiệp định Genève 1954 về Đông Dương gắn với đình chỉ chiến sự; đối với Việt Nam, giới tuyến quân sự tạm thời được xác định ở vĩ tuyến 17.",So sánh Hiệp định Genève 1954 và Hiệp định Paris 1973 | Tổng tuyển cử thống nhất dự kiến năm 1956 sau Hiệp định Genève | Phân biệt Hiệp định Genève 1954 và Hiệp định Paris 1973 | Nguồn trực tiếp: Hiệp định Genève 1954 quy định đình chỉ chiến sự và giới tuyến tạm thời | Diễn biến chính thời kỳ 1945-1954,10.0,4.0,2.0,1.5,1.5,1.0,,False,10.0,,,
114,G5K_0114,explanation,,1,502,Giải thích ngắn vì sao Hiệp định Genève 1954 là một mốc quan trọng.,"9Router API mode trả về câu trả lời không đạt kiểm tra citation/context-only, nên hệ thống không hiển thị câu trả lời đó. Local no-cloud mode vẫn khả dụng.",,So sánh Hiệp định Genève 1954 và Hiệp định Paris 1973 | Phân biệt Hiệp định Genève 1954 và Hiệp định Paris 1973 | Tổng tuyển cử thống nhất dự kiến năm 1956 sau Hiệp định Genève | Nguồn trực tiếp: Hiệp định Genève 1954 quy định đình chỉ chiến sự và giới tuyến tạm thời | So sánh Điện Biên Phủ 1954 và Hiệp định Genève 1954,2.0,0.0,0.5,0.0,0.0,0.5,HTTP/postcheck error; no usable final answer,True,,vĩ tuyến 17 | giới tuyến quân sự tạm thời | không phải biên giới vĩnh viễn | kết thúc chiến tranh | tổng tuyển cử,,Answer was blocked by runtime/citation-context postcheck.
115,G5K_0115,explanation,,1,200,Giải thích ngắn vì sao Ngày 30/4/1975 là một mốc quan trọng.,"Ngày 30/4/1975 là một mốc quan trọng vì đây là ngày **giải phóng miền Nam**, **kết thúc chiến tranh** và mở đường cho **thống nhất đất nước**; đồng thời chính quyền Sài Gòn đầu hàng, đánh dấu thắng lợi quyết định của Chiến dịch Hồ Chí Minh. [1]","[1]: Ý nghĩa Chiến dịch Hồ Chí Minh và Đại thắng mùa Xuân 1975 :: Chuẩn hóa theo canonical fact APRIL_30_1975_MEANING: Ngày 30/4/1975 gắn với giải phóng miền Nam, chính quyền Sài Gòn đầu hàng, kết thúc chiến tranh và mở đường cho thống nhất đất nước.. [TITLE] Ý nghĩa Chiến dịch Hồ Chí Minh và Đại thắng mùa Xuân 1975 [SUMMARY] Chiến dịch Hồ Chí Minh là đòn quyết định trong cuộc tấn công quân sự cuối cùng của mùa X...",Ý nghĩa Chiến dịch Hồ Chí Minh và Đại thắng mùa Xuân 1975 | Bối cảnh chính của Chiến dịch Hồ Chí Minh | Phân biệt 30/4/1975 với mốc Quốc hội hoàn tất thống nhất nhà nước | Đội Việt Nam Tuyên truyền Giải phóng quân thành lập ngày 22/12/1944 | Chiến thắng Phước Long cuối 1974 - đầu 1975,4.0,4.0,0.5,1.5,1.5,1.0,forbidden/wrong entity hit,True,10.0,,2/9/1945,
116,G5K_0116,explanation,,1,200,Hậu phương miền Bắc có ý nghĩa chính như thế nào trong giai đoạn 1930-1975?,"Miền Bắc giữ vai trò hậu phương lớn trong kháng chiến chống Mỹ vì xây dựng lực lượng và chi viện người, vật chất cho tiền tuyến miền Nam [1]","[1]: Năm 1959: Đoàn 559 và đường Trường Sơn :: Chuẩn hóa theo canonical fact NORTH_REAR_BASE_SUPPORT: Miền Bắc giữ vai trò hậu phương lớn trong kháng chiến chống Mỹ vì xây dựng lực lượng và chi viện người, vật chất cho tiền tuyến miền Nam.. [TITLE] Năm 1959: Đoàn 559 và đường Trường Sơn [SUMMARY] Ngày 19/5/1959, Đoàn 559 được thành lập. [YEAR] 1959 [YEARS] 1959 [DATES] [PERIOD] 1959",Năm 1959: Đoàn 559 và đường Trường Sơn | Bắt đầu xây dựng đường Trường Sơn (đường Hồ Chí Minh) – huyết mạch chi viện miền Nam (1959) | Chiến tranh đặc biệt ở miền Nam giai đoạn 1961-1965 | Bối cảnh chính của Điện Biên Phủ trên không | Năm 1975: Tổng tiến công mùa Xuân và giải phóng miền Nam,10.0,4.0,2.0,1.5,1.5,1.0,,False,10.0,,,
117,G5K_0117,explanation,,1,200,vi sao cach mang thang tam la buoc ngoat?,"Cách mạng Tháng Tám là bước ngoặt vì nhân dân đã **giành chính quyền** trên cả nước, lật đổ ách thống trị cũ và mở ra kỷ nguyên độc lập dân tộc; từ thắng lợi đó, nước **Việt Nam Dân chủ Cộng hòa** ra đời vào ngày **2/9/1945**. [1][2]","[1]: Ý nghĩa Cách mạng Tháng Tám 1945 :: Chuẩn hóa theo canonical fact CMT8_1945_POLITICAL_RESULT: Kết quả chính trị lớn của Cách mạng Tháng Tám 1945 là nhân dân giành chính quyền trên cả nước, mở đường cho độc lập dân tộc và dẫn tới sự ra đời của nước Việt Nam Dân chủ Cộng hòa ngày 2/9/1945.. [TITLE] Ý nghĩa Cách mạng Tháng Tám 1945 [SUMMARY] Thắng lợi ở Hà Nội, Huế và Sài Gòn có ý nghĩa... | [2]: Ý nghĩa Cách mạng Tháng Tám 1945 :: Cách mạng Tháng Tám 1945 lật đổ ách thống trị cũ, giành chính quyền về tay nhân dân và mở ra kỷ nguyên độc lập dân tộc.",Ý nghĩa Cách mạng Tháng Tám 1945 | Ý nghĩa Cách mạng Tháng Tám 1945 | Xô viết Nghệ Tĩnh trong cao trào 1930-1931 | Nguồn trực tiếp: Bình dân học vụ chống nạn mù chữ sau Cách mạng Tháng Tám | Bình dân học vụ sau Cách mạng Tháng Tám,10.0,4.0,2.0,1.5,1.5,1.0,,False,10.0,,,
118,G5K_0118,explanation,,1,200,Giải thích ngắn vì sao Hiệp định Paris 1973 là một mốc quan trọng.,"Hiệp định Paris 1973 là một mốc quan trọng vì đánh dấu việc chấm dứt chiến tranh và lập lại hòa bình ở Việt Nam, đồng thời gắn với việc Mỹ rút quân khỏi miền Nam Việt Nam; tuy vậy, chiến tranh chưa kết thúc ngay mà vẫn tiếp diễn đến thắng lợi năm 1975. [1][5]","[1]: So sánh Hiệp định Genève 1954 và Hiệp định Paris 1973 :: Chuẩn hóa theo canonical fact PARIS_1973_US_WITHDRAWAL: Không. Sau Hiệp định Paris 1973, Mỹ rút quân khỏi miền Nam Việt Nam theo tiến trình thực hiện hiệp định; tuy vậy chiến tranh chưa kết thúc hoàn toàn ngay mà còn kéo dài đến thắng lợi năm 1975.. [TITLE] So sánh Hiệp định Genève 1954 và Hiệp định Paris 1973 [SUMMARY] Hiệp định Genève 1954 gắn vớ... | [5]: Nguồn trực tiếp: cục diện sau Hiệp định Paris :: Cục diện sau Paris: sau Hiệp định Paris 1973, Mỹ rút quân nhưng đấu tranh tại miền Nam vẫn tiếp tục trong bối cảnh mới.",So sánh Hiệp định Genève 1954 và Hiệp định Paris 1973 | Việt Nam hóa chiến tranh giai đoạn 1969-1973 | Phân biệt Hiệp định Genève 1954 và Hiệp định Paris 1973 | Bối cảnh chính của Hiệp định Paris 1973 | Nguồn trực tiếp: cục diện sau Hiệp định Paris,10.0,4.0,2.0,1.5,1.5,1.0,,False,10.0,,,
119,G5K_0119,explanation,,1,200,Điện Biên Phủ trên không 1972 có ý nghĩa chính như thế nào trong giai đoạn 1930-1975?,"Điện Biên Phủ trên không năm **1972** có ý nghĩa chính là quân dân miền Bắc đã đánh bại cuộc tập kích chiến lược bằng **B-52** của Mỹ trong **12 ngày đêm**, qua đó tạo sức ép trực tiếp dẫn tới việc ký **Hiệp định Paris 1973**. [1]","[1]: Điện Biên Phủ trên không :: Chuẩn hóa theo canonical fact DBP_AIR_1972_PARIS_PRESSURE: Điện Biên Phủ trên không diễn ra trong 12 ngày đêm cuối tháng 12/1972, khi quân dân miền Bắc đánh bại cuộc tập kích chiến lược bằng B-52; thắng lợi này tạo sức ép quan trọng dẫn tới việc ký Hiệp định Paris năm 1973.. [TITLE] Điện Biên Phủ trên không - canonical answer evidence [SUMMARY] Cuố...",Điện Biên Phủ trên không | Bối cảnh chính của Điện Biên Phủ trên không | Năm 1972: Tiến công chiến lược và Điện Biên Phủ trên không | Diễn biến chính thời kỳ 1945-1954 | Chiến thắng Phước Long cuối 1974 - đầu 1975,10.0,4.0,2.0,1.5,1.5,1.0,,False,10.0,,,
120,G5K_0120,explanation,,1,200,Chiến thắng Điện Biên Phủ 1954 có ý nghĩa chính như thế nào trong giai đoạn 1930-1975?,"Chiến thắng Điện Biên Phủ 1954 là một **mốc quyết định** trong kháng chiến chống Pháp: nó **đánh bại** ý chí xâm lược của Pháp, làm phá sản Kế hoạch Nava và tác động trực tiếp tới Hội nghị **Genève 1954**; đồng thời, chiến thắng này còn **suy yếu chủ nghĩa thực dân** và **cổ vũ phong trào giải phóng dân tộc** trên thế giới. [1]","[1]: Ý nghĩa Chiến thắng Điện Biên Phủ 1954 :: Chuẩn hóa theo canonical fact DBP_1954_INTERNATIONAL_IMPACT: Điện Biên Phủ 1954 là mốc quyết định trong kháng chiến chống Pháp: thắng lợi này đánh bại ý chí xâm lược của Pháp, làm phá sản Kế hoạch Nava và tác động trực tiếp tới Hội nghị Genève 1954; về quốc tế, nó làm suy yếu chủ nghĩa thực dân và cổ vũ phong trào giải phóng dân tộc.. [TITLE] Ý ngh...",Ý nghĩa Chiến thắng Điện Biên Phủ 1954 | So sánh Điện Biên Phủ 1954 và Chiến dịch Hồ Chí Minh 1975 | Chiến thắng Điện Biên Phủ - canonical answer evidence | Mốc ngày 7/5/1954 trong lịch sử Việt Nam 1945-1954 | So sánh Chiến dịch Biên giới 1950 và Chiến dịch Điện Biên Phủ 1954,10.0,4.0,2.0,1.5,1.5,1.0,,False,10.0,,,
121,G5K_0121,timeline,,1,200,Sắp xếp ngắn các mốc chính trong tuyến sự kiện Từ Nhật đảo chính Pháp đến Tuyên ngôn Độc lập.,"Các mốc chính trong tuyến sự kiện là: **9/3/1945** Nhật đảo chính Pháp ở Đông Dương; **Tổng khởi nghĩa tháng 8** diễn ra trong **tháng 8/1945**; và **2/9/1945** Hồ Chí Minh đọc Tuyên ngôn Độc lập, khai sinh nước Việt Nam Dân chủ Cộng hòa. [1]","[1]: Timeline chuẩn hóa năm 1945 :: Chuẩn hóa theo canonical fact NHAT_DAO_CHINH_TO_DOC_LAP_TIMELINE: Timeline từ Nhật đảo chính Pháp đến Tuyên ngôn Độc lập: ngày 9/3/1945 Nhật đảo chính Pháp ở Đông Dương; tháng 8/1945 diễn ra Tổng khởi nghĩa giành chính quyền; ngày 2/9/1945 Hồ Chí Minh đọc Tuyên ngôn Độc lập, khai sinh nước Việt Nam Dân chủ Cộng hòa.. [TITLE] Timeline chuẩn hóa năm ...","Timeline chuẩn hóa năm 1945 | Đội Việt Nam Tuyên truyền Giải phóng quân thành lập ngày 22/12/1944 | Năm 1945: Nhật đảo chính Pháp, Tổng khởi nghĩa và Tuyên ngôn Độc lập | Cao trào kháng Nhật cứu nước năm 1945 | Tổng tuyển cử thống nhất dự kiến năm 1956 sau Hiệp định Genève",10.0,4.0,2.0,1.5,1.5,1.0,,False,10.0,,,
122,G5K_0122,timeline,,1,200,Hãy tóm tắt timeline Từ Genève 1954 đến tổng tuyển cử 1956 không diễn ra bằng vài mốc cốt lõi.,"Sau Hiệp định Genève **1954**, Việt Nam bị đặt dưới một **giới tuyến quân sự tạm thời** ở vĩ tuyến 17, dẫn tới tình trạng **chia cắt**; theo kế hoạch, **tổng tuyển cử** thống nhất dự kiến vào **1956** nhưng **không được thực hiện**, nên sự chia cắt kéo dài. [3][1]","[1]: Tổng tuyển cử thống nhất dự kiến năm 1956 sau Hiệp định Genève :: Chuẩn hóa theo canonical fact GENEVE_1954_TO_1956_ELECTION_TIMELINE: Từ Genève 1954 đến tổng tuyển cử cần nhớ: Hiệp định Genève năm 1954 xác lập giới tuyến quân sự tạm thời; tổng tuyển cử thống nhất đất nước dự kiến vào năm 1956 nhưng không được thực hiện, khiến tình trạng chia cắt kéo dài.. [TITLE] Tổng tuyển cử thống nhất dự kiến năm 1956 sau Hiệ... | [3]: Nguồn trực tiếp: Hiệp định Genève 1954 quy định đình chỉ chiến sự và giới tuyến tạm thời :: Hiệp định Genève 1954 về Đông Dương gắn với đình chỉ chiến sự; đối với Việt Nam, giới tuyến quân sự tạm thời được xác định ở vĩ tuyến 17.",Tổng tuyển cử thống nhất dự kiến năm 1956 sau Hiệp định Genève | Năm 1972: Tiến công chiến lược và Điện Biên Phủ trên không | Nguồn trực tiếp: Hiệp định Genève 1954 quy định đình chỉ chiến sự và giới tuyến tạm thời | Diễn biến chính thời kỳ 1945-1954 | So sánh Điện Biên Phủ 1954 và Hiệp định Genève 1954,10.0,4.0,2.0,1.5,1.5,1.0,,False,10.0,,,
123,G5K_0123,timeline,,1,200,Từ Genève 1954 đến tổng tuyển cử 1956 không diễn ra gồm những mốc nào cần nhớ theo thứ tự thời gian?,"Theo thứ tự thời gian, mốc cần nhớ là: Hiệp định Genève năm **1954** quy định đình chỉ chiến sự và xác lập giới tuyến quân sự tạm thời ở Việt Nam; tiếp đó, **tổng tuyển cử thống nhất dự kiến năm 1956** nhưng **không được thực hiện**, nên tình trạng **chia cắt** kéo dài. [1][5]","[1]: Tổng tuyển cử thống nhất dự kiến năm 1956 sau Hiệp định Genève :: Chuẩn hóa theo canonical fact GENEVE_1954_TO_1956_ELECTION_TIMELINE: Từ Genève 1954 đến tổng tuyển cử cần nhớ: Hiệp định Genève năm 1954 xác lập giới tuyến quân sự tạm thời; tổng tuyển cử thống nhất đất nước dự kiến vào năm 1956 nhưng không được thực hiện, khiến tình trạng chia cắt kéo dài.. [TITLE] Tổng tuyển cử thống nhất dự kiến năm 1956 sau Hiệ... | [5]: Nguồn trực tiếp: Hiệp định Genève 1954 quy định đình chỉ chiến sự và giới tuyến tạm thời :: Hiệp định Genève 1954 về Đông Dương gắn với đình chỉ chiến sự; đối với Việt Nam, giới tuyến quân sự tạm thời được xác định ở vĩ tuyến 17.","Tổng tuyển cử thống nhất dự kiến năm 1956 sau Hiệp định Genève | Năm 1972: Tiến công chiến lược và Điện Biên Phủ trên không | Năm 1945: Nhật đảo chính Pháp, Tổng khởi nghĩa và Tuyên ngôn Độc lập | Năm 1974: chuyển biến trước Tổng tiến công 1975 và Phước Long | Nguồn trực tiếp: Hiệp định Genève 1954 quy định đình chỉ chiến sự và giới tuyến tạm thời",10.0,4.0,2.0,1.5,1.5,1.0,,False,10.0,,,
124,G5K_0124,timeline,,1,200,tong tien cong mua xuan 1975 ket thuc tien trinh chien tranh the nao?,"Tổng tiến công mùa Xuân 1975 bắt đầu ở **Tây Nguyên**, mở màn bằng thắng lợi **Buôn Ma Thuột** ngày **10/3/1975**, rồi phát triển sang **Huế - Đà Nẵng**, và cuối cùng kết thúc bằng **Chiến dịch Hồ Chí Minh** với thắng lợi ngày **30/4/1975**, qua đó chấm dứt tiến trình chiến tranh. [1][2][3]","[1]: Năm 1975: Tổng tiến công mùa Xuân và giải phóng miền Nam :: Chuẩn hóa theo canonical fact SPRING_1975_CAMPAIGN_CHAIN: Chuỗi chiến dịch chính trong Tổng tiến công mùa Xuân 1975 gồm Tây Nguyên mở đầu bằng thắng lợi Buôn Ma Thuột ngày 10/3/1975, tiếp đến Huế - Đà Nẵng, rồi Chiến dịch Hồ Chí Minh kết thúc bằng mốc 30/4/1975.. [TITLE] Năm 1975: Tổng tiến công mùa Xuân và giải phóng miền Nam [SUMMARY] Tháng 3/197... | [2]: Ngày 10/3/1975 mở màn chiến dịch Tây Nguyên tại Buôn Ma Thuột :: Ngày 10/3/1975, trận Buôn Ma Thuột mở màn chiến dịch Tây Nguyên, tạo đột phá cho Tổng tiến công mùa Xuân 1975. | [3]: Huế được giải phóng ngày 26/3/1975 :: Ngày 26/3/1975, Huế được giải phóng trong diễn biến nhanh của Tổng tiến công mùa Xuân 1975.",Năm 1975: Tổng tiến công mùa Xuân và giải phóng miền Nam | Ngày 10/3/1975 mở màn chiến dịch Tây Nguyên tại Buôn Ma Thuột | Huế được giải phóng ngày 26/3/1975 | Đồng Khởi là chuyển biến quan trọng ở miền Nam | Chiến thắng Phước Long cuối 1974 - đầu 1975,10.0,4.0,2.0,1.5,1.5,1.0,,False,10.0,,,
125,G5K_0125,timeline,,1,200,Sắp xếp ngắn các mốc chính trong tuyến sự kiện Các mốc chống Mỹ 1960-1973.,"Các mốc chính trong tuyến sự kiện chống Mỹ 1960–1973 có thể sắp xếp ngắn như sau: năm 1960 Mặt trận Dân tộc Giải phóng miền Nam ra đời; năm 1968 diễn ra Tết Mậu Thân, tạo tác động chính trị lớn; cuối năm 1972 diễn ra “Điện Biên Phủ trên không”, đánh bại B-52; ngày 27/1/1973 ký Hiệp định Paris. [1]",[1]: Timeline chuẩn hóa giai đoạn 1954-1975 :: Chuẩn hóa theo canonical fact ANTI_US_1960_1973_TIMELINE: Các mốc chống Mỹ 1960-1973 có thể sắp xếp ngắn: năm 1960 Mặt trận Dân tộc Giải phóng miền Nam ra đời; năm 1968 Tết Mậu Thân tạo tác động chính trị lớn; cuối năm 1972 Điện Biên Phủ trên không đánh bại B-52; ngày 27/1/1973 ký Hiệp định Paris.. [TITLE] Timeline chuẩn hóa giai đoạn 1954-1975 [SU...,Timeline chuẩn hóa giai đoạn 1954-1975 | Việt Nam hóa chiến tranh giai đoạn 1969-1973 | Đồng Khởi là chuyển biến quan trọng ở miền Nam | Chiến thắng Phước Long cuối 1974 - đầu 1975 | Lời kêu gọi thi đua ái quốc ngày 11/6/1948,10.0,4.0,2.0,1.5,1.5,1.0,,False,10.0,,,
126,G5K_0126,timeline,,1,200,Hãy tóm tắt timeline Từ Nhật đảo chính Pháp đến Tuyên ngôn Độc lập bằng vài mốc cốt lõi.,"Timeline cốt lõi là: **9/3/1945** Nhật đảo chính Pháp ở Đông Dương; sau đó diễn ra **Tổng khởi nghĩa tháng 8** giành chính quyền; và **2/9/1945** Hồ Chí Minh đọc Tuyên ngôn Độc lập, khai sinh nước Việt Nam Dân chủ Cộng hòa. [1][3]","[1]: Timeline chuẩn hóa năm 1945 :: Chuẩn hóa theo canonical fact NHAT_DAO_CHINH_TO_DOC_LAP_TIMELINE: Timeline từ Nhật đảo chính Pháp đến Tuyên ngôn Độc lập: ngày 9/3/1945 Nhật đảo chính Pháp ở Đông Dương; tháng 8/1945 diễn ra Tổng khởi nghĩa giành chính quyền; ngày 2/9/1945 Hồ Chí Minh đọc Tuyên ngôn Độc lập, khai sinh nước Việt Nam Dân chủ Cộng hòa.. [TITLE] Timeline chuẩn hóa năm ... | [3]: Năm 1945: Nhật đảo chính Pháp, Tổng khởi nghĩa và Tuyên ngôn Độc lập :: Ngày 9/3/1945, Nhật đảo chính Pháp ở Đông Dương.","Timeline chuẩn hóa năm 1945 | Đội Việt Nam Tuyên truyền Giải phóng quân thành lập ngày 22/12/1944 | Năm 1945: Nhật đảo chính Pháp, Tổng khởi nghĩa và Tuyên ngôn Độc lập | Cao trào kháng Nhật cứu nước năm 1945 | Năm 1946: Hiệp định Sơ bộ, Tạm ước và Toàn quốc kháng chiến",10.0,4.0,2.0,1.5,1.5,1.0,,False,10.0,,,
127,G5K_0127,timeline,,1,200,Sắp xếp ngắn các mốc chính trong tuyến sự kiện Từ Đồng Khởi đến Tết Mậu Thân.,"Tuyến sự kiện có thể nhớ ngắn như sau: **1959-1960** phong trào **Đồng Khởi** làm cách mạng miền Nam chuyển sang thế tiến công; **20/12/1960** **Mặt trận Dân tộc Giải phóng miền Nam** ra đời; đến **1968** diễn ra **Tết Mậu Thân** (Tổng tiến công và nổi dậy) trên nhiều đô thị miền Nam. [1][3] Tết Mậu Thân 1968 thúc đẩy cục diện đàm phán, mốc ngoại giao sau đó là Paris 1973; chiến tranh không kết thúc ngay [1]","[1]: Đồng Khởi là chuyển biến quan trọng ở miền Nam :: Chuẩn hóa theo canonical fact DONG_KHOI_TO_TET_MAU_THAN_TIMELINE: Từ Đồng Khởi đến Tết Mậu Thân có thể nhớ theo tuyến: phong trào Đồng Khởi 1959-1960 làm chuyển thế cách mạng miền Nam; ngày 20/12/1960 Mặt trận Dân tộc Giải phóng miền Nam ra đời; năm 1968 diễn ra Tết Mậu Thân với tác động chính trị lớn.. [TITLE] Đồng Khởi là chuyển biến quan trọng ở... | [3]: Năm 1968: Tổng tiến công và nổi dậy Tết Mậu Thân :: Năm 1968, Tổng tiến công và nổi dậy Tết Mậu Thân diễn ra trên nhiều đô thị miền Nam.",Đồng Khởi là chuyển biến quan trọng ở miền Nam | Đại hội II năm 1951 và Đảng Lao động Việt Nam | Năm 1968: Tổng tiến công và nổi dậy Tết Mậu Thân | Tổng tuyển cử thống nhất dự kiến năm 1956 sau Hiệp định Genève | Năm 1959: Đoàn 559 và đường Trường Sơn,10.0,4.0,2.0,1.5,1.5,1.0,,False,10.0,,,
128,G5K_0128,timeline,,1,200,Tuyến Từ Việt Bắc 1947 đến Biên giới 1950 bắt đầu và kết lại bằng những mốc nào?,"Tuyến từ **Việt Bắc 1947** đến **Biên giới 1950** bắt đầu bằng **Chiến dịch Việt Bắc Thu-Đông 1947** và kết lại bằng **Chiến dịch Biên giới Thu-Đông 1950**; mốc sau khai thông biên giới, mở rộng căn cứ và đưa kháng chiến sang **thế chủ động** hơn. [1] Việt Bắc Thu Đông 1947 bảo vệ căn cứ; Biên giới Thu Đông 1950 khai thông biên giới, mở rộng căn cứ và tạo thế chủ động [1]","[1]: Chiến dịch Biên giới Thu-Đông 1950 :: Chuẩn hóa theo canonical fact VIET_BAC_1947_TO_BIEN_GIOI_1950_TIMELINE: Thứ tự đúng là Việt Bắc Thu Đông 1947 diễn ra trước, giúp bảo vệ căn cứ và đánh bại chiến lược đánh nhanh thắng nhanh; sau đó Chiến dịch Biên giới Thu Đông 1950 khai thông biên giới, mở rộng căn cứ và đưa kháng chiến sang thế chủ động hơn.. [TITLE] Chiến dịch Biên giới Thu-Đông...","Chiến dịch Biên giới Thu-Đông 1950 | Năm 1959: Đoàn 559 và đường Trường Sơn | Năm 1972: Tiến công chiến lược và Điện Biên Phủ trên không | Năm 1939: Chiến tranh thế giới thứ hai và Hội nghị Trung ương 6 | Năm 1945: Nhật đảo chính Pháp, Tổng khởi nghĩa và Tuyên ngôn Độc lập",10.0,4.0,2.0,1.5,1.5,1.0,,False,10.0,,,
129,G5K_0129,timeline,,1,200,Kháng chiến chống Pháp 1946-1954 gồm những mốc nào cần nhớ theo thứ tự thời gian?,"Các mốc cần nhớ theo thứ tự thời gian của kháng chiến chống Pháp 1946-1954 là: **19/12/1946** (Toàn quốc kháng chiến), **Biên giới 1950** (Chiến dịch Biên giới Thu Đông 1950), và **Điện Biên Phủ 1954** (Chiến thắng Điện Biên Phủ, sau đó là Hiệp định Genève) [1].",[1]: Diễn biến chính thời kỳ 1945-1954 :: Chuẩn hóa theo canonical fact ANTI_FRENCH_1946_1954_TIMELINE: Timeline kháng chiến chống Pháp 1946-1954 có thể tóm tắt: Toàn quốc kháng chiến ngày 19/12/1946; Chiến dịch Biên giới Thu Đông 1950 đưa kháng chiến sang thế chủ động hơn; năm 1954 Chiến thắng Điện Biên Phủ và Hiệp định Genève.. [TITLE] Diễn biến chính thời kỳ 1945-1954 [SUMMARY] Thời kỳ ...,"Diễn biến chính thời kỳ 1945-1954 | Năm 1946: Hiệp định Sơ bộ, Tạm ước và Toàn quốc kháng chiến | Năm 1945: Nhật đảo chính Pháp, Tổng khởi nghĩa và Tuyên ngôn Độc lập | Nhật đảo chính Pháp ngày 9/3/1945 | Nam Bộ kháng chiến bắt đầu ngày 23/9/1945",10.0,4.0,2.0,1.5,1.5,1.0,,False,10.0,,,
130,G5K_0130,timeline,,1,200,sap xep ngan cac moc chinh trong tuyen su kien tu viet bac 1947 den bien gioi 1950?,"Thứ tự là **Việt Bắc 1947** trước, rồi đến **Biên giới 1950**; mốc 1950 đánh dấu việc mở rộng căn cứ và đưa kháng chiến sang **thế chủ động** hơn. [1][3] Việt Bắc Thu Đông 1947 bảo vệ căn cứ; Biên giới Thu Đông 1950 khai thông biên giới, mở rộng căn cứ và tạo thế chủ động [1]","[1]: Chiến dịch Biên giới Thu-Đông 1950 :: Chuẩn hóa theo canonical fact VIET_BAC_1947_TO_BIEN_GIOI_1950_TIMELINE: Thứ tự đúng là Việt Bắc Thu Đông 1947 diễn ra trước, giúp bảo vệ căn cứ và đánh bại chiến lược đánh nhanh thắng nhanh; sau đó Chiến dịch Biên giới Thu Đông 1950 khai thông biên giới, mở rộng căn cứ và đưa kháng chiến sang thế chủ động hơn.. [TITLE] Chiến dịch Biên giới Thu-Đông... | [3]: Diễn biến chính thời kỳ 1945-1954 :: Thời kỳ 1945-1954 gồm các mốc: xây dựng chính quyền sau độc lập, Toàn quốc kháng chiến, Việt Bắc 1947, Biên giới 1950, Điện Biên Phủ và Hiệp định Genève 1954.",Chiến dịch Biên giới Thu-Đông 1950 | Nguồn trực tiếp: Hiệp định Genève 1954 quy định đình chỉ chiến sự và giới tuyến tạm thời | Diễn biến chính thời kỳ 1945-1954 | Bối cảnh chính của Hiệp định Genève 1954 | Hiệp định Genève 1954 - canonical answer evidence,10.0,4.0,2.0,1.5,1.5,1.0,,False,10.0,,,
131,G5K_0131,timeline,,1,200,Tuyến Từ Nhật đảo chính Pháp đến Tuyên ngôn Độc lập bắt đầu và kết lại bằng những mốc nào?,"Tuyến từ Nhật đảo chính Pháp đến Tuyên ngôn Độc lập bắt đầu bằng mốc **9/3/1945** (Nhật đảo chính Pháp ở Đông Dương), tiếp nối bằng **Tổng khởi nghĩa tháng 8**, và kết lại ở mốc **2/9/1945** khi Hồ Chí Minh đọc Tuyên ngôn Độc lập. [1]","[1]: Timeline chuẩn hóa năm 1945 :: Chuẩn hóa theo canonical fact NHAT_DAO_CHINH_TO_DOC_LAP_TIMELINE: Timeline từ Nhật đảo chính Pháp đến Tuyên ngôn Độc lập: ngày 9/3/1945 Nhật đảo chính Pháp ở Đông Dương; tháng 8/1945 diễn ra Tổng khởi nghĩa giành chính quyền; ngày 2/9/1945 Hồ Chí Minh đọc Tuyên ngôn Độc lập, khai sinh nước Việt Nam Dân chủ Cộng hòa.. [TITLE] Timeline chuẩn hóa năm ...",Timeline chuẩn hóa năm 1945 | Ý nghĩa Cách mạng Tháng Tám 1945 | Ngày 2/9/1945 - Tuyên ngôn Độc lập tại Ba Đình | Ra mắt Chính phủ lâm thời nước VNDCCH | Lễ Tuyên ngôn Độc lập tại Quảng trường Ba Đình,10.0,4.0,2.0,1.5,1.5,1.0,,False,10.0,,,
132,G5K_0132,timeline,,1,200,Sắp xếp ngắn các mốc chính trong tuyến sự kiện Đồng Khởi và Mặt trận Dân tộc Giải phóng miền Nam.,"Mốc chính của tuyến sự kiện này là: **Đồng Khởi 1959-1960** làm chuyển biến quan trọng, đưa cách mạng miền Nam từ thế giữ gìn lực lượng sang thế tiến công; tiếp đó **20/12/1960**, **Mặt trận Dân tộc Giải phóng miền Nam Việt Nam** ra đời. [1][2] Đồng Khởi 1959-1960 phá thế kìm kẹp, chuyển sang thế tiến công và tạo cơ sở cho Mặt trận Dân tộc Giải phóng miền Nam [1]","[1]: Mặt trận Dân tộc Giải phóng miền Nam Việt Nam: sự ra đời và ý nghĩa :: Chuẩn hóa theo canonical fact DONG_KHOI_TO_NLF_1960: Từ Đồng Khởi đến Mặt trận Dân tộc Giải phóng miền Nam cần nhớ: phong trào Đồng Khởi 1959-1960 đưa cách mạng miền Nam từ thế giữ gìn lực lượng sang thế tiến công; ngày 20/12/1960, Mặt trận Dân tộc Giải phóng miền Nam Việt Nam ra đời.. [TITLE] Mặt trận Dân tộc Giải phóng miền Nam Việt Nam: sự ra đờ... | [2]: Đồng Khởi là chuyển biến quan trọng ở miền Nam :: Đồng Khởi 1959-1960 là chuyển biến quan trọng, đưa cách mạng miền Nam từ thế giữ gìn lực lượng sang thế tiến công.",Mặt trận Dân tộc Giải phóng miền Nam Việt Nam: sự ra đời và ý nghĩa | Đồng Khởi là chuyển biến quan trọng ở miền Nam | Đội Việt Nam Tuyên truyền Giải phóng quân thành lập ngày 22/12/1944 | Hội nghị Trung ương 8 năm 1941 và Việt Minh | Phong trào dân chủ 1936-1939,10.0,4.0,2.0,1.5,1.5,1.0,,False,10.0,,,
133,G5K_0133,timeline,,1,200,Từ Hiệp định Sơ bộ đến Toàn quốc kháng chiến năm 1946 gồm những mốc nào cần nhớ theo thứ tự thời gian?,"Theo thứ tự thời gian, cần nhớ: 6/3/1946 là Hiệp định Sơ bộ Việt - Pháp, 14/9/1946 là Tạm ước Việt - Pháp, và 19/12/1946 là Toàn quốc kháng chiến bùng nổ. [1]","[1]: Năm 1946: Hiệp định Sơ bộ, Tạm ước và Toàn quốc kháng chiến :: Chuẩn hóa theo canonical fact HIEP_DINH_SO_BO_TO_TOAN_QUOC_1946_TIMELINE: Tuyến sự kiện năm 1946 có thể nhớ theo thứ tự: Hiệp định Sơ bộ Việt - Pháp ngày 6/3/1946, Tạm ước Việt - Pháp ngày 14/9/1946, rồi Toàn quốc kháng chiến bùng nổ ngày 19/12/1946.. [TITLE] Năm 1946: Hiệp định Sơ bộ, Tạm ước và Toàn quốc kháng chiến [SUMMARY] Ngày 6/3/1946, Hiệp ...","Năm 1946: Hiệp định Sơ bộ, Tạm ước và Toàn quốc kháng chiến | Đấu tranh ngoại giao với Pháp trước 19/12/1946 | Toàn quốc kháng chiến bùng nổ | Hình thành đường lối kháng chiến toàn dân, toàn diện, lâu dài, tự lực cánh sinh | Công bố/lan truyền Lời kêu gọi Toàn quốc kháng chiến",10.0,4.0,2.0,1.5,1.5,1.0,,False,10.0,,,
134,G5K_0134,timeline,,1,200,Tuyến Từ Đồng Khởi đến Tết Mậu Thân bắt đầu và kết lại bằng những mốc nào?,"Tuyến “Từ Đồng Khởi đến Tết Mậu Thân” bắt đầu bằng Đồng Khởi **1959-1960**, khi cách mạng miền Nam **từ thế giữ gìn lực lượng sang thế tiến công**, **phá thế kìm kẹp** và tạo cơ sở cho **Mặt trận Dân tộc Giải phóng miền Nam** ra đời; và kết lại bằng **Tổng tiến công và nổi dậy Tết Mậu Thân 1968**. [1][2] Tết Mậu Thân 1968 thúc đẩy cục diện đàm phán, mốc ngoại giao sau đó là Paris 1973; chiến tranh không kết thúc ngay [1]","[1]: Đồng Khởi là chuyển biến quan trọng ở miền Nam :: Chuẩn hóa theo canonical fact DONG_KHOI_MEANING: Đồng Khởi 1959-1960 làm thay đổi thế cách mạng miền Nam: từ thế giữ gìn lực lượng sang thế tiến công, phá thế kìm kẹp ở nhiều nơi và tạo cơ sở cho Mặt trận Dân tộc Giải phóng miền Nam (MTDTGPMN) ra đời.. [TITLE] Đồng Khởi là chuyển biến quan trọng ở miền Nam [SUMMARY] Đồng Khởi 1959-1960 là chuyển bi... | [2]: Năm 1968: Tổng tiến công và nổi dậy Tết Mậu Thân :: Năm 1968, Tổng tiến công và nổi dậy Tết Mậu Thân diễn ra trên nhiều đô thị miền Nam.",Đồng Khởi là chuyển biến quan trọng ở miền Nam | Năm 1968: Tổng tiến công và nổi dậy Tết Mậu Thân | Ngày 10/3/1975 mở màn chiến dịch Tây Nguyên tại Buôn Ma Thuột | Năm 1959: Đoàn 559 và đường Trường Sơn | Năm 1975: Tổng tiến công mùa Xuân và giải phóng miền Nam,10.0,4.0,2.0,1.5,1.5,1.0,,False,10.0,,,
135,G5K_0135,timeline,,1,200,Hãy tóm tắt timeline Chiến dịch Điện Biên Phủ 1954 bằng vài mốc cốt lõi.,"Chiến dịch Điện Biên Phủ năm 1954 có các mốc cốt lõi: mở màn ngày 13/3/1954 với trận Him Lam, diễn ra trong 56 ngày đêm, và kết thúc thắng lợi vào ngày 7/5/1954 [1].","[1]: Mở màn Chiến dịch Điện Biên Phủ - canonical answer evidence :: Chuẩn hóa theo dữ liệu nội bộ: Timeline ngắn của Chiến dịch Điện Biên Phủ: bắt đầu ngày 13/3/1954, diễn ra trong 56 ngày đêm, và kết thúc thắng lợi ngày 7/5/1954. Ngày 13/3/1954, Chiến dịch Điện Biên Phủ mở màn với trận Him Lam.",Mở màn Chiến dịch Điện Biên Phủ - canonical answer evidence | Ý nghĩa Chiến thắng Điện Biên Phủ 1954 | Nguồn chứng minh ý nghĩa quan trọng của Điện Biên Phủ | So sánh Điện Biên Phủ 1954 và Chiến dịch Hồ Chí Minh 1975 | Chiến dịch Điện Biên Phủ diễn ra,10.0,4.0,2.0,1.5,1.5,1.0,,False,10.0,,,
136,G5K_0136,timeline,,1,200,Tuyến Chiến dịch Điện Biên Phủ 1954 bắt đầu và kết lại bằng những mốc nào?,"Chiến dịch Điện Biên Phủ bắt đầu ngày 13/3/1954 với trận Him Lam, kéo dài 56 ngày đêm và kết thúc thắng lợi ngày 7/5/1954. [1][4]","[1]: Mở màn Chiến dịch Điện Biên Phủ :: Chuẩn hóa theo canonical fact DBP_1954_MILESTONES: Các mốc ổn định của Chiến dịch Điện Biên Phủ: mở màn ngày 13/3/1954 với trận Him Lam, diễn ra 56 ngày đêm, và kết thúc thắng lợi ngày 7/5/1954.. [TITLE] Mở màn Chiến dịch Điện Biên Phủ - canonical answer evidence [SUMMARY] Ngày 13/3/1954, Chiến dịch Điện Biên Phủ mở màn với trận Him Lam. [YEAR] 195... | [4]: Trận đánh đồi Him Lam mở màn chiến dịch Điện Biên Phủ :: Đêm 13-3-1954, quân ta tiêu diệt hoàn toàn cứ điểm Him Lam trong vòng chưa đầy ba tiếng đồng hồ – một pháo đài mà Pháp tự tin là bất khả xâm phạm.",Mở màn Chiến dịch Điện Biên Phủ | Ý nghĩa Chiến thắng Điện Biên Phủ 1954 | So sánh Điện Biên Phủ 1954 và Chiến dịch Hồ Chí Minh 1975 | Trận đánh đồi Him Lam mở màn chiến dịch Điện Biên Phủ | Phân biệt Chiến dịch Điện Biên Phủ với trận Him Lam mở màn,10.0,4.0,2.0,1.5,1.5,1.0,,False,10.0,,,
137,G5K_0137,timeline,,1,200,Tuyến Các mốc chống Mỹ 1960-1973 bắt đầu và kết lại bằng những mốc nào?,"Tuyến Các mốc chống Mỹ 1960-1973 bắt đầu từ năm 1960 với sự ra đời của Mặt trận Dân tộc Giải phóng miền Nam Việt Nam, tiếp đến là mốc 1968 Tết Mậu Thân, 1972 là Điện Biên Phủ trên không, và kết lại vào ngày 27/1/1973 khi ký Hiệp định Paris. [1][3]","[1]: Timeline chuẩn hóa giai đoạn 1954-1975 :: Chuẩn hóa theo canonical fact ANTI_US_1960_1973_TIMELINE: Các mốc chống Mỹ 1960-1973 có thể sắp xếp ngắn: năm 1960 Mặt trận Dân tộc Giải phóng miền Nam ra đời; năm 1968 Tết Mậu Thân tạo tác động chính trị lớn; cuối năm 1972 Điện Biên Phủ trên không đánh bại B-52; ngày 27/1/1973 ký Hiệp định Paris.. [TITLE] Timeline chuẩn hóa giai đoạn 1954-1975 [SU... | [3]: Mặt trận Dân tộc Giải phóng miền Nam Việt Nam ra đời ngày 20/12/1960 :: Ngày 20/12/1960, Mặt trận Dân tộc Giải phóng miền Nam Việt Nam ra đời, tập hợp lực lượng đấu tranh ở miền Nam.",Timeline chuẩn hóa giai đoạn 1954-1975 | Việt Nam hóa chiến tranh giai đoạn 1969-1973 | Mặt trận Dân tộc Giải phóng miền Nam Việt Nam ra đời ngày 20/12/1960 | Chiến thắng Phước Long cuối 1974 - đầu 1975 | Năm 1959: Đoàn 559 và đường Trường Sơn,10.0,4.0,2.0,1.5,1.5,1.0,,False,10.0,,,
138,G5K_0138,timeline,,1,200,Hãy tóm tắt timeline Từ Việt Bắc 1947 đến Biên giới 1950 bằng vài mốc cốt lõi.,"Thứ tự đúng là Việt Bắc Thu Đông 1947 diễn ra trước, giúp bảo vệ căn cứ và đánh bại chiến lược đánh nhanh thắng nhanh; sau đó Chiến dịch Biên giới Thu Đông 1950 khai thông biên giới, mở rộng căn cứ và đưa kháng chiến sang thế chủ động hơn [1]","[1]: Chiến dịch Biên giới Thu-Đông 1950 :: Chuẩn hóa theo canonical fact VIET_BAC_1947_TO_BIEN_GIOI_1950_TIMELINE: Thứ tự đúng là Việt Bắc Thu Đông 1947 diễn ra trước, giúp bảo vệ căn cứ và đánh bại chiến lược đánh nhanh thắng nhanh; sau đó Chiến dịch Biên giới Thu Đông 1950 khai thông biên giới, mở rộng căn cứ và đưa kháng chiến sang thế chủ động hơn.. [TITLE] Chiến dịch Biên giới Thu-Đông...",Chiến dịch Biên giới Thu-Đông 1950 | Năm 1972: Tiến công chiến lược và Điện Biên Phủ trên không | Diễn biến chính thời kỳ 1945-1954 | So sánh Điện Biên Phủ 1954 và Hiệp định Genève 1954 | Bối cảnh chính của Hiệp định Genève 1954,10.0,4.0,2.0,1.5,1.5,1.0,,False,10.0,,,
139,G5K_0139,timeline,,1,200,Tuyến Từ Genève 1954 đến Đồng Khởi bắt đầu và kết lại bằng những mốc nào?,"Từ Genève 1954 đến Đồng Khởi có thể nhớ: năm 1954 Genève xác lập giới tuyến quân sự tạm thời ở vĩ tuyến 17; tổng tuyển cử thống nhất dự kiến năm 1956 không được thực hiện; đến 1959-1960 phong trào Đồng Khởi làm chuyển thế cách mạng miền Nam [1] Đồng Khởi 1959-1960 phá thế kìm kẹp, chuyển sang thế tiến công và tạo cơ sở cho Mặt trận Dân tộc Giải phóng miền Nam [1]",[1]: Phong trào Đồng Khởi :: Chuẩn hóa theo canonical fact GENEVE_1954_TO_DONG_KHOI_TIMELINE: Từ Genève 1954 đến Đồng Khởi có thể nhớ: năm 1954 Genève xác lập giới tuyến quân sự tạm thời ở vĩ tuyến 17; tổng tuyển cử thống nhất dự kiến năm 1956 không được thực hiện; đến 1959-1960 phong trào Đồng Khởi làm chuyển thế cách mạng miền Nam.. [TITLE] Phong trào Đồng Khởi - canonical a...,"Phong trào Đồng Khởi | Tổng tuyển cử thống nhất dự kiến năm 1956 sau Hiệp định Genève | Năm 1959: Đoàn 559 và đường Trường Sơn | Năm 1945: Nhật đảo chính Pháp, Tổng khởi nghĩa và Tuyên ngôn Độc lập | Năm 1932: khôi phục tổ chức Đảng sau khủng bố trắng",10.0,4.0,2.0,1.5,1.5,1.0,,False,10.0,,,
140,G5K_0140,timeline,,1,200,Tuyến Từ Việt Minh đến Đội Việt Nam Tuyên truyền Giải phóng quân bắt đầu và kết lại bằng những mốc nào?,"Tuyến này bắt đầu từ năm 1941, khi Việt Minh ra đời, và kết lại bằng ngày 22/12/1944, khi Đội Việt Nam Tuyên truyền Giải phóng quân được thành lập, đánh dấu sự hình thành một lực lượng vũ trang cách mạng quan trọng. [1][2]","[1]: Đội Việt Nam Tuyên truyền Giải phóng quân thành lập ngày 22/12/1944 :: Chuẩn hóa theo canonical fact VIET_MINH_TO_VNTTGPQ_TIMELINE: Thứ tự cần nhớ: năm 1941 Việt Minh ra đời, tập hợp lực lượng giải phóng dân tộc; sau đó ngày 22/12/1944 Đội Việt Nam Tuyên truyền Giải phóng quân được thành lập, là lực lượng vũ trang cách mạng quan trọng.. [TITLE] Đội Việt Nam Tuyên truyền Giải phóng quân thành lập ngày 22/12/1944 [SUMMA... | [2]: Hội nghị Trung ương 8 năm 1941 và Việt Minh :: Hội nghị Trung ương 8 năm 1941 hoàn chỉnh chuyển hướng chiến lược, đặt giải phóng dân tộc lên hàng đầu và gắn với việc thành lập Việt Minh.","Đội Việt Nam Tuyên truyền Giải phóng quân thành lập ngày 22/12/1944 | Hội nghị Trung ương 8 năm 1941 và Việt Minh | Năm 1975: Tổng tiến công mùa Xuân và giải phóng miền Nam | Năm 1959: Đoàn 559 và đường Trường Sơn | Năm 1945: Nhật đảo chính Pháp, Tổng khởi nghĩa và Tuyên ngôn Độc lập",10.0,4.0,2.0,1.5,1.5,1.0,,False,10.0,,,
141,G5K_0141,timeline,,1,200,Hãy tóm tắt timeline Các mốc Việt Nam Dân chủ Cộng hòa lúc mới ra đời bằng vài mốc cốt lõi.,"Các mốc cốt lõi của Việt Nam Dân chủ Cộng hòa lúc mới ra đời là: **2/9/1945** tuyên bố độc lập, khai sinh nước Việt Nam Dân chủ Cộng hòa; **Hiến pháp 1946** được Quốc hội thông qua, đặt nền tảng pháp lý đầu tiên cho الدولة; và **19/12/1946** bùng nổ **Toàn quốc kháng chiến**. [1]",[1]: Diễn biến chính thời kỳ 1945-1954 :: Chuẩn hóa theo canonical fact EARLY_VNDCCH_1945_1946_TIMELINE: Các mốc chính của Việt Nam Dân chủ Cộng hòa lúc mới ra đời có thể nhớ: ngày 2/9/1945 Tuyên ngôn Độc lập khai sinh nước Việt Nam Dân chủ Cộng hòa; năm 1946 Quốc hội thông qua Hiến pháp đầu tiên; ngày 19/12/1946 Toàn quốc kháng chiến bùng nổ.. [TITLE] Diễn biến chính thời kỳ 1945-1954 [SU...,Diễn biến chính thời kỳ 1945-1954 | Đội Việt Nam Tuyên truyền Giải phóng quân thành lập ngày 22/12/1944 | Đồng Khởi là chuyển biến quan trọng ở miền Nam | Ý nghĩa Cách mạng Tháng Tám 1945 | Đảng Cộng sản Việt Nam thành lập năm 1930,9.5,4.0,2.0,1.5,1.0,1.0,,False,10.0,,,
142,G5K_0142,timeline,,1,200,Sắp xếp ngắn các mốc chính trong tuyến sự kiện Từ Buôn Ma Thuột đến Huế trong Tổng tiến công mùa Xuân 1975.,"Theo tuyến sự kiện trong Tổng tiến công mùa Xuân 1975: ngày 10/3/1975, Buôn Ma Thuột mở màn thắng lợi then chốt; tiếp đó đà tiến công phát triển nhanh và đến ngày 26/3/1975 thì Huế được giải phóng. [1][3]","[1]: Chiến thắng Buôn Ma Thuột :: Chuẩn hóa theo canonical fact BUON_MA_THUOT_TO_HUE_1975_TIMELINE: Theo thứ tự thời gian trong Tổng tiến công mùa Xuân 1975: Buôn Ma Thuột mở màn thắng lợi ngày 10/3/1975, sau đó đà tiến công phát triển nhanh và Huế được giải phóng ngày 26/3/1975.. [TITLE] Chiến thắng Buôn Ma Thuột - canonical answer evidence [SUMMARY] Ngày 10/3/1975, trận Buôn Ma T... | [3]: Huế được giải phóng ngày 26/3/1975 :: Ngày 26/3/1975, Huế được giải phóng trong diễn biến nhanh của Tổng tiến công mùa Xuân 1975.",Chiến thắng Buôn Ma Thuột | Ngày 10/3/1975 mở màn chiến dịch Tây Nguyên tại Buôn Ma Thuột | Huế được giải phóng ngày 26/3/1975 | Năm 1975: Tổng tiến công mùa Xuân và giải phóng miền Nam | Chiến thắng Phước Long cuối 1974 - đầu 1975,10.0,4.0,2.0,1.5,1.5,1.0,,False,10.0,,,
143,G5K_0143,timeline,,1,200,Tổng tiến công mùa Xuân 1975 gồm những mốc nào cần nhớ theo thứ tự thời gian?,"Theo thứ tự thời gian, các mốc cần nhớ của Tổng tiến công mùa Xuân 1975 là: mở đầu ở **Tây Nguyên** với thắng lợi **Buôn Ma Thuột** ngày **10/3/1975**, tiếp theo là **Huế - Đà Nẵng**, và kết thúc bằng **Chiến dịch Hồ Chí Minh** vào **30/4/1975**. [1][2][3]","[1]: Năm 1975: Tổng tiến công mùa Xuân và giải phóng miền Nam :: Chuẩn hóa theo canonical fact SPRING_1975_CAMPAIGN_CHAIN: Chuỗi chiến dịch chính trong Tổng tiến công mùa Xuân 1975 gồm Tây Nguyên mở đầu bằng thắng lợi Buôn Ma Thuột ngày 10/3/1975, tiếp đến Huế - Đà Nẵng, rồi Chiến dịch Hồ Chí Minh kết thúc bằng mốc 30/4/1975.. [TITLE] Năm 1975: Tổng tiến công mùa Xuân và giải phóng miền Nam [SUMMARY] Tháng 3/197... | [2]: Huế được giải phóng ngày 26/3/1975 :: Ngày 26/3/1975, Huế được giải phóng trong diễn biến nhanh của Tổng tiến công mùa Xuân 1975. | [3]: Ngày 10/3/1975 mở màn chiến dịch Tây Nguyên tại Buôn Ma Thuột :: Ngày 10/3/1975, trận Buôn Ma Thuột mở màn chiến dịch Tây Nguyên, tạo đột phá cho Tổng tiến công mùa Xuân 1975.",Năm 1975: Tổng tiến công mùa Xuân và giải phóng miền Nam | Huế được giải phóng ngày 26/3/1975 | Ngày 10/3/1975 mở màn chiến dịch Tây Nguyên tại Buôn Ma Thuột | Chiến thắng Phước Long cuối 1974 - đầu 1975 | Năm 1974: chuyển biến trước Tổng tiến công 1975 và Phước Long,10.0,4.0,2.0,1.5,1.5,1.0,,False,10.0,,,
144,G5K_0144,timeline,,1,200,Ba mốc lớn 1945 - 1954 - 1975 gồm những mốc nào cần nhớ theo thứ tự thời gian?,"Theo thứ tự thời gian, ba mốc lớn cần nhớ là: **1945** – Cách mạng Tháng Tám, Tuyên ngôn Độc lập khai sinh nước Việt Nam Dân chủ Cộng hòa; **1954** – Chiến thắng Điện Biên Phủ và Hiệp định Genève; **1975** – Giải phóng miền Nam, kết thúc chiến tranh. [1]","[1]: So sánh Điện Biên Phủ 1954 và Chiến dịch Hồ Chí Minh 1975 :: Chuẩn hóa theo canonical fact THREE_MILESTONES_1945_1954_1975: Ba mốc lớn có thể nhớ ngắn gọn: năm 1945 gắn với Cách mạng Tháng Tám và Tuyên ngôn Độc lập khai sinh nước Việt Nam Dân chủ Cộng hòa; năm 1954 gắn với Chiến thắng Điện Biên Phủ và Hiệp định Genève; năm 1975 gắn với giải phóng miền Nam, kết thúc chiến tranh.. [TITLE] So sánh Điện Biên Phủ...","So sánh Điện Biên Phủ 1954 và Chiến dịch Hồ Chí Minh 1975 | Năm 1975: Tổng tiến công mùa Xuân và giải phóng miền Nam | Năm 1959: Đoàn 559 và đường Trường Sơn | Năm 1974: chuyển biến trước Tổng tiến công 1975 và Phước Long | Năm 1945: Nhật đảo chính Pháp, Tổng khởi nghĩa và Tuyên ngôn Độc lập",10.0,4.0,2.0,1.5,1.5,1.0,,False,10.0,,,
145,G5K_0145,timeline,,1,200,tu dien bien phu den geneve gom moc nao?,"Từ Điện Biên Phủ đến Genève có mốc chính là: ngày **7/5/1954**, **Điện Biên Phủ** kết thúc thắng lợi, tạo tác động trực tiếp đến đàm phán **Genève**, và đến **tháng 7/1954** thì Hiệp định Genève về Đông Dương được ký. [1]","[1]: Chiến thắng Điện Biên Phủ :: Chuẩn hóa theo canonical fact DBP_1954_TO_GENEVE_TIMELINE: Tuyến Điện Biên Phủ đến Genève cần nhớ: Chiến thắng Điện Biên Phủ kết thúc ngày 7/5/1954, tạo tác động trực tiếp tới đàm phán, rồi Hiệp định Genève về Đông Dương được ký trong tháng 7/1954.. [TITLE] Chiến thắng Điện Biên Phủ - canonical answer evidence [SUMMARY] Ngày 7/5/1954, Chiến dịch Đi...",Chiến thắng Điện Biên Phủ | Ý nghĩa Chiến thắng Điện Biên Phủ 1954 | So sánh Điện Biên Phủ 1954 và Chiến dịch Hồ Chí Minh 1975 | Mốc ngày 7/5/1954 trong lịch sử Việt Nam 1945-1954 | So sánh Chiến dịch Biên giới 1950 và Chiến dịch Điện Biên Phủ 1954,10.0,4.0,2.0,1.5,1.5,1.0,,False,10.0,,,
146,G5K_0146,timeline,,1,200,Sắp xếp ngắn các mốc chính trong tuyến sự kiện Ba mốc lớn 1945 - 1954 - 1975.,"Ba mốc lớn có thể nhớ ngắn gọn là: **1945** – Cách mạng Tháng Tám, ngày 2/9/1945 đọc Tuyên ngôn Độc lập, khai sinh nước Việt Nam Dân chủ Cộng hòa; **1954** – Chiến thắng Điện Biên Phủ và Hiệp định Genève; **1975** – Giải phóng miền Nam, thống nhất đất nước, kết thúc chiến tranh. [1][5]","[1]: So sánh Điện Biên Phủ 1954 và Chiến dịch Hồ Chí Minh 1975 :: Chuẩn hóa theo canonical fact THREE_MILESTONES_1945_1954_1975: Ba mốc lớn có thể nhớ ngắn gọn: năm 1945 gắn với Cách mạng Tháng Tám và Tuyên ngôn Độc lập khai sinh nước Việt Nam Dân chủ Cộng hòa; năm 1954 gắn với Chiến thắng Điện Biên Phủ và Hiệp định Genève; năm 1975 gắn với giải phóng miền Nam, kết thúc chiến tranh.. [TITLE] So sánh Điện Biên Phủ... | [5]: Nguồn trực tiếp: ngày 2/9/1945 là ngày tuyên bố độc lập :: Ngày 2/9/1945, Hồ Chí Minh đọc Tuyên ngôn Độc lập tại Quảng trường Ba Đình và tuyên bố thành lập nước Việt Nam Dân chủ Cộng hòa.",So sánh Điện Biên Phủ 1954 và Chiến dịch Hồ Chí Minh 1975 | Năm 1975: Tổng tiến công mùa Xuân và giải phóng miền Nam | Năm 1959: Đoàn 559 và đường Trường Sơn | Diễn biến chính thời kỳ 1945-1954 | Nguồn trực tiếp: ngày 2/9/1945 là ngày tuyên bố độc lập,10.0,4.0,2.0,1.5,1.5,1.0,,False,10.0,,,
147,G5K_0147,timeline,,1,200,Từ Đồng Khởi đến Tết Mậu Thân gồm những mốc nào cần nhớ theo thứ tự thời gian?,"Theo thứ tự thời gian, mốc cần nhớ là **Đồng Khởi 1959-1960**: từ thế **giữ gìn lực lượng sang thế tiến công**, **phá thế kìm kẹp**, và tạo cơ sở cho **Mặt trận Dân tộc Giải phóng miền Nam** ra đời; tiếp đó là **năm 1968**, diễn ra **Tổng tiến công và nổi dậy Tết Mậu Thân**. [1][2] Tết Mậu Thân 1968 thúc đẩy cục diện đàm phán, mốc ngoại giao sau đó là Paris 1973; chiến tranh không kết thúc ngay [1]","[1]: Đồng Khởi là chuyển biến quan trọng ở miền Nam :: Chuẩn hóa theo canonical fact DONG_KHOI_MEANING: Đồng Khởi 1959-1960 làm thay đổi thế cách mạng miền Nam: từ thế giữ gìn lực lượng sang thế tiến công, phá thế kìm kẹp ở nhiều nơi và tạo cơ sở cho Mặt trận Dân tộc Giải phóng miền Nam (MTDTGPMN) ra đời.. [TITLE] Đồng Khởi là chuyển biến quan trọng ở miền Nam [SUMMARY] Đồng Khởi 1959-1960 là chuyển bi... | [2]: Năm 1968: Tổng tiến công và nổi dậy Tết Mậu Thân :: Năm 1968, Tổng tiến công và nổi dậy Tết Mậu Thân diễn ra trên nhiều đô thị miền Nam.","Đồng Khởi là chuyển biến quan trọng ở miền Nam | Năm 1968: Tổng tiến công và nổi dậy Tết Mậu Thân | Năm 1959: Đoàn 559 và đường Trường Sơn | Năm 1945: Nhật đảo chính Pháp, Tổng khởi nghĩa và Tuyên ngôn Độc lập | Năm 1975: Tổng tiến công mùa Xuân và giải phóng miền Nam",10.0,4.0,2.0,1.5,1.5,1.0,,False,10.0,,,
148,G5K_0148,timeline,,1,200,Tuyến Từ Buôn Ma Thuột đến Huế trong Tổng tiến công mùa Xuân 1975 bắt đầu và kết lại bằng những mốc nào?,"Tuyến từ Buôn Ma Thuột đến Huế trong Tổng tiến công mùa Xuân 1975 bắt đầu bằng mốc **10/3/1975**, khi **trận Buôn Ma Thuột** mở màn **chiến dịch Tây Nguyên**, và kết lại bằng mốc **26/3/1975**, khi **Huế được giải phóng**. [1][2]","[1]: Ngày 10/3/1975 mở màn chiến dịch Tây Nguyên tại Buôn Ma Thuột :: Chuẩn hóa theo canonical fact BUON_MA_THUOT_1975_START_DATE: Ngày 10/3/1975 gắn với trận Buôn Ma Thuột, mốc mở màn then chốt của Chiến dịch Tây Nguyên và tạo đột phá cho Tổng tiến công mùa Xuân 1975.. [TITLE] Ngày 10/3/1975 mở màn chiến dịch Tây Nguyên tại Buôn Ma Thuột [SUMMARY] Ngày 10/3/1975, trận Buôn Ma Thuột mở màn chiến dịch Tây Nguyên, tạo ... | [2]: Huế được giải phóng ngày 26/3/1975 :: Ngày 26/3/1975, Huế được giải phóng trong diễn biến nhanh của Tổng tiến công mùa Xuân 1975.",Ngày 10/3/1975 mở màn chiến dịch Tây Nguyên tại Buôn Ma Thuột | Huế được giải phóng ngày 26/3/1975 | Chiến thắng Phước Long cuối 1974 - đầu 1975 | Năm 1975: Tổng tiến công mùa Xuân và giải phóng miền Nam | Năm 1974: chuyển biến trước Tổng tiến công 1975 và Phước Long,10.0,4.0,2.0,1.5,1.5,1.0,,False,10.0,,,
149,G5K_0149,timeline,,1,200,sap xep ngan cac moc chinh trong tuyen su kien tu hiep dinh so bo den toan quoc khang chien?,"Theo thứ tự ngắn gọn là: Hiệp định Sơ bộ Việt - Pháp ngày 6/3/1946, Tạm ước Việt - Pháp ngày 14/9/1946, rồi Toàn quốc kháng chiến bùng nổ ngày 19/12/1946. [1]","[1]: Năm 1946: Hiệp định Sơ bộ, Tạm ước và Toàn quốc kháng chiến :: Chuẩn hóa theo canonical fact HIEP_DINH_SO_BO_TO_TOAN_QUOC_1946_TIMELINE: Tuyến sự kiện năm 1946 có thể nhớ theo thứ tự: Hiệp định Sơ bộ Việt - Pháp ngày 6/3/1946, Tạm ước Việt - Pháp ngày 14/9/1946, rồi Toàn quốc kháng chiến bùng nổ ngày 19/12/1946.. [TITLE] Năm 1946: Hiệp định Sơ bộ, Tạm ước và Toàn quốc kháng chiến [SUMMARY] Ngày 6/3/1946, Hiệp ...","Năm 1946: Hiệp định Sơ bộ, Tạm ước và Toàn quốc kháng chiến | Đấu tranh ngoại giao với Pháp trước 19/12/1946 | Toàn quốc kháng chiến bùng nổ | Hình thành đường lối kháng chiến toàn dân, toàn diện, lâu dài, tự lực cánh sinh | Công bố/lan truyền Lời kêu gọi Toàn quốc kháng chiến",10.0,4.0,2.0,1.5,1.5,1.0,,False,10.0,,,
150,G5K_0150,timeline,,1,200,Tuyến Từ Paris 1973 đến 30/4/1975 bắt đầu và kết lại bằng những mốc nào?,"Tuyến từ **Paris 1973** bắt đầu bằng **ngày 27/1/1973, Hiệp định Paris được ký kết** và gắn với **Mỹ rút quân**, rồi kết lại bằng **ngày 30/4/1975, giải phóng Sài Gòn/kết thúc chiến tranh**. [1][2][4] Sau Paris 1973, Mỹ rút quân nhưng chiến tranh chưa kết thúc ngay, còn kéo dài đến 1975 [1]","[1]: Phân biệt Hiệp định Genève 1954 và Hiệp định Paris 1973 :: Chuẩn hóa theo canonical fact PARIS_1973_TO_APR30_1975_TIMELINE: Từ Paris 1973 đến 30/4/1975 có thể nhớ: ngày 27/1/1973 Hiệp định Paris được ký; sau đó Mỹ rút quân nhưng chiến tranh chưa kết thúc ngay; năm 1975 Tổng tiến công mùa Xuân phát triển và kết thúc bằng mốc 30/4/1975.. [TITLE] Phân biệt Hiệp định Genève 1954 và Hiệp định Paris 1973 [SUMMAR... | [2]: Bối cảnh chính của Chiến dịch Hồ Chí Minh :: Chiến dịch Hồ Chí Minh là chiến dịch quyết định của Tổng tiến công và nổi dậy Xuân 1975, kết thúc bằng giải phóng Sài Gòn ngày 30/4/1975. | [4]: Bối cảnh chính của Hiệp định Paris 1973 :: Ngày 27/1/1973, Hiệp định Paris về chấm dứt chiến tranh, lập lại hòa bình ở Việt Nam được ký kết.",Phân biệt Hiệp định Genève 1954 và Hiệp định Paris 1973 | Bối cảnh chính của Chiến dịch Hồ Chí Minh | Phân biệt 30/4/1975 với mốc Quốc hội hoàn tất thống nhất nhà nước | Bối cảnh chính của Hiệp định Paris 1973 | Năm 1975: Tổng tiến công mùa Xuân và giải phóng miền Nam,10.0,4.0,2.0,1.5,1.5,1.0,,False,10.0,,,
151,G5K_0151,timeline,,1,200,sap xep ngan cac moc chinh trong tuyen su kien tu geneve 1954 den dong khoi?,"Mốc chính có thể xếp ngắn gọn như sau: **1954** – Hiệp định Genève được ký, xác lập giới tuyến quân sự tạm thời ở **vĩ tuyến 17**; sau đó tổng tuyển cử thống nhất dự kiến năm 1956 nhưng không được thực hiện; đến **1959-1960**, phong trào Đồng Khởi bùng lên, làm chuyển biến mạnh tình hình cách mạng miền Nam. [1][4] Đồng Khởi 1959-1960 phá thế kìm kẹp, chuyển sang thế tiến công và tạo cơ sở cho Mặt trận Dân tộc Giải phóng miền Nam [1]","[1]: Phong trào Đồng Khởi :: Chuẩn hóa theo canonical fact GENEVE_1954_TO_DONG_KHOI_TIMELINE: Từ Genève 1954 đến Đồng Khởi có thể nhớ: năm 1954 Genève xác lập giới tuyến quân sự tạm thời ở vĩ tuyến 17; tổng tuyển cử thống nhất dự kiến năm 1956 không được thực hiện; đến 1959-1960 phong trào Đồng Khởi làm chuyển thế cách mạng miền Nam.. [TITLE] Phong trào Đồng Khởi - canonical a... | [4]: Nguồn trực tiếp: Hiệp định Genève 1954 quy định đình chỉ chiến sự và giới tuyến tạm thời :: Hiệp định Genève 1954 về Đông Dương gắn với đình chỉ chiến sự; đối với Việt Nam, giới tuyến quân sự tạm thời được xác định ở vĩ tuyến 17.",Phong trào Đồng Khởi | Tổng tuyển cử thống nhất dự kiến năm 1956 sau Hiệp định Genève | Phân biệt Hiệp định Genève 1954 và Hiệp định Paris 1973 | Nguồn trực tiếp: Hiệp định Genève 1954 quy định đình chỉ chiến sự và giới tuyến tạm thời | Diễn biến chính thời kỳ 1945-1954,10.0,4.0,2.0,1.5,1.5,1.0,,False,10.0,,,
152,G5K_0152,timeline,,1,200,Sắp xếp ngắn các mốc chính trong tuyến sự kiện Từ Điện Biên Phủ 1954 đến Hiệp định Genève.,"Chiến dịch Điện Biên Phủ bắt đầu ngày 13/3/1954, mở màn với trận Him Lam; diễn ra trong 56 ngày đêm và kết thúc thắng lợi ngày 7/5/1954. [1]","[1]: Chiến thắng Điện Biên Phủ :: Chuẩn hóa theo canonical fact DBP_1954_TO_GENEVE_TIMELINE: Tuyến Điện Biên Phủ đến Genève cần nhớ: Chiến thắng Điện Biên Phủ kết thúc ngày 7/5/1954, tạo tác động trực tiếp tới đàm phán, rồi Hiệp định Genève về Đông Dương được ký trong tháng 7/1954.. [TITLE] Chiến thắng Điện Biên Phủ - canonical answer evidence [SUMMARY] Ngày 7/5/1954, Chiến dịch Đi...",Chiến thắng Điện Biên Phủ | Ý nghĩa Chiến thắng Điện Biên Phủ 1954 | So sánh Điện Biên Phủ 1954 và Chiến dịch Hồ Chí Minh 1975 | Mốc ngày 7/5/1954 trong lịch sử Việt Nam 1945-1954 | So sánh Chiến dịch Biên giới 1950 và Chiến dịch Điện Biên Phủ 1954,9.32,3.7,2.0,1.12,1.5,1.0,,False,10.0,Genève,,
153,G5K_0153,timeline,,1,200,Tuyến Các mốc Việt Nam Dân chủ Cộng hòa lúc mới ra đời bắt đầu và kết lại bằng những mốc nào?,"Tuyến mốc này bắt đầu từ **2/9/1945** với việc khai sinh nước Việt Nam Dân chủ Cộng hòa và kết lại ở **19/12/1946**, khi **Toàn quốc kháng chiến** bùng nổ; ở giữa là mốc **Hiến pháp 1946** do Quốc hội thông qua. [1]",[1]: Diễn biến chính thời kỳ 1945-1954 :: Chuẩn hóa theo canonical fact EARLY_VNDCCH_1945_1946_TIMELINE: Các mốc chính của Việt Nam Dân chủ Cộng hòa lúc mới ra đời có thể nhớ: ngày 2/9/1945 Tuyên ngôn Độc lập khai sinh nước Việt Nam Dân chủ Cộng hòa; năm 1946 Quốc hội thông qua Hiến pháp đầu tiên; ngày 19/12/1946 Toàn quốc kháng chiến bùng nổ.. [TITLE] Diễn biến chính thời kỳ 1945-1954 [SU...,Diễn biến chính thời kỳ 1945-1954 | Năm 1930: Đảng Cộng sản Việt Nam ra đời và cao trào 1930-1931 | Ý nghĩa Cách mạng Tháng Tám 1945 | Phong trào dân chủ 1936-1939 | Năm 1959: Đoàn 559 và đường Trường Sơn,9.5,4.0,2.0,1.5,1.0,1.0,,False,10.0,,,
154,G5K_0154,timeline,,1,200,tu paris 1973 den 30/4/1975 gom moc nao?,"Từ Hiệp định Paris 1973 đến 30/4/1975 có các mốc chính: ngày 27/1/1973 ký Hiệp định Paris, sau đó Mỹ rút quân; đến năm 1975 diễn ra Tổng tiến công và nổi dậy Xuân 1975, culminated bằng Chiến dịch Hồ Chí Minh và giải phóng Sài Gòn ngày 30/4/1975. [1][2] Sau Paris 1973, Mỹ rút quân nhưng chiến tranh chưa kết thúc ngay, còn kéo dài đến 1975 [1]","[1]: Phân biệt Hiệp định Genève 1954 và Hiệp định Paris 1973 :: Chuẩn hóa theo canonical fact PARIS_1973_TO_APR30_1975_TIMELINE: Từ Paris 1973 đến 30/4/1975 có thể nhớ: ngày 27/1/1973 Hiệp định Paris được ký; sau đó Mỹ rút quân nhưng chiến tranh chưa kết thúc ngay; năm 1975 Tổng tiến công mùa Xuân phát triển và kết thúc bằng mốc 30/4/1975.. [TITLE] Phân biệt Hiệp định Genève 1954 và Hiệp định Paris 1973 [SUMMAR... | [2]: Bối cảnh chính của Chiến dịch Hồ Chí Minh :: Chiến dịch Hồ Chí Minh là chiến dịch quyết định của Tổng tiến công và nổi dậy Xuân 1975, kết thúc bằng giải phóng Sài Gòn ngày 30/4/1975.",Phân biệt Hiệp định Genève 1954 và Hiệp định Paris 1973 | Bối cảnh chính của Chiến dịch Hồ Chí Minh | Phân biệt 30/4/1975 với mốc Quốc hội hoàn tất thống nhất nhà nước | Bối cảnh chính của Hiệp định Paris 1973 | Năm 1974: chuyển biến trước Tổng tiến công 1975 và Phước Long,10.0,4.0,2.0,1.5,1.5,1.0,,False,10.0,,,
155,G5K_0155,timeline,,1,200,Sắp xếp ngắn các mốc chính trong tuyến sự kiện Kháng chiến chống Pháp 1946-1954.,"Các mốc chính của kháng chiến chống Pháp 1946–1954 có thể sắp xếp ngắn gọn như sau: 19/12/1946 — Toàn quốc kháng chiến; Biên giới 1950 — Chiến dịch Biên giới Thu Đông 1950 đưa kháng chiến sang thế chủ động hơn; Điện Biên Phủ 1954 — Chiến thắng Điện Biên Phủ, sau đó là Hiệp định Genève 1954. [1]",[1]: Diễn biến chính thời kỳ 1945-1954 :: Chuẩn hóa theo canonical fact ANTI_FRENCH_1946_1954_TIMELINE: Timeline kháng chiến chống Pháp 1946-1954 có thể tóm tắt: Toàn quốc kháng chiến ngày 19/12/1946; Chiến dịch Biên giới Thu Đông 1950 đưa kháng chiến sang thế chủ động hơn; năm 1954 Chiến thắng Điện Biên Phủ và Hiệp định Genève.. [TITLE] Diễn biến chính thời kỳ 1945-1954 [SUMMARY] Thời kỳ ...,"Diễn biến chính thời kỳ 1945-1954 | Đại hội II năm 1951 và Đảng Lao động Việt Nam | Lời kêu gọi thi đua ái quốc ngày 11/6/1948 | Năm 1946: Hiệp định Sơ bộ, Tạm ước và Toàn quốc kháng chiến | Phân biệt Hiệp định Genève 1954 và Hiệp định Paris 1973",10.0,4.0,2.0,1.5,1.5,1.0,,False,10.0,,,
156,G5K_0156,timeline,,1,200,Từ Paris 1973 đến 30/4/1975 gồm những mốc nào cần nhớ theo thứ tự thời gian?,"Không. Sau Hiệp định Paris 1973, Mỹ rút quân khỏi miền Nam Việt Nam theo tiến trình thực hiện hiệp định; tuy vậy chiến tranh chưa kết thúc hoàn toàn ngay mà còn kéo dài đến thắng lợi năm 1975 [1]","[1]: So sánh Hiệp định Genève 1954 và Hiệp định Paris 1973 :: Chuẩn hóa theo canonical fact PARIS_1973_US_WITHDRAWAL: Không. Sau Hiệp định Paris 1973, Mỹ rút quân khỏi miền Nam Việt Nam theo tiến trình thực hiện hiệp định; tuy vậy chiến tranh chưa kết thúc hoàn toàn ngay mà còn kéo dài đến thắng lợi năm 1975.. [TITLE] So sánh Hiệp định Genève 1954 và Hiệp định Paris 1973 [SUMMARY] Hiệp định Genève 1954 gắn vớ...",So sánh Hiệp định Genève 1954 và Hiệp định Paris 1973 | Phân biệt 30/4/1975 với mốc Quốc hội hoàn tất thống nhất nhà nước | Bối cảnh chính của Hiệp định Paris 1973 | Năm 1974: chuyển biến trước Tổng tiến công 1975 và Phước Long | Năm 1975: Tổng tiến công mùa Xuân và giải phóng miền Nam,10.0,4.0,2.0,1.5,1.5,1.0,,False,10.0,,,
157,G5K_0157,timeline,,1,200,Tuyến Từ Hà Nội giành chính quyền đến Tuyên ngôn Độc lập bắt đầu và kết lại bằng những mốc nào?,"Tuyến này bắt đầu bằng thắng lợi giành chính quyền ở Hà Nội trong Cách mạng Tháng Tám và kết lại vào ngày 2/9/1945, khi Hồ Chí Minh đọc Tuyên ngôn Độc lập tại Quảng trường Ba Đình, khai sinh nước Việt Nam Dân chủ Cộng hòa. [1][2]","[1]: Ý nghĩa Cách mạng Tháng Tám 1945 :: Chuẩn hóa theo canonical fact TUYEN_NGON_DOC_LAP_1945: Ngày 2/9/1945, Hồ Chí Minh đọc Tuyên ngôn Độc lập tại Quảng trường Ba Đình, Hà Nội, khai sinh nước Việt Nam Dân chủ Cộng hòa.. [TITLE] Ý nghĩa Cách mạng Tháng Tám 1945 [SUMMARY] Thắng lợi ở Hà Nội, Huế và Sài Gòn có ý nghĩa quyết định đối với thắng lợi của Cách mạng Tháng Tám trong cả nước. Cuộ... | [2]: Ngày 2/9/1945 - Tuyên ngôn Độc lập tại Ba Đình :: Ngày 2/9/1945 gắn với buổi Lễ Tuyên ngôn Độc lập tại Quảng trường Ba Đình. Đây là mốc khai sinh nước Việt Nam Dân chủ Cộng hòa trong chuỗi thắng lợi Cách mạng Tháng Tám.",Ý nghĩa Cách mạng Tháng Tám 1945 | Ngày 2/9/1945 - Tuyên ngôn Độc lập tại Ba Đình | Chủ tịch Hồ Chí Minh qua đời | Hòa hoãn với Pháp để đẩy quân Tưởng về nước | Tổng khởi nghĩa thắng lợi ở Sài Gòn,10.0,4.0,2.0,1.5,1.5,1.0,,False,10.0,,,
158,G5K_0158,timeline,,1,200,Hãy tóm tắt timeline Tổng tiến công mùa Xuân 1975 bằng vài mốc cốt lõi.,"Tổng tiến công mùa Xuân 1975 bắt đầu ở **Tây Nguyên** với trận **Buôn Ma Thuột ngày 10/3/1975**; sau đó thế tiến công lan nhanh xuống **Huế - Đà Nẵng**, trong đó **Huế được giải phóng ngày 26/3/1975**; tiếp theo là **Chiến dịch Hồ Chí Minh**, chiến dịch निर्ण định kết thúc bằng **30/4/1975** với việc giải phóng Sài Gòn, hoàn thành giải phóng miền Nam. [1][2][3][5]","[1]: Năm 1975: Tổng tiến công mùa Xuân và giải phóng miền Nam :: Chuẩn hóa theo canonical fact SPRING_1975_CAMPAIGN_CHAIN: Chuỗi chiến dịch chính trong Tổng tiến công mùa Xuân 1975 gồm Tây Nguyên mở đầu bằng thắng lợi Buôn Ma Thuột ngày 10/3/1975, tiếp đến Huế - Đà Nẵng, rồi Chiến dịch Hồ Chí Minh kết thúc bằng mốc 30/4/1975.. [TITLE] Năm 1975: Tổng tiến công mùa Xuân và giải phóng miền Nam [SUMMARY] Tháng 3/197... | [2]: Huế được giải phóng ngày 26/3/1975 :: Ngày 26/3/1975, Huế được giải phóng trong diễn biến nhanh của Tổng tiến công mùa Xuân 1975. | [3]: Ngày 10/3/1975 mở màn chiến dịch Tây Nguyên tại Buôn Ma Thuột :: Ngày 10/3/1975, trận Buôn Ma Thuột mở màn chiến dịch Tây Nguyên, tạo đột phá cho Tổng tiến công mùa Xuân 1975. | [5]: Bối cảnh chính của Chiến dịch Hồ Chí Minh :: Chiến dịch Hồ Chí Minh là chiến dịch quyết định của Tổng tiến công và nổi dậy Xuân 1975, kết thúc bằng giải phóng Sài Gòn ngày 30/4/1975.",Năm 1975: Tổng tiến công mùa Xuân và giải phóng miền Nam | Huế được giải phóng ngày 26/3/1975 | Ngày 10/3/1975 mở màn chiến dịch Tây Nguyên tại Buôn Ma Thuột | Chiến thắng Phước Long cuối 1974 - đầu 1975 | Bối cảnh chính của Chiến dịch Hồ Chí Minh,10.0,4.0,2.0,1.5,1.5,1.0,,False,10.0,,,
159,G5K_0159,timeline,,1,200,Hãy tóm tắt timeline Từ Genève 1954 đến Đồng Khởi bằng vài mốc cốt lõi.,"Tóm tắt timeline từ Genève 1954 đến Đồng Khởi: năm **1954**, Hiệp định Genève quy định đình chỉ chiến sự và xác lập giới tuyến quân sự tạm thời ở **vĩ tuyến 17**; sau đó, đến **1959-1960**, phong trào **Đồng Khởi** bùng lên, đánh dấu bước phát triển quan trọng của cách mạng miền Nam và làm tan rã từng mảng chính quyền cơ sở đối phương [5][1]. Đồng Khởi 1959-1960 phá thế kìm kẹp, chuyển sang thế tiến công và tạo cơ sở cho Mặt trận Dân tộc Giải phóng miền Nam [1]","[1]: Phong trào Đồng Khởi :: Chuẩn hóa theo canonical fact GENEVE_1954_TO_DONG_KHOI_TIMELINE: Từ Genève 1954 đến Đồng Khởi có thể nhớ: năm 1954 Genève xác lập giới tuyến quân sự tạm thời ở vĩ tuyến 17; tổng tuyển cử thống nhất dự kiến năm 1956 không được thực hiện; đến 1959-1960 phong trào Đồng Khởi làm chuyển thế cách mạng miền Nam.. [TITLE] Phong trào Đồng Khởi - canonical a... | [5]: Nguồn trực tiếp: Hiệp định Genève 1954 quy định đình chỉ chiến sự và giới tuyến tạm thời :: Hiệp định Genève 1954 về Đông Dương gắn với đình chỉ chiến sự; đối với Việt Nam, giới tuyến quân sự tạm thời được xác định ở vĩ tuyến 17.",Phong trào Đồng Khởi | Đồng Khởi là chuyển biến quan trọng ở miền Nam | Bối cảnh chính của Phong trào Đồng Khởi | Phân biệt Hiệp định Genève 1954 và Hiệp định Paris 1973 | Nguồn trực tiếp: Hiệp định Genève 1954 quy định đình chỉ chiến sự và giới tuyến tạm thời,10.0,4.0,2.0,1.5,1.5,1.0,,False,10.0,,,
160,G5K_0160,timeline,,1,200,Hãy tóm tắt timeline Kháng chiến chống Pháp 1946-1954 bằng vài mốc cốt lõi.,Timeline kháng chiến chống Pháp 1946-1954 có thể tóm tắt: Toàn quốc kháng chiến ngày 19/12/1946; Chiến dịch Biên giới Thu Đông 1950 đưa kháng chiến sang thế chủ động hơn; năm 1954 Chiến thắng Điện Biên Phủ và Hiệp định Genève [1],[1]: Diễn biến chính thời kỳ 1945-1954 :: Chuẩn hóa theo canonical fact ANTI_FRENCH_1946_1954_TIMELINE: Timeline kháng chiến chống Pháp 1946-1954 có thể tóm tắt: Toàn quốc kháng chiến ngày 19/12/1946; Chiến dịch Biên giới Thu Đông 1950 đưa kháng chiến sang thế chủ động hơn; năm 1954 Chiến thắng Điện Biên Phủ và Hiệp định Genève.. [TITLE] Diễn biến chính thời kỳ 1945-1954 [SUMMARY] Thời kỳ ...,"Diễn biến chính thời kỳ 1945-1954 | Lời kêu gọi thi đua ái quốc ngày 11/6/1948 | Năm 1946: Hiệp định Sơ bộ, Tạm ước và Toàn quốc kháng chiến | Năm 1945: Nhật đảo chính Pháp, Tổng khởi nghĩa và Tuyên ngôn Độc lập | Phân biệt Hiệp định Genève 1954 và Hiệp định Paris 1973",10.0,4.0,2.0,1.5,1.5,1.0,,False,10.0,,,
161,G5K_0161,timeline,,1,200,Sắp xếp ngắn các mốc chính trong tuyến sự kiện Từ Việt Minh đến Đội Việt Nam Tuyên truyền Giải phóng quân.,"Mốc chính là: **năm 1941** gắn với Hội nghị Trung ương 8 và sự ra đời của **Việt Minh**; tiếp đó **22/12/1944** thành lập **Đội Việt Nam Tuyên truyền Giải phóng quân**, một **lực lượng vũ trang** cách mạng quan trọng. [3][1]","[1]: Đội Việt Nam Tuyên truyền Giải phóng quân thành lập ngày 22/12/1944 :: Chuẩn hóa theo canonical fact VIET_MINH_TO_VNTTGPQ_TIMELINE: Thứ tự cần nhớ: năm 1941 Việt Minh ra đời, tập hợp lực lượng giải phóng dân tộc; sau đó ngày 22/12/1944 Đội Việt Nam Tuyên truyền Giải phóng quân được thành lập, là lực lượng vũ trang cách mạng quan trọng.. [TITLE] Đội Việt Nam Tuyên truyền Giải phóng quân thành lập ngày 22/12/1944 [SUMMA... | [3]: Hội nghị Trung ương 8 năm 1941 và Việt Minh :: Hội nghị Trung ương 8 năm 1941 hoàn chỉnh chuyển hướng chiến lược, đặt giải phóng dân tộc lên hàng đầu và gắn với việc thành lập Việt Minh.","Đội Việt Nam Tuyên truyền Giải phóng quân thành lập ngày 22/12/1944 | Đường 9 trong Chiến dịch Đường 9 - Nam Lào năm 1971 | Hội nghị Trung ương 8 năm 1941 và Việt Minh | Năm 1975: Tổng tiến công mùa Xuân và giải phóng miền Nam | Năm 1945: Nhật đảo chính Pháp, Tổng khởi nghĩa và Tuyên ngôn Độc lập",10.0,4.0,2.0,1.5,1.5,1.0,,False,10.0,,,
162,G5K_0162,timeline,,1,200,sap xep ngan cac moc chinh trong tuyen su kien ba moc 1945-1954-1975?,"Ba mốc chính theo thứ tự là: **1945** – Cách mạng Tháng Tám và Tuyên ngôn Độc lập, khai sinh nước Việt Nam Dân chủ Cộng hòa; **1954** – Chiến thắng Điện Biên Phủ và Hiệp định Genève; **1975** – Giải phóng miền Nam, kết thúc chiến tranh. [1]","[1]: So sánh Điện Biên Phủ 1954 và Chiến dịch Hồ Chí Minh 1975 :: Chuẩn hóa theo canonical fact THREE_MILESTONES_1945_1954_1975: Ba mốc lớn có thể nhớ ngắn gọn: năm 1945 gắn với Cách mạng Tháng Tám và Tuyên ngôn Độc lập khai sinh nước Việt Nam Dân chủ Cộng hòa; năm 1954 gắn với Chiến thắng Điện Biên Phủ và Hiệp định Genève; năm 1975 gắn với giải phóng miền Nam, kết thúc chiến tranh.. [TITLE] So sánh Điện Biên Phủ...",So sánh Điện Biên Phủ 1954 và Chiến dịch Hồ Chí Minh 1975 | Diễn biến chính thời kỳ 1945-1954 | Nguồn trực tiếp: ngày 2/9/1945 là ngày tuyên bố độc lập | Bối cảnh chính của Hiệp định Genève 1954 | Tuyên ngôn Độc lập ngày 2/9/1945,10.0,4.0,2.0,1.5,1.5,1.0,,False,10.0,,,
163,G5K_0163,timeline,,1,200,Sắp xếp ngắn các mốc chính trong tuyến sự kiện Từ Paris 1973 đến 30/4/1975.,"Mốc chính có thể sắp ngắn như sau: **27/1/1973 (Paris 1973)** ký Hiệp định Paris, gắn với việc **Mỹ rút quân**; tiếp đó là diễn biến của Tổng tiến công và nổi dậy Xuân 1975; và kết thúc bằng **30/4/1975** giải phóng Sài Gòn, chấm dứt chiến tranh. [1][2][5] Sau Paris 1973, Mỹ rút quân nhưng chiến tranh chưa kết thúc ngay, còn kéo dài đến 1975 [1]","[1]: Phân biệt Hiệp định Genève 1954 và Hiệp định Paris 1973 :: Chuẩn hóa theo canonical fact PARIS_1973_TO_APR30_1975_TIMELINE: Từ Paris 1973 đến 30/4/1975 có thể nhớ: ngày 27/1/1973 Hiệp định Paris được ký; sau đó Mỹ rút quân nhưng chiến tranh chưa kết thúc ngay; năm 1975 Tổng tiến công mùa Xuân phát triển và kết thúc bằng mốc 30/4/1975.. [TITLE] Phân biệt Hiệp định Genève 1954 và Hiệp định Paris 1973 [SUMMAR... | [2]: Bối cảnh chính của Chiến dịch Hồ Chí Minh :: Chiến dịch Hồ Chí Minh là chiến dịch quyết định của Tổng tiến công và nổi dậy Xuân 1975, kết thúc bằng giải phóng Sài Gòn ngày 30/4/1975. | [5]: Bối cảnh chính của Hiệp định Paris 1973 :: Ngày 27/1/1973, Hiệp định Paris về chấm dứt chiến tranh, lập lại hòa bình ở Việt Nam được ký kết.",Phân biệt Hiệp định Genève 1954 và Hiệp định Paris 1973 | Bối cảnh chính của Chiến dịch Hồ Chí Minh | Phân biệt 30/4/1975 với mốc Quốc hội hoàn tất thống nhất nhà nước | Huế được giải phóng ngày 26/3/1975 | Bối cảnh chính của Hiệp định Paris 1973,10.0,4.0,2.0,1.5,1.5,1.0,,False,10.0,,,
164,G5K_0164,timeline,,1,200,Tuyến Từ Điện Biên Phủ 1954 đến Hiệp định Genève bắt đầu và kết lại bằng những mốc nào?,"Chiến dịch Điện Biên Phủ bắt đầu ngày 13/3/1954, mở màn với trận Him Lam; diễn ra trong 56 ngày đêm và kết thúc thắng lợi ngày 7/5/1954. [1]","[1]: Chiến thắng Điện Biên Phủ :: Chuẩn hóa theo canonical fact DBP_1954_TO_GENEVE_TIMELINE: Tuyến Điện Biên Phủ đến Genève cần nhớ: Chiến thắng Điện Biên Phủ kết thúc ngày 7/5/1954, tạo tác động trực tiếp tới đàm phán, rồi Hiệp định Genève về Đông Dương được ký trong tháng 7/1954.. [TITLE] Chiến thắng Điện Biên Phủ - canonical answer evidence [SUMMARY] Ngày 7/5/1954, Chiến dịch Đi...",Chiến thắng Điện Biên Phủ | Ý nghĩa Chiến thắng Điện Biên Phủ 1954 | So sánh Điện Biên Phủ 1954 và Chiến dịch Hồ Chí Minh 1975 | Trận đánh đồi Him Lam mở màn chiến dịch Điện Biên Phủ | Phân biệt Chiến dịch Điện Biên Phủ với trận Him Lam mở màn,9.32,3.7,2.0,1.12,1.5,1.0,,False,10.0,Genève,,
165,G5K_0165,timeline,,1,200,Hãy tóm tắt timeline Từ Buôn Ma Thuột đến Huế trong Tổng tiến công mùa Xuân 1975 bằng vài mốc cốt lõi.,"Trong Tổng tiến công mùa Xuân 1975, mốc mở đầu là Buôn Ma Thuột ngày **10/3/1975**; từ thắng lợi này, đà tiến công lan nhanh và **Huế** được giải phóng vào ngày **26/3/1975**. [1][3]","[1]: Chiến thắng Buôn Ma Thuột :: Chuẩn hóa theo canonical fact BUON_MA_THUOT_TO_HUE_1975_TIMELINE: Theo thứ tự thời gian trong Tổng tiến công mùa Xuân 1975: Buôn Ma Thuột mở màn thắng lợi ngày 10/3/1975, sau đó đà tiến công phát triển nhanh và Huế được giải phóng ngày 26/3/1975.. [TITLE] Chiến thắng Buôn Ma Thuột - canonical answer evidence [SUMMARY] Ngày 10/3/1975, trận Buôn Ma T... | [3]: Huế được giải phóng ngày 26/3/1975 :: Ngày 26/3/1975, Huế được giải phóng trong diễn biến nhanh của Tổng tiến công mùa Xuân 1975.",Chiến thắng Buôn Ma Thuột | Ngày 10/3/1975 mở màn chiến dịch Tây Nguyên tại Buôn Ma Thuột | Huế được giải phóng ngày 26/3/1975 | Năm 1975: Tổng tiến công mùa Xuân và giải phóng miền Nam | Chiến thắng Phước Long cuối 1974 - đầu 1975,10.0,4.0,2.0,1.5,1.5,1.0,,False,10.0,,,
166,G5K_0166,timeline,,1,200,tran him lam gan voi moc nao?,Trận Him Lam gắn với mốc mở màn Chiến dịch Điện Biên Phủ ngày 13/3/1954; chiến dịch diễn ra 56 ngày đêm và kết thúc thắng lợi vào ngày 7/5/1954. [1],"[1]: Mở màn Chiến dịch Điện Biên Phủ :: Chuẩn hóa theo canonical fact DBP_1954_MILESTONES: Các mốc ổn định của Chiến dịch Điện Biên Phủ: mở màn ngày 13/3/1954 với trận Him Lam, diễn ra 56 ngày đêm, và kết thúc thắng lợi ngày 7/5/1954.. [TITLE] Mở màn Chiến dịch Điện Biên Phủ - canonical answer evidence [SUMMARY] Ngày 13/3/1954, Chiến dịch Điện Biên Phủ mở màn với trận Him Lam. [YEAR] 195...",Mở màn Chiến dịch Điện Biên Phủ | Đường 9 trong Chiến dịch Đường 9 - Nam Lào năm 1971 | So sánh Đảng Cộng sản Việt Nam và Việt Minh | Mặt trận Dân tộc Giải phóng miền Nam Việt Nam ra đời ngày 20/12/1960 | Đội Việt Nam Tuyên truyền Giải phóng quân thành lập ngày 22/12/1944,10.0,4.0,2.0,1.5,1.5,1.0,,False,10.0,,,
167,G5K_0167,timeline,,1,200,cac moc chong my 1960 1973 gom gi?,Các mốc chống Mỹ 1960–1973 gồm: năm 1960 Mặt trận Dân tộc Giải phóng miền Nam ra đời; năm 1968 có Tết Mậu Thân; cuối năm 1972 có “Điện Biên Phủ trên không” đánh bại B-52; và ngày 27/1/1973 ký Hiệp định Paris. [1],[1]: Timeline chuẩn hóa giai đoạn 1954-1975 :: Chuẩn hóa theo canonical fact ANTI_US_1960_1973_TIMELINE: Các mốc chống Mỹ 1960-1973 có thể sắp xếp ngắn: năm 1960 Mặt trận Dân tộc Giải phóng miền Nam ra đời; năm 1968 Tết Mậu Thân tạo tác động chính trị lớn; cuối năm 1972 Điện Biên Phủ trên không đánh bại B-52; ngày 27/1/1973 ký Hiệp định Paris.. [TITLE] Timeline chuẩn hóa giai đoạn 1954-1975 [SU...,Timeline chuẩn hóa giai đoạn 1954-1975 | Việt Nam hóa chiến tranh giai đoạn 1969-1973 | Đồng Khởi là chuyển biến quan trọng ở miền Nam | Lời kêu gọi thi đua ái quốc ngày 11/6/1948 | Năm 1969: Chính phủ Cách mạng lâm thời và bối cảnh đàm phán,10.0,4.0,2.0,1.5,1.5,1.0,,False,10.0,,,
168,G5K_0168,timeline,,1,200,cac moc chinh cua viet nam dan chu cong hoa luc moi ra doi?,"Các mốc chính của Việt Nam Dân chủ Cộng hòa lúc mới ra đời là: 2/9/1945, Chủ tịch Hồ Chí Minh đọc Tuyên ngôn Độc lập khai sinh nước Việt Nam Dân chủ Cộng hòa; năm 1946, Hiến pháp 1946 được Quốc hội thông qua; và 19/12/1946, Toàn quốc kháng chiến bùng nổ. [1]",[1]: Diễn biến chính thời kỳ 1945-1954 :: Chuẩn hóa theo canonical fact EARLY_VNDCCH_1945_1946_TIMELINE: Các mốc chính của Việt Nam Dân chủ Cộng hòa lúc mới ra đời có thể nhớ: ngày 2/9/1945 Tuyên ngôn Độc lập khai sinh nước Việt Nam Dân chủ Cộng hòa; năm 1946 Quốc hội thông qua Hiến pháp đầu tiên; ngày 19/12/1946 Toàn quốc kháng chiến bùng nổ.. [TITLE] Diễn biến chính thời kỳ 1945-1954 [SU...,Diễn biến chính thời kỳ 1945-1954 | Việt Nam hóa chiến tranh giai đoạn 1969-1973 | Đồng Khởi là chuyển biến quan trọng ở miền Nam | Ý nghĩa Cách mạng Tháng Tám 1945 | Phong trào dân chủ 1936-1939,9.5,4.0,2.0,1.5,1.0,1.0,,False,10.0,,,
169,G5K_0169,timeline,,1,200,Tuyến Từ Genève 1954 đến tổng tuyển cử 1956 không diễn ra bắt đầu và kết lại bằng những mốc nào?,"Tuyến từ Genève **1954** đến tổng tuyển cử dự kiến **1956** bắt đầu bằng **Hiệp định Genève 1954** và kết lại ở mốc **tổng tuyển cử thống nhất năm 1956 nhưng không được thực hiện**, khiến tình trạng **chia cắt** kéo dài. [1]","[1]: Tổng tuyển cử thống nhất dự kiến năm 1956 sau Hiệp định Genève :: Chuẩn hóa theo canonical fact GENEVE_1954_TO_1956_ELECTION_TIMELINE: Từ Genève 1954 đến tổng tuyển cử cần nhớ: Hiệp định Genève năm 1954 xác lập giới tuyến quân sự tạm thời; tổng tuyển cử thống nhất đất nước dự kiến vào năm 1956 nhưng không được thực hiện, khiến tình trạng chia cắt kéo dài.. [TITLE] Tổng tuyển cử thống nhất dự kiến năm 1956 sau Hiệ...","Tổng tuyển cử thống nhất dự kiến năm 1956 sau Hiệp định Genève | Năm 1972: Tiến công chiến lược và Điện Biên Phủ trên không | Năm 1945: Nhật đảo chính Pháp, Tổng khởi nghĩa và Tuyên ngôn Độc lập | Năm 1968: Tổng tiến công và nổi dậy Tết Mậu Thân | Năm 1959: Đoàn 559 và đường Trường Sơn",10.0,4.0,2.0,1.5,1.5,1.0,,False,10.0,,,
170,G5K_0170,timeline,,1,200,Đồng Khởi và Mặt trận Dân tộc Giải phóng miền Nam gồm những mốc nào cần nhớ theo thứ tự thời gian?,"Theo thứ tự thời gian, cần nhớ: **1959-1960**, phong trào **Đồng Khởi** ở miền Nam làm cách mạng chuyển từ thế **giữ gìn lực lượng sang thế tiến công**, đồng thời **phá thế kìm kẹp** ở nhiều nơi và tạo cơ sở cho **Mặt trận Dân tộc Giải phóng miền Nam** ra đời. [1]","[1]: Đồng Khởi là chuyển biến quan trọng ở miền Nam :: Chuẩn hóa theo canonical fact DONG_KHOI_MEANING: Đồng Khởi 1959-1960 làm thay đổi thế cách mạng miền Nam: từ thế giữ gìn lực lượng sang thế tiến công, phá thế kìm kẹp ở nhiều nơi và tạo cơ sở cho Mặt trận Dân tộc Giải phóng miền Nam (MTDTGPMN) ra đời.. [TITLE] Đồng Khởi là chuyển biến quan trọng ở miền Nam [SUMMARY] Đồng Khởi 1959-1960 là chuyển bi...",Đồng Khởi là chuyển biến quan trọng ở miền Nam | So sánh Đảng Cộng sản Việt Nam và Việt Minh | Hội nghị Trung ương 8 năm 1941 và Việt Minh | Năm 1975: Tổng tiến công mùa Xuân và giải phóng miền Nam | Năm 1959: Đoàn 559 và đường Trường Sơn,10.0,4.0,2.0,1.5,1.5,1.0,,False,10.0,,,
171,G5K_0171,timeline,,1,200,Từ Việt Minh đến Đội Việt Nam Tuyên truyền Giải phóng quân gồm những mốc nào cần nhớ theo thứ tự thời gian?,"Theo thứ tự thời gian, cần nhớ: năm 1941 Việt Minh ra đời, rồi đến ngày 22/12/1944 thành lập Đội Việt Nam Tuyên truyền Giải phóng quân, đây là một lực lượng vũ trang cách mạng quan trọng. [1][2]","[1]: Đội Việt Nam Tuyên truyền Giải phóng quân thành lập ngày 22/12/1944 :: Chuẩn hóa theo canonical fact VIET_MINH_TO_VNTTGPQ_TIMELINE: Thứ tự cần nhớ: năm 1941 Việt Minh ra đời, tập hợp lực lượng giải phóng dân tộc; sau đó ngày 22/12/1944 Đội Việt Nam Tuyên truyền Giải phóng quân được thành lập, là lực lượng vũ trang cách mạng quan trọng.. [TITLE] Đội Việt Nam Tuyên truyền Giải phóng quân thành lập ngày 22/12/1944 [SUMMA... | [2]: Hội nghị Trung ương 8 năm 1941 và Việt Minh :: Hội nghị Trung ương 8 năm 1941 hoàn chỉnh chuyển hướng chiến lược, đặt giải phóng dân tộc lên hàng đầu và gắn với việc thành lập Việt Minh.",Đội Việt Nam Tuyên truyền Giải phóng quân thành lập ngày 22/12/1944 | Hội nghị Trung ương 8 năm 1941 và Việt Minh | Năm 1975: Tổng tiến công mùa Xuân và giải phóng miền Nam | Năm 1959: Đoàn 559 và đường Trường Sơn | Năm 1974: chuyển biến trước Tổng tiến công 1975 và Phước Long,10.0,4.0,2.0,1.5,1.5,1.0,,False,10.0,,,
172,G5K_0172,timeline,,1,200,ke theo thu tu thoi gian nhat dao chinh phap den ngay doc lap?,"Theo thứ tự thời gian: **9/3/1945** Nhật đảo chính Pháp ở Đông Dương → **Tổng khởi nghĩa tháng 8** giành chính quyền → **2/9/1945** Hồ Chí Minh đọc Tuyên ngôn Độc lập, khai sinh nước Việt Nam Dân chủ Cộng hòa. [1]","[1]: Timeline chuẩn hóa năm 1945 :: Chuẩn hóa theo canonical fact NHAT_DAO_CHINH_TO_DOC_LAP_TIMELINE: Timeline từ Nhật đảo chính Pháp đến Tuyên ngôn Độc lập: ngày 9/3/1945 Nhật đảo chính Pháp ở Đông Dương; tháng 8/1945 diễn ra Tổng khởi nghĩa giành chính quyền; ngày 2/9/1945 Hồ Chí Minh đọc Tuyên ngôn Độc lập, khai sinh nước Việt Nam Dân chủ Cộng hòa.. [TITLE] Timeline chuẩn hóa năm ...","Timeline chuẩn hóa năm 1945 | Năm 1945: Nhật đảo chính Pháp, Tổng khởi nghĩa và Tuyên ngôn Độc lập | Nhật đảo chính Pháp ngày 9/3/1945 | Các mốc chính năm 1945 trong lịch sử Việt Nam | Nội dung và ý nghĩa Hiệp định Genève 1954",10.0,4.0,2.0,1.5,1.5,1.0,,False,10.0,,,
173,G5K_0173,timeline,,1,200,Hãy tóm tắt timeline Từ Hiệp định Sơ bộ đến Toàn quốc kháng chiến năm 1946 bằng vài mốc cốt lõi.,"Các mốc cốt lõi của năm 1946 là: 6/3/1946 ký Hiệp định Sơ bộ Việt - Pháp, 14/9/1946 ký Tạm ước Việt - Pháp, và 19/12/1946 bùng nổ Toàn quốc kháng chiến. [1]","[1]: Năm 1946: Hiệp định Sơ bộ, Tạm ước và Toàn quốc kháng chiến :: Chuẩn hóa theo canonical fact HIEP_DINH_SO_BO_TO_TOAN_QUOC_1946_TIMELINE: Tuyến sự kiện năm 1946 có thể nhớ theo thứ tự: Hiệp định Sơ bộ Việt - Pháp ngày 6/3/1946, Tạm ước Việt - Pháp ngày 14/9/1946, rồi Toàn quốc kháng chiến bùng nổ ngày 19/12/1946.. [TITLE] Năm 1946: Hiệp định Sơ bộ, Tạm ước và Toàn quốc kháng chiến [SUMMARY] Ngày 6/3/1946, Hiệp ...","Năm 1946: Hiệp định Sơ bộ, Tạm ước và Toàn quốc kháng chiến | Đấu tranh ngoại giao với Pháp trước 19/12/1946 | Toàn quốc kháng chiến bùng nổ | Hình thành đường lối kháng chiến toàn dân, toàn diện, lâu dài, tự lực cánh sinh | Công bố/lan truyền Lời kêu gọi Toàn quốc kháng chiến",10.0,4.0,2.0,1.5,1.5,1.0,,False,10.0,,,
174,G5K_0174,timeline,,1,200,Từ Nhật đảo chính Pháp đến Tuyên ngôn Độc lập gồm những mốc nào cần nhớ theo thứ tự thời gian?,"Các mốc cần nhớ theo thứ tự thời gian là: **9/3/1945** Nhật đảo chính Pháp ở Đông Dương, tiếp đến **Tổng khởi nghĩa tháng 8/1945** giành chính quyền, và cuối cùng **2/9/1945** Hồ Chí Minh đọc Tuyên ngôn Độc lập, khai sinh nước Việt Nam Dân chủ Cộng hòa. [1]","[1]: Timeline chuẩn hóa năm 1945 :: Chuẩn hóa theo canonical fact NHAT_DAO_CHINH_TO_DOC_LAP_TIMELINE: Timeline từ Nhật đảo chính Pháp đến Tuyên ngôn Độc lập: ngày 9/3/1945 Nhật đảo chính Pháp ở Đông Dương; tháng 8/1945 diễn ra Tổng khởi nghĩa giành chính quyền; ngày 2/9/1945 Hồ Chí Minh đọc Tuyên ngôn Độc lập, khai sinh nước Việt Nam Dân chủ Cộng hòa.. [TITLE] Timeline chuẩn hóa năm ...","Timeline chuẩn hóa năm 1945 | Năm 1945: Nhật đảo chính Pháp, Tổng khởi nghĩa và Tuyên ngôn Độc lập | Cao trào kháng Nhật cứu nước năm 1945 | Năm 1959: Đoàn 559 và đường Trường Sơn | Năm 1946: Hiệp định Sơ bộ, Tạm ước và Toàn quốc kháng chiến",10.0,4.0,2.0,1.5,1.5,1.0,,False,10.0,,,
175,G5K_0175,timeline,,1,200,Hãy tóm tắt timeline Đồng Khởi và Mặt trận Dân tộc Giải phóng miền Nam bằng vài mốc cốt lõi.,"Mốc chính cần nhớ: **Đồng Khởi 1959-1960** là phong trào quan trọng ở miền Nam, đưa cách mạng từ thế giữ gìn lực lượng sang thế tiến công; đến **20/12/1960**, **Mặt trận Dân tộc Giải phóng miền Nam Việt Nam** ra đời, đánh dấu bước phát triển mới của cách mạng miền Nam. [1][2] Đồng Khởi 1959-1960 phá thế kìm kẹp, chuyển sang thế tiến công và tạo cơ sở cho Mặt trận Dân tộc Giải phóng miền Nam [1]","[1]: Mặt trận Dân tộc Giải phóng miền Nam Việt Nam: sự ra đời và ý nghĩa :: Chuẩn hóa theo canonical fact DONG_KHOI_TO_NLF_1960: Từ Đồng Khởi đến Mặt trận Dân tộc Giải phóng miền Nam cần nhớ: phong trào Đồng Khởi 1959-1960 đưa cách mạng miền Nam từ thế giữ gìn lực lượng sang thế tiến công; ngày 20/12/1960, Mặt trận Dân tộc Giải phóng miền Nam Việt Nam ra đời.. [TITLE] Mặt trận Dân tộc Giải phóng miền Nam Việt Nam: sự ra đờ... | [2]: Đồng Khởi là chuyển biến quan trọng ở miền Nam :: Đồng Khởi 1959-1960 là chuyển biến quan trọng, đưa cách mạng miền Nam từ thế giữ gìn lực lượng sang thế tiến công.",Mặt trận Dân tộc Giải phóng miền Nam Việt Nam: sự ra đời và ý nghĩa | Đồng Khởi là chuyển biến quan trọng ở miền Nam | Đội Việt Nam Tuyên truyền Giải phóng quân thành lập ngày 22/12/1944 | Hội nghị Trung ương 8 năm 1941 và Việt Minh | Năm 1975: Tổng tiến công mùa Xuân và giải phóng miền Nam,10.0,4.0,2.0,1.5,1.5,1.0,,False,10.0,,,
176,G5K_0176,timeline,,1,200,Các mốc chống Mỹ 1960-1973 gồm những mốc nào cần nhớ theo thứ tự thời gian?,Các mốc chống Mỹ 1960-1973 cần nhớ theo thứ tự thời gian là: năm 1960 Mặt trận Dân tộc Giải phóng miền Nam ra đời; năm 1968 Tết Mậu Thân; cuối năm 1972 Điện Biên Phủ trên không đánh bại B-52; và ngày 27/1/1973 ký Hiệp định Paris. [1],[1]: Timeline chuẩn hóa giai đoạn 1954-1975 :: Chuẩn hóa theo canonical fact ANTI_US_1960_1973_TIMELINE: Các mốc chống Mỹ 1960-1973 có thể sắp xếp ngắn: năm 1960 Mặt trận Dân tộc Giải phóng miền Nam ra đời; năm 1968 Tết Mậu Thân tạo tác động chính trị lớn; cuối năm 1972 Điện Biên Phủ trên không đánh bại B-52; ngày 27/1/1973 ký Hiệp định Paris.. [TITLE] Timeline chuẩn hóa giai đoạn 1954-1975 [SU...,Timeline chuẩn hóa giai đoạn 1954-1975 | Chiến thắng Phước Long cuối 1974 - đầu 1975 | Đồng Khởi là chuyển biến quan trọng ở miền Nam | Năm 1974: chuyển biến trước Tổng tiến công 1975 và Phước Long | Năm 1959: Đoàn 559 và đường Trường Sơn,10.0,4.0,2.0,1.5,1.5,1.0,,False,10.0,,,
177,G5K_0177,timeline,,1,200,Hãy tóm tắt timeline Ba mốc lớn 1945 - 1954 - 1975 bằng vài mốc cốt lõi.,"Ba mốc lớn có thể nhớ ngắn gọn: **1945** gắn với Cách mạng Tháng Tám và Tuyên ngôn Độc lập, khai sinh nước Việt Nam Dân chủ Cộng hòa; **1954** gắn với Chiến thắng Điện Biên Phủ và Hiệp định Genève; **1975** gắn với giải phóng miền Nam, kết thúc chiến tranh. [1]","[1]: So sánh Điện Biên Phủ 1954 và Chiến dịch Hồ Chí Minh 1975 :: Chuẩn hóa theo canonical fact THREE_MILESTONES_1945_1954_1975: Ba mốc lớn có thể nhớ ngắn gọn: năm 1945 gắn với Cách mạng Tháng Tám và Tuyên ngôn Độc lập khai sinh nước Việt Nam Dân chủ Cộng hòa; năm 1954 gắn với Chiến thắng Điện Biên Phủ và Hiệp định Genève; năm 1975 gắn với giải phóng miền Nam, kết thúc chiến tranh.. [TITLE] So sánh Điện Biên Phủ...",So sánh Điện Biên Phủ 1954 và Chiến dịch Hồ Chí Minh 1975 | Năm 1975: Tổng tiến công mùa Xuân và giải phóng miền Nam | Diễn biến chính thời kỳ 1945-1954 | Phân biệt 30/4/1975 với mốc Quốc hội hoàn tất thống nhất nhà nước | Bối cảnh chính của Hiệp định Genève 1954,10.0,4.0,2.0,1.5,1.5,1.0,,False,10.0,,,
178,G5K_0178,timeline,,1,200,Từ Việt Bắc 1947 đến Biên giới 1950 gồm những mốc nào cần nhớ theo thứ tự thời gian?,"Thứ tự đúng là Việt Bắc Thu Đông 1947 diễn ra trước, giúp bảo vệ căn cứ và đánh bại chiến lược đánh nhanh thắng nhanh; sau đó Chiến dịch Biên giới Thu Đông 1950 khai thông biên giới, mở rộng căn cứ và đưa kháng chiến sang thế chủ động hơn [1]","[1]: Chiến dịch Biên giới Thu-Đông 1950 :: Chuẩn hóa theo canonical fact VIET_BAC_1947_TO_BIEN_GIOI_1950_TIMELINE: Thứ tự đúng là Việt Bắc Thu Đông 1947 diễn ra trước, giúp bảo vệ căn cứ và đánh bại chiến lược đánh nhanh thắng nhanh; sau đó Chiến dịch Biên giới Thu Đông 1950 khai thông biên giới, mở rộng căn cứ và đưa kháng chiến sang thế chủ động hơn.. [TITLE] Chiến dịch Biên giới Thu-Đông...",Chiến dịch Biên giới Thu-Đông 1950 | Năm 1959: Đoàn 559 và đường Trường Sơn | Năm 1974: chuyển biến trước Tổng tiến công 1975 và Phước Long | Năm 1972: Tiến công chiến lược và Điện Biên Phủ trên không | Diễn biến chính thời kỳ 1945-1954,10.0,4.0,2.0,1.5,1.5,1.0,,False,10.0,,,
179,G5K_0179,timeline,,1,200,geneve den tong tuyen cu khong dien ra gom moc nao?,"Hiệp định Genève **năm 1954** xác lập giới tuyến quân sự tạm thời; theo dự kiến, **tổng tuyển cử năm 1956** để thống nhất đất nước **không được thực hiện**, ফলে tình trạng **chia cắt** kéo dài. [1]","[1]: Tổng tuyển cử thống nhất dự kiến năm 1956 sau Hiệp định Genève :: Chuẩn hóa theo canonical fact GENEVE_1954_TO_1956_ELECTION_TIMELINE: Từ Genève 1954 đến tổng tuyển cử cần nhớ: Hiệp định Genève năm 1954 xác lập giới tuyến quân sự tạm thời; tổng tuyển cử thống nhất đất nước dự kiến vào năm 1956 nhưng không được thực hiện, khiến tình trạng chia cắt kéo dài.. [TITLE] Tổng tuyển cử thống nhất dự kiến năm 1956 sau Hiệ...","Tổng tuyển cử thống nhất dự kiến năm 1956 sau Hiệp định Genève | Huế được giải phóng ngày 26/3/1975 | Năm 1972: Tiến công chiến lược và Điện Biên Phủ trên không | Năm 1945: Nhật đảo chính Pháp, Tổng khởi nghĩa và Tuyên ngôn Độc lập | Năm 1968: Tổng tiến công và nổi dậy Tết Mậu Thân",10.0,4.0,2.0,1.5,1.5,1.0,,False,10.0,,,
180,G5K_0180,timeline,,1,200,Từ Buôn Ma Thuột đến Huế trong Tổng tiến công mùa Xuân 1975 gồm những mốc nào cần nhớ theo thứ tự thời gian?,"Mốc cần nhớ theo thứ tự thời gian là: ngày 10/3/1975, trận Buôn Ma Thuột mở màn Chiến dịch Tây Nguyên và tạo đột phá cho Tổng tiến công mùa Xuân 1975; tiếp đó, ngày 26/3/1975, Huế được giải phóng. [1][2]","[1]: Ngày 10/3/1975 mở màn chiến dịch Tây Nguyên tại Buôn Ma Thuột :: Chuẩn hóa theo canonical fact BUON_MA_THUOT_1975_START_DATE: Ngày 10/3/1975 gắn với trận Buôn Ma Thuột, mốc mở màn then chốt của Chiến dịch Tây Nguyên và tạo đột phá cho Tổng tiến công mùa Xuân 1975.. [TITLE] Ngày 10/3/1975 mở màn chiến dịch Tây Nguyên tại Buôn Ma Thuột [SUMMARY] Ngày 10/3/1975, trận Buôn Ma Thuột mở màn chiến dịch Tây Nguyên, tạo ... | [2]: Huế được giải phóng ngày 26/3/1975 :: Ngày 26/3/1975, Huế được giải phóng trong diễn biến nhanh của Tổng tiến công mùa Xuân 1975.",Ngày 10/3/1975 mở màn chiến dịch Tây Nguyên tại Buôn Ma Thuột | Huế được giải phóng ngày 26/3/1975 | Chiến thắng Phước Long cuối 1974 - đầu 1975 | Năm 1975: Tổng tiến công mùa Xuân và giải phóng miền Nam | Năm 1974: chuyển biến trước Tổng tiến công 1975 và Phước Long,10.0,4.0,2.0,1.5,1.5,1.0,,False,10.0,,,
181,G5K_0181,timeline,,1,200,Sắp xếp ngắn các mốc chính trong tuyến sự kiện Các mốc Việt Nam Dân chủ Cộng hòa lúc mới ra đời.,"Các mốc chính của Việt Nam Dân chủ Cộng hòa lúc mới ra đời có thể sắp xếp ngắn như sau: **2/9/1945** Tuyên ngôn Độc lập, khai sinh nước Việt Nam Dân chủ Cộng hòa; **Hiến pháp 1946** Quốc hội thông qua Hiến pháp đầu tiên; **19/12/1946** Toàn quốc kháng chiến bùng nổ. [1]",[1]: Diễn biến chính thời kỳ 1945-1954 :: Chuẩn hóa theo canonical fact EARLY_VNDCCH_1945_1946_TIMELINE: Các mốc chính của Việt Nam Dân chủ Cộng hòa lúc mới ra đời có thể nhớ: ngày 2/9/1945 Tuyên ngôn Độc lập khai sinh nước Việt Nam Dân chủ Cộng hòa; năm 1946 Quốc hội thông qua Hiến pháp đầu tiên; ngày 19/12/1946 Toàn quốc kháng chiến bùng nổ.. [TITLE] Diễn biến chính thời kỳ 1945-1954 [SU...,Diễn biến chính thời kỳ 1945-1954 | Việt Nam hóa chiến tranh giai đoạn 1969-1973 | Đội Việt Nam Tuyên truyền Giải phóng quân thành lập ngày 22/12/1944 | Ý nghĩa Cách mạng Tháng Tám 1945 | Lời kêu gọi thi đua ái quốc ngày 11/6/1948,9.5,4.0,2.0,1.5,1.0,1.0,,False,10.0,,,
182,G5K_0182,timeline,,1,200,Hãy tóm tắt timeline Từ Hà Nội giành chính quyền đến Tuyên ngôn Độc lập bằng vài mốc cốt lõi.,"Mốc cốt lõi là: thắng lợi giành chính quyền ở Hà Nội, Huế và Sài Gòn tạo thế quyết định cho Cách mạng Tháng Tám; sau đó, ngày 2/9/1945, Hồ Chí Minh đọc Tuyên ngôn Độc lập tại Quảng trường Ba Đình, Hà Nội, khai sinh nước Việt Nam Dân chủ Cộng hòa. [1][2]","[1]: Ý nghĩa Cách mạng Tháng Tám 1945 :: Chuẩn hóa theo canonical fact TUYEN_NGON_DOC_LAP_1945: Ngày 2/9/1945, Hồ Chí Minh đọc Tuyên ngôn Độc lập tại Quảng trường Ba Đình, Hà Nội, khai sinh nước Việt Nam Dân chủ Cộng hòa.. [TITLE] Ý nghĩa Cách mạng Tháng Tám 1945 [SUMMARY] Thắng lợi ở Hà Nội, Huế và Sài Gòn có ý nghĩa quyết định đối với thắng lợi của Cách mạng Tháng Tám trong cả nước. Cuộ... | [2]: Ngày 2/9/1945 - Tuyên ngôn Độc lập tại Ba Đình :: Ngày 2/9/1945 gắn với buổi Lễ Tuyên ngôn Độc lập tại Quảng trường Ba Đình. Đây là mốc khai sinh nước Việt Nam Dân chủ Cộng hòa trong chuỗi thắng lợi Cách mạng Tháng Tám.",Ý nghĩa Cách mạng Tháng Tám 1945 | Ngày 2/9/1945 - Tuyên ngôn Độc lập tại Ba Đình | Chủ tịch Hồ Chí Minh qua đời | Hòa hoãn với Pháp để đẩy quân Tưởng về nước | Tổng khởi nghĩa thắng lợi ở Sài Gòn,10.0,4.0,2.0,1.5,1.5,1.0,,False,10.0,,,
183,G5K_0183,timeline,,1,200,Hãy tóm tắt timeline Các mốc chống Mỹ 1960-1973 bằng vài mốc cốt lõi.,"Các mốc chống Mỹ 1960-1973 có thể tóm tắt ngắn như sau: năm 1960 Mặt trận Dân tộc Giải phóng miền Nam Việt Nam ra đời; năm 1968 diễn ra Tết Mậu Thân, tạo tác động chính trị lớn; năm 1972 diễn ra cuộc tiến công chiến lược và “Điện Biên Phủ trên không” đánh bại B-52; ngày 27/1/1973 ký Hiệp định Paris. [1][4][5]","[1]: Timeline chuẩn hóa giai đoạn 1954-1975 :: Chuẩn hóa theo canonical fact ANTI_US_1960_1973_TIMELINE: Các mốc chống Mỹ 1960-1973 có thể sắp xếp ngắn: năm 1960 Mặt trận Dân tộc Giải phóng miền Nam ra đời; năm 1968 Tết Mậu Thân tạo tác động chính trị lớn; cuối năm 1972 Điện Biên Phủ trên không đánh bại B-52; ngày 27/1/1973 ký Hiệp định Paris.. [TITLE] Timeline chuẩn hóa giai đoạn 1954-1975 [SU... | [4]: Mặt trận Dân tộc Giải phóng miền Nam Việt Nam ra đời ngày 20/12/1960 :: Ngày 20/12/1960, Mặt trận Dân tộc Giải phóng miền Nam Việt Nam ra đời, tập hợp lực lượng đấu tranh ở miền Nam. | [5]: Năm 1972: Tiến công chiến lược và Điện Biên Phủ trên không :: Năm 1972 diễn ra cuộc tiến công chiến lược trên chiến trường miền Nam.",Timeline chuẩn hóa giai đoạn 1954-1975 | Đồng Khởi là chuyển biến quan trọng ở miền Nam | Chiến thắng Phước Long cuối 1974 - đầu 1975 | Mặt trận Dân tộc Giải phóng miền Nam Việt Nam ra đời ngày 20/12/1960 | Năm 1972: Tiến công chiến lược và Điện Biên Phủ trên không,10.0,4.0,2.0,1.5,1.5,1.0,,False,10.0,,,
184,G5K_0184,timeline,,1,200,tu ha noi gianh chinh quyen den tuyen ngon doc lap gom moc nao?,"Từ **19/8/1945** khi quần chúng Hà Nội giành chính quyền đến **2/9/1945** khi Hồ Chí Minh đọc **Tuyên ngôn Độc lập** tại Ba Đình, mốc này đánh dấu sự khai sinh nước **Việt Nam Dân chủ Cộng hòa**. [1]","[1]: Timeline chuẩn hóa năm 1945 :: Chuẩn hóa theo canonical fact CMT8_HANOI_TO_DECLARATION_TIMELINE: Tuyến sự kiện ngắn: ngày 19/8/1945, quần chúng Hà Nội giành chính quyền trong Cách mạng Tháng Tám; ngày 2/9/1945, Hồ Chí Minh đọc Tuyên ngôn Độc lập tại Ba Đình, khai sinh nước Việt Nam Dân chủ Cộng hòa.. [TITLE] Timeline chuẩn hóa năm 1945 [SUMMARY] Năm 1945 có các mốc chính: Nhật đ...",Timeline chuẩn hóa năm 1945 | Ý nghĩa Cách mạng Tháng Tám 1945 | Ngày 2/9/1945 - Tuyên ngôn Độc lập tại Ba Đình | Chủ tịch Hồ Chí Minh qua đời | Hòa hoãn với Pháp để đẩy quân Tưởng về nước,10.0,4.0,2.0,1.5,1.5,1.0,,False,10.0,,,
185,G5K_0185,timeline,,1,200,Sắp xếp ngắn các mốc chính trong tuyến sự kiện Chiến dịch Điện Biên Phủ 1954.,"Chiến dịch Điện Biên Phủ 1954 mở màn ngày **13/3/1954** với **trận Him Lam**, kéo dài **56 ngày đêm**, và kết thúc thắng lợi vào **7/5/1954**. [1][4]","[1]: Mở màn Chiến dịch Điện Biên Phủ :: Chuẩn hóa theo canonical fact DBP_1954_MILESTONES: Các mốc ổn định của Chiến dịch Điện Biên Phủ: mở màn ngày 13/3/1954 với trận Him Lam, diễn ra 56 ngày đêm, và kết thúc thắng lợi ngày 7/5/1954.. [TITLE] Mở màn Chiến dịch Điện Biên Phủ - canonical answer evidence [SUMMARY] Ngày 13/3/1954, Chiến dịch Điện Biên Phủ mở màn với trận Him Lam. [YEAR] 195... | [4]: Chiến thắng Điện Biên Phủ - canonical answer evidence :: Ngày 7/5/1954, Chiến dịch Điện Biên Phủ kết thúc thắng lợi. Chiến thắng làm phá sản Kế hoạch Nava và tác động trực tiếp đến đàm phán Genève.",Mở màn Chiến dịch Điện Biên Phủ | Ý nghĩa Chiến thắng Điện Biên Phủ 1954 | So sánh Điện Biên Phủ 1954 và Chiến dịch Hồ Chí Minh 1975 | Chiến thắng Điện Biên Phủ - canonical answer evidence | Mốc ngày 7/5/1954 trong lịch sử Việt Nam 1945-1954,10.0,4.0,2.0,1.5,1.5,1.0,,False,10.0,,,
186,G5K_0186,comparison,,1,200,Chiến dịch Tây Nguyên và Chiến dịch Hồ Chí Minh khác nhau ở những mốc và ý nghĩa nào?,"Chiến dịch Tây Nguyên là mốc mở đầu của **đột phá chiến lược** trong Tổng tiến công mùa Xuân 1975, với thắng lợi ở **Buôn Ma Thuột** ngày **10/3/1975** làm chuyển biến cục diện, tạo đà phát triển nhanh ra **Huế - Đà Nẵng** rồi tiến tới **Sài Gòn**; còn Chiến dịch Hồ Chí Minh là đòn quyết định cuối cùng, kết thúc bằng mốc **30/4/1975** khi quân giải phóng chiếm Dinh Độc Lập, buộc chính quyền Sài Gòn đầu hàng. Vì vậy, Tây Nguyên là bước mở toang cục diện, còn Hồ Chí Minh là bước chốt hạ, giải phóng miền Nam và thống nhất đất nước. [1][2][3]","[1]: Ngày 10/3/1975 mở màn chiến dịch Tây Nguyên tại Buôn Ma Thuột :: Chuẩn hóa theo canonical fact TAY_NGUYEN_1975_BREAKTHROUGH: Chiến dịch Tây Nguyên 1975 mở đầu đột phá chiến lược của Tổng tiến công mùa Xuân 1975; thắng lợi ở Buôn Ma Thuột ngày 10/3/1975 tạo đà phát triển nhanh tới Huế - Đà Nẵng và cuối cùng tới Sài Gòn, kết thúc bằng mốc 30/4/1975 trong Chiến dịch Hồ Chí Minh.. [TITLE] Ngày 10/3/1975 mở màn chiến... | [2]: Ý nghĩa Chiến dịch Hồ Chí Minh và Đại thắng mùa Xuân 1975 :: Chiến dịch Hồ Chí Minh là đòn quyết định trong cuộc tấn công quân sự cuối cùng của mùa Xuân 1975. Ngày 30/4/1975, Dinh Độc Lập bị chiếm và chính quyền Sài Gòn đầu hàng. Nguồn chứng nhận gắn thắng lợi này với giải phóng miền Nam, thống nhất đất nước và kết thúc cuộc kháng chiến chống Mỹ, cứu nước. | [3]: Ngày 30/4/1975 - Dinh Độc Lập bị chiếm và chính quyền Sài Gòn đầu hàng :: Ngày 30/4/1975, quân giải phóng chiếm Dinh Độc Lập và buộc Tổng thống Dương Văn Minh tuyên bố đầu hàng không điều kiện. Mốc này báo hiệu toàn thắng của Chiến dịch Hồ Chí Minh và gắn với kết thúc thắng lợi cuộc kháng chiến chống Mỹ, cứu nước.",Ngày 10/3/1975 mở màn chiến dịch Tây Nguyên tại Buôn Ma Thuột | Ý nghĩa Chiến dịch Hồ Chí Minh và Đại thắng mùa Xuân 1975 | Ngày 30/4/1975 - Dinh Độc Lập bị chiếm và chính quyền Sài Gòn đầu hàng | Nguồn chứng minh 30/4/1975 là mốc kết thúc chiến tranh và thống nhất đất nước | So sánh Điện Biên Phủ 1954 và Chiến dịch Hồ Chí Minh 1975,8.05,2.8,2.0,1.0,1.25,1.0,,False,10.0,Tây Nguyên mở đầu,,
187,G5K_0187,comparison,,1,200,So sánh 30/4/1975 và 2/9/1945 khác nhau ở những mốc và ý nghĩa nào?,"Ngày **2/9/1945** gắn với **Tuyên ngôn Độc lập**, khai sinh nước **Việt Nam Dân chủ Cộng hòa**; còn ngày **30/4/1975** gắn với việc giải phóng miền Nam, chính quyền Sài Gòn đầu hàng, **kết thúc chiến tranh** và mở đường cho thống nhất đất nước. Vì vậy, hai mốc khác nhau ở chỗ: một mốc là sự ra đời của nhà nước độc lập, còn mốc kia là sự kết thúc chiến tranh và hoàn tất quá trình thống nhất. [1]","[1]: Ý nghĩa Chiến dịch Hồ Chí Minh và Đại thắng mùa Xuân 1975 :: Chuẩn hóa theo canonical fact APR30_1975_VS_SEP2_1945: Ngày 2/9/1945 gắn với Tuyên ngôn Độc lập, khai sinh nước Việt Nam Dân chủ Cộng hòa; ngày 30/4/1975 gắn với giải phóng miền Nam, chính quyền Sài Gòn đầu hàng, kết thúc chiến tranh và mở đường cho thống nhất đất nước. Hai mốc khác ý nghĩa: một mốc khai sinh nhà nước độc lập, một mốc kết thúc chiế...",Ý nghĩa Chiến dịch Hồ Chí Minh và Đại thắng mùa Xuân 1975 | Ngày 30/4/1975 - Dinh Độc Lập bị chiếm và chính quyền Sài Gòn đầu hàng | Nguồn chứng minh 30/4/1975 là mốc kết thúc chiến tranh và thống nhất đất nước | So sánh Điện Biên Phủ 1954 và Chiến dịch Hồ Chí Minh 1975 | Chiến dịch Hồ Chí Minh,10.0,4.0,2.0,1.5,1.5,1.0,,False,10.0,,,
188,G5K_0188,comparison,,1,200,So sánh Hiệp định Sơ bộ và Toàn quốc kháng chiến khác nhau ở những mốc và ý nghĩa nào?,"Hiệp định Sơ bộ ngày **6/3/1946** là mốc **đấu tranh ngoại giao** và hòa hoãn tạm thời giữa Chính phủ Việt Nam Dân chủ Cộng hòa với Pháp; còn **19/12/1946** là mốc **Toàn quốc kháng chiến**, khi cuộc kháng chiến chống Pháp bùng nổ trên toàn quốc. Vì vậy, khác nhau ở chỗ một bên là **thỏa thuận ngoại giao** để kéo dài hòa bình tạm thời, bên kia là **chuyển sang kháng chiến toàn diện** chống Pháp. [1]","[1]: Năm 1946: Hiệp định Sơ bộ, Tạm ước và Toàn quốc kháng chiến :: Chuẩn hóa theo canonical fact HIEP_DINH_SO_BO_VS_TOAN_QUOC_1946: Hiệp định Sơ bộ 6/3/1946 là bước đấu tranh ngoại giao/hòa hoãn tạm thời giữa Chính phủ Việt Nam Dân chủ Cộng hòa và Pháp; Toàn quốc kháng chiến 19/12/1946 là mốc bùng nổ kháng chiến toàn quốc chống Pháp. Hai mốc khác nhau về tính chất: một là thỏa thuận ngoại giao, một là chuyển sang ...","Năm 1946: Hiệp định Sơ bộ, Tạm ước và Toàn quốc kháng chiến | Đấu tranh ngoại giao với Pháp trước 19/12/1946 | Toàn quốc kháng chiến bùng nổ | Hình thành đường lối kháng chiến toàn dân, toàn diện, lâu dài, tự lực cánh sinh | Công bố/lan truyền Lời kêu gọi Toàn quốc kháng chiến",10.0,4.0,2.0,1.5,1.5,1.0,,False,10.0,,,
189,G5K_0189,comparison,,1,200,chien dich bien gioi va dien bien phu khac nhau?,"Chiến dịch Biên giới Thu Đông 1950 là một chiến dịch trong kháng chiến chống Pháp, chủ yếu nhằm khai thông biên giới, mở rộng căn cứ và đưa cuộc kháng chiến sang thế chủ động hơn; còn Điện Biên Phủ 1954 cũng thuộc kháng chiến chống Pháp nhưng là thắng lợi quyết định, kết thúc thắng lợi ngày 7/5/1954 và tác động trực tiếp tới Hiệp định Genève. Vì vậy, hai chiến dịch khác nhau về quy mô, thời điểm và ý nghĩa chiến lược: Biên giới 1950 là bước phát triển quan trọng, còn Điện Biên Phủ 1954 là đỉnh cao quyết định. [1][4]","[1]: So sánh Chiến dịch Biên giới 1950 và Chiến dịch Điện Biên Phủ 1954 :: Chuẩn hóa theo canonical fact BIEN_GIOI_1950_VS_DBP_1954: Chiến dịch Biên giới Thu Đông 1950 thuộc kháng chiến chống Pháp, chủ yếu khai thông biên giới, mở rộng căn cứ và đưa kháng chiến sang thế chủ động hơn; Điện Biên Phủ 1954 cũng thuộc kháng chiến chống Pháp nhưng là chiến thắng quyết định, kết thúc thắng lợi ngày 7/5/1954 và tác động trực tiếp... | [4]: Chiến thắng Điện Biên Phủ - canonical answer evidence :: Ngày 7/5/1954, Chiến dịch Điện Biên Phủ kết thúc thắng lợi. Chiến thắng làm phá sản Kế hoạch Nava và tác động trực tiếp đến đàm phán Genève.",So sánh Chiến dịch Biên giới 1950 và Chiến dịch Điện Biên Phủ 1954 | Ý nghĩa Chiến thắng Điện Biên Phủ 1954 | So sánh Điện Biên Phủ 1954 và Chiến dịch Hồ Chí Minh 1975 | Chiến thắng Điện Biên Phủ - canonical answer evidence | Mốc ngày 7/5/1954 trong lịch sử Việt Nam 1945-1954,10.0,4.0,2.0,1.5,1.5,1.0,,False,10.0,,,
190,G5K_0190,comparison,,1,200,"So sánh ngắn So sánh Biên giới 1950 và Điện Biên Phủ 1954, tránh nhầm hai vế.","Biên giới Thu Đông 1950 và Điện Biên Phủ 1954 đều thuộc **kháng chiến chống Pháp**, nhưng khác nhau về ý nghĩa: **Biên giới Thu Đông 1950** chủ yếu nhằm **khai thông biên giới**, mở rộng căn cứ và đưa kháng chiến sang thế chủ động hơn; còn **Điện Biên Phủ 1954** là chiến thắng quyết định, kết thúc thắng lợi vào **7/5/1954**, làm phá sản Kế hoạch Nava và tác động trực tiếp tới đàm phán Genève. [1][4]","[1]: So sánh Chiến dịch Biên giới 1950 và Chiến dịch Điện Biên Phủ 1954 :: Chuẩn hóa theo canonical fact BIEN_GIOI_1950_VS_DBP_1954: Chiến dịch Biên giới Thu Đông 1950 thuộc kháng chiến chống Pháp, chủ yếu khai thông biên giới, mở rộng căn cứ và đưa kháng chiến sang thế chủ động hơn; Điện Biên Phủ 1954 cũng thuộc kháng chiến chống Pháp nhưng là chiến thắng quyết định, kết thúc thắng lợi ngày 7/5/1954 và tác động trực tiếp... | [4]: Chiến thắng Điện Biên Phủ - canonical answer evidence :: Ngày 7/5/1954, Chiến dịch Điện Biên Phủ kết thúc thắng lợi. Chiến thắng làm phá sản Kế hoạch Nava và tác động trực tiếp đến đàm phán Genève.",So sánh Chiến dịch Biên giới 1950 và Chiến dịch Điện Biên Phủ 1954 | Ý nghĩa Chiến thắng Điện Biên Phủ 1954 | So sánh Điện Biên Phủ 1954 và Chiến dịch Hồ Chí Minh 1975 | Chiến thắng Điện Biên Phủ - canonical answer evidence | Mốc ngày 7/5/1954 trong lịch sử Việt Nam 1945-1954,10.0,4.0,2.0,1.5,1.5,1.0,,False,10.0,,,
191,G5K_0191,comparison,,1,200,"Nếu phải nêu hai vế rõ ràng, Hội nghị thành lập Đảng 1930 và Hội nghị Trung ương 8 năm 1941 nên trình bày thế nào?","Có thể nêu rõ hai vế như sau: **năm 1930**, Hội nghị thành lập Đảng là hội nghị hợp nhất các tổ chức cộng sản để thành lập **Đảng Cộng sản Việt Nam**; **năm 1941**, Hội nghị Trung ương 8 đặt nhiệm vụ giải phóng dân tộc lên hàng đầu và gắn với việc thành lập **Việt Minh**. [1]",[1]: So sánh Việt Minh và Đảng Cộng sản Việt Nam :: Chuẩn hóa theo canonical fact PARTY_FOUNDING_1930_VS_TW8_1941: Hội nghị thành lập Đảng đầu năm 1930 gắn với việc hợp nhất các tổ chức cộng sản và thành lập Đảng Cộng sản Việt Nam; Hội nghị Trung ương 8 năm 1941 đặt nhiệm vụ giải phóng dân tộc lên hàng đầu và gắn với việc thành lập Việt Minh.. [TITLE] So sánh Việt Minh và Đảng Cộng sản Việt Nam [SUM...,So sánh Việt Minh và Đảng Cộng sản Việt Nam | So sánh Đảng Cộng sản Việt Nam và Việt Minh | Hội nghị Trung ương 8 năm 1941 và Việt Minh | Đại hội I của Đảng năm 1935 | Đảng Cộng sản Việt Nam thành lập năm 1930,10.0,4.0,2.0,1.5,1.5,1.0,,False,10.0,,,
192,G5K_0192,comparison,,1,200,Hội nghị thành lập Đảng 1930 và Đại hội II 1951 khác nhau ở những mốc và ý nghĩa nào?,"Hội nghị thành lập Đảng **1930** là mốc hợp nhất các tổ chức cộng sản để thành lập **Đảng Cộng sản Việt Nam**, còn Đại hội II **1951** diễn ra trong kháng chiến chống Pháp và quyết định đưa Đảng ra hoạt động công khai với tên **Đảng Lao động Việt Nam**. Vì vậy, nếu mốc **1930** có ý nghĩa khai sinh và thống nhất lực lượng lãnh đạo cách mạng, thì mốc **1951** đánh dấu bước phát triển mới về tổ chức và phương thức hoạt động của Đảng trong hoàn cảnh kháng chiến. [1]","[1]: Đại hội đại biểu toàn quốc lần thứ II của Đảng :: Chuẩn hóa theo canonical fact PARTY_FOUNDING_1930_VS_CONGRESS_II_1951: Hội nghị thành lập Đảng đầu năm 1930 gắn với việc hợp nhất các tổ chức cộng sản và thành lập Đảng Cộng sản Việt Nam; Đại hội II năm 1951 diễn ra trong kháng chiến chống Pháp, quyết định đưa Đảng ra hoạt động công khai với tên Đảng Lao động Việt Nam. Hai mốc khác nhau về thời điể...",Đại hội đại biểu toàn quốc lần thứ II của Đảng | Đại hội II năm 1951 và Đảng Lao động Việt Nam | Đại hội I của Đảng năm 1935 | Đảng Cộng sản Việt Nam thành lập năm 1930 | Hội nghị Trung ương 8 năm 1941 và Việt Minh,10.0,4.0,2.0,1.5,1.5,1.0,,False,10.0,,,
193,G5K_0193,comparison,,1,200,dong khoi va mau than khac nhau ve thoi diem va tac dong the nao?,"Đồng Khởi diễn ra trong giai đoạn 1959-1960, còn Tết Mậu Thân diễn ra năm 1968, nên hai sự kiện **khác thời điểm** rõ rệt. Về tác động, Đồng Khởi làm chuyển cách mạng miền Nam từ thế giữ gìn lực lượng sang thế tiến công, còn Mậu Thân tạo **tác động chính trị** lớn, ảnh hưởng dư luận/chính trường Mỹ và thúc đẩy đàm phán. [1][2][3] Đồng Khởi 1959-1960 phá thế kìm kẹp, chuyển sang thế tiến công và tạo cơ sở cho Mặt trận Dân tộc Giải phóng miền Nam [1]","[1]: So sánh Đồng Khởi và Tết Mậu Thân 1968 :: Chuẩn hóa theo canonical fact DONG_KHOI_VS_TET_1968: Đồng Khởi gắn với giai đoạn 1959-1960, phá thế kìm kẹp ở nông thôn miền Nam và chuyển cách mạng miền Nam sang thế tiến công; Tết Mậu Thân diễn ra năm 1968, tạo tác động chính trị lớn, ảnh hưởng dư luận/chính trường Mỹ và thúc đẩy đàm phán. Hai sự kiện khác thời điểm, bối cảnh và tác động.. [TITLE... | [2]: Đồng Khởi là chuyển biến quan trọng ở miền Nam :: Đồng Khởi 1959-1960 là chuyển biến quan trọng, đưa cách mạng miền Nam từ thế giữ gìn lực lượng sang thế tiến công. | [3]: Năm 1968: Tổng tiến công và nổi dậy Tết Mậu Thân :: Năm 1968, Tổng tiến công và nổi dậy Tết Mậu Thân diễn ra trên nhiều đô thị miền Nam.","So sánh Đồng Khởi và Tết Mậu Thân 1968 | Đồng Khởi là chuyển biến quan trọng ở miền Nam | Năm 1968: Tổng tiến công và nổi dậy Tết Mậu Thân | Năm 1945: Nhật đảo chính Pháp, Tổng khởi nghĩa và Tuyên ngôn Độc lập | Năm 1939, Chiến tranh thế giới thứ hai và chuyển hướng chiến lược",10.0,4.0,2.0,1.5,1.5,1.0,,False,10.0,,,
194,G5K_0194,comparison,,1,200,hiep dinh paris 1973 thuong bi nham voi gi?,"Hiệp định Paris 1973 thường bị nhầm với Hiệp định Genève 1954: Genève gắn với kháng chiến chống Pháp và vĩ tuyến 17 là giới tuyến quân sự tạm thời, còn Paris 1973 thuộc bối cảnh kháng chiến chống Mỹ, gắn với việc chấm dứt chiến tranh, lập lại hòa bình và Mỹ rút quân. [1] Sau Paris 1973, Mỹ rút quân nhưng chiến tranh chưa kết thúc ngay, còn kéo dài đến 1975 [1]","[1]: So sánh Điện Biên Phủ 1954 và Chiến dịch Hồ Chí Minh 1975 :: Chuẩn hóa theo canonical fact GENEVE_1954_VS_PARIS_1973: Đừng nhầm Genève 1954 với Paris 1973: Genève thuộc bối cảnh kháng chiến chống Pháp, gắn với vĩ tuyến 17 là giới tuyến quân sự tạm thời; Paris 1973 thuộc bối cảnh kháng chiến chống Mỹ, gắn với chấm dứt chiến tranh, lập lại hòa bình và việc Mỹ rút quân.. [TITLE] So sánh Điện Biên Phủ 1954 và Ch...",So sánh Điện Biên Phủ 1954 và Chiến dịch Hồ Chí Minh 1975 | Việt Nam hóa chiến tranh giai đoạn 1969-1973 | Tổng tuyển cử thống nhất dự kiến năm 1956 sau Hiệp định Genève | Đại hội I của Đảng năm 1935 | Năm 1974: chuyển biến trước Tổng tiến công 1975 và Phước Long,10.0,4.0,2.0,1.5,1.5,1.0,,False,10.0,,,
195,G5K_0195,comparison,,1,200,Phân biệt giúp tôi Phân biệt Buôn Ma Thuột và Huế năm 1975 ở điểm cốt lõi.,"Cốt lõi là: **Buôn Ma Thuột** gắn với **10/3/1975** như **mốc mở màn thắng lợi của Chiến dịch Tây Nguyên**, còn **Huế** gắn với **26/3/1975** như **mốc được giải phóng sau đó trong đà tiến nhanh của Tổng tiến công mùa Xuân 1975**. Nói ngắn gọn, Buôn Ma Thuột là “điểm mở đầu đột phá”, còn Huế là “kết quả giải phóng tiếp nối” trong cùng đợt tiến công. [2][3]","[2]: Ngày 10/3/1975 mở màn chiến dịch Tây Nguyên tại Buôn Ma Thuột :: Ngày 10/3/1975, trận Buôn Ma Thuột mở màn chiến dịch Tây Nguyên, tạo đột phá cho Tổng tiến công mùa Xuân 1975. | [3]: Huế được giải phóng ngày 26/3/1975 :: Ngày 26/3/1975, Huế được giải phóng trong diễn biến nhanh của Tổng tiến công mùa Xuân 1975.",Tổng hợp sự kiện nên học của năm 1975 | Ngày 10/3/1975 mở màn chiến dịch Tây Nguyên tại Buôn Ma Thuột | Huế được giải phóng ngày 26/3/1975 | Chiến thắng Bình Giã 1964 | Năm 1975: Tổng tiến công mùa Xuân và giải phóng miền Nam,10.0,4.0,2.0,1.5,1.5,1.0,,False,10.0,,,
196,G5K_0196,comparison,,1,200,"Nếu phải nêu hai vế rõ ràng, So sánh Đồng Khởi và Tết Mậu Thân 1968 nên trình bày thế nào?","Đồng Khởi gắn với giai đoạn 1959-1960, phá thế kìm kẹp ở nông thôn miền Nam và chuyển cách mạng miền Nam sang thế tiến công; Tết Mậu Thân diễn ra năm 1968, tạo tác động chính trị lớn, ảnh hưởng dư luận/chính trường Mỹ và thúc đẩy đàm phán. Hai sự kiện khác thời điểm, bối cảnh và tác động [1] Tết Mậu Thân 1968 thúc đẩy cục diện đàm phán, mốc ngoại giao sau đó là Paris 1973; chiến tranh không kết thúc ngay [1]","[1]: So sánh Đồng Khởi và Tết Mậu Thân 1968 :: Chuẩn hóa theo canonical fact DONG_KHOI_VS_TET_1968: Đồng Khởi gắn với giai đoạn 1959-1960, phá thế kìm kẹp ở nông thôn miền Nam và chuyển cách mạng miền Nam sang thế tiến công; Tết Mậu Thân diễn ra năm 1968, tạo tác động chính trị lớn, ảnh hưởng dư luận/chính trường Mỹ và thúc đẩy đàm phán. Hai sự kiện khác thời điểm, bối cảnh và tác động.. [TITLE...","So sánh Đồng Khởi và Tết Mậu Thân 1968 | Đồng Khởi là chuyển biến quan trọng ở miền Nam | Năm 1968: Tổng tiến công và nổi dậy Tết Mậu Thân | Năm 1939, Chiến tranh thế giới thứ hai và chuyển hướng chiến lược | Năm 1975: Tổng tiến công mùa Xuân và giải phóng miền Nam",10.0,4.0,2.0,1.5,1.5,1.0,,False,10.0,,,
197,G5K_0197,comparison,,1,200,"Nếu phải nêu hai vế rõ ràng, So sánh Việt Bắc 1947 và Biên giới 1950 nên trình bày thế nào?","Nếu phải nêu hai vế rõ ràng thì có thể trình bày: **Việt Bắc Thu Đông 1947 diễn ra trước**, nổi bật ở nhiệm vụ **bảo vệ căn cứ** địa Việt Bắc và đánh bại cuộc tiến công của Pháp; **Biên giới Thu Đông 1950 diễn ra sau**, nổi bật ở việc **khai thông biên giới**, mở rộng căn cứ và đưa kháng chiến sang thế chủ động hơn. [1]","[1]: So sánh Chiến dịch Việt Bắc 1947 và Chiến dịch Biên giới 1950 :: Chuẩn hóa theo canonical fact VIET_BAC_1947_VS_BIEN_GIOI_1950: Việt Bắc Thu Đông 1947 diễn ra trước, nổi bật ở việc đánh bại chiến lược đánh nhanh thắng nhanh của Pháp và bảo vệ căn cứ địa Việt Bắc; Biên giới Thu Đông 1950 diễn ra sau, nổi bật ở việc khai thông biên giới, mở rộng căn cứ và đưa kháng chiến sang thế chủ động hơn. Đây là hai chiến dịc...","So sánh Chiến dịch Việt Bắc 1947 và Chiến dịch Biên giới 1950 | Năm 1939, Chiến tranh thế giới thứ hai và chuyển hướng chiến lược | Năm 1939: Chiến tranh thế giới thứ hai và Hội nghị Trung ương 6 | Nguồn trực tiếp: Hiệp định Genève 1954 quy định đình chỉ chiến sự và giới tuyến tạm thời | So sánh Đảng Cộng sản Việt Nam và Việt Minh",10.0,4.0,2.0,1.5,1.5,1.0,,False,10.0,,,
198,G5K_0198,comparison,,1,200,"Nếu phải nêu hai vế rõ ràng, Đội Việt Nam Tuyên truyền Giải phóng quân và Việt Minh nên trình bày thế nào?","Có thể trình bày rõ theo hai vế như sau: **Năm 1941, Việt Minh ra đời, tập hợp lực lượng giải phóng dân tộc; đến ngày 22/12/1944, Đội Việt Nam Tuyên truyền Giải phóng quân được thành lập, là một lực lượng vũ trang cách mạng quan trọng**. [1][4]","[1]: Đội Việt Nam Tuyên truyền Giải phóng quân thành lập ngày 22/12/1944 :: Chuẩn hóa theo canonical fact VIET_MINH_TO_VNTTGPQ_TIMELINE: Thứ tự cần nhớ: năm 1941 Việt Minh ra đời, tập hợp lực lượng giải phóng dân tộc; sau đó ngày 22/12/1944 Đội Việt Nam Tuyên truyền Giải phóng quân được thành lập, là lực lượng vũ trang cách mạng quan trọng.. [TITLE] Đội Việt Nam Tuyên truyền Giải phóng quân thành lập ngày 22/12/1944 [SUMMA... | [4]: Hội nghị Trung ương 8 năm 1941 và Việt Minh :: Hội nghị Trung ương 8 năm 1941 hoàn chỉnh chuyển hướng chiến lược, đặt giải phóng dân tộc lên hàng đầu và gắn với việc thành lập Việt Minh.","Đội Việt Nam Tuyên truyền Giải phóng quân thành lập ngày 22/12/1944 | So sánh Đảng Cộng sản Việt Nam và Việt Minh | Chiến thắng Phước Long cuối 1974 - đầu 1975 | Hội nghị Trung ương 8 năm 1941 và Việt Minh | Năm 1939, Chiến tranh thế giới thứ hai và chuyển hướng chiến lược",10.0,4.0,2.0,1.5,1.5,1.0,,False,10.0,,,
199,G5K_0199,comparison,,1,200,Phân biệt giúp tôi So sánh 30/4/1975 và 2/9/1945 ở điểm cốt lõi.,"Điểm cốt lõi là: **2/9/1945** là mốc **khai sinh nước Việt Nam Dân chủ Cộng hòa** sau khi tuyên bố độc lập, còn **30/4/1975** là mốc **kết thúc chiến tranh** khi Sài Gòn được giải phóng và chính quyền Sài Gòn đầu hàng, mở đường cho thống nhất đất nước. Nói ngắn gọn, một mốc là **ra đời nhà nước độc lập**, mốc kia là **khép lại chiến tranh**. [1][5]","[1]: Ý nghĩa Chiến dịch Hồ Chí Minh và Đại thắng mùa Xuân 1975 :: Chuẩn hóa theo canonical fact APR30_1975_VS_SEP2_1945: Ngày 2/9/1945 gắn với Tuyên ngôn Độc lập, khai sinh nước Việt Nam Dân chủ Cộng hòa; ngày 30/4/1975 gắn với giải phóng miền Nam, chính quyền Sài Gòn đầu hàng, kết thúc chiến tranh và mở đường cho thống nhất đất nước. Hai mốc khác ý nghĩa: một mốc khai sinh nhà nước độc lập, một mốc kết thúc chiế... | [5]: Nguồn trực tiếp: ngày 2/9/1945 là ngày tuyên bố độc lập :: Ngày 2/9/1945, Hồ Chí Minh đọc Tuyên ngôn Độc lập tại Quảng trường Ba Đình và tuyên bố thành lập nước Việt Nam Dân chủ Cộng hòa.","Ý nghĩa Chiến dịch Hồ Chí Minh và Đại thắng mùa Xuân 1975 | Năm 1945: Nhật đảo chính Pháp, Tổng khởi nghĩa và Tuyên ngôn Độc lập | Năm 1975: Tổng tiến công mùa Xuân và giải phóng miền Nam | Bối cảnh chính của Chiến dịch Hồ Chí Minh | Nguồn trực tiếp: ngày 2/9/1945 là ngày tuyên bố độc lập",10.0,4.0,2.0,1.5,1.5,1.0,,False,10.0,,,
200,G5K_0200,comparison,,1,200,"Nếu phải nêu hai vế rõ ràng, Cách mạng Tháng Tám và kháng chiến chống Pháp nên trình bày thế nào?","Cách mạng Tháng Tám 1945 là cuộc tổng khởi nghĩa giành chính quyền, dẫn tới nước Việt Nam Dân chủ Cộng hòa; kháng chiến chống Pháp là giai đoạn 1946-1954 chống thực dân Pháp, đi qua các mốc Toàn quốc kháng chiến, Biên giới 1950 và Điện Biên Phủ 1954 [1]","[1]: Timeline chuẩn hóa giai đoạn 1945-1954 :: Chuẩn hóa theo canonical fact CMT8_VS_ANTI_FRENCH_WAR: Cách mạng Tháng Tám 1945 là cuộc tổng khởi nghĩa giành chính quyền, dẫn tới nước Việt Nam Dân chủ Cộng hòa; kháng chiến chống Pháp là giai đoạn 1946-1954 chống thực dân Pháp, đi qua các mốc Toàn quốc kháng chiến, Biên giới 1950 và Điện Biên Phủ 1954.. [TITLE] Timeline chuẩn hóa giai đoạn 1945-1...",Timeline chuẩn hóa giai đoạn 1945-1954 | Đại hội II năm 1951 và Đảng Lao động Việt Nam | Chiến thắng Phước Long cuối 1974 - đầu 1975 | Ý nghĩa Cách mạng Tháng Tám 1945 | Lời kêu gọi thi đua ái quốc ngày 11/6/1948,10.0,4.0,2.0,1.5,1.5,1.0,,False,10.0,,,
201,G5K_0201,comparison,,1,200,"Nếu phải nêu hai vế rõ ràng, Phân biệt Tết Mậu Thân 1968 và Hiệp định Paris 1973 nên trình bày thế nào?","Có thể trình bày theo hai vế rõ ràng: **Tết Mậu Thân 1968** là cuộc tổng tiến công và nổi dậy trên nhiều đô thị miền Nam, tạo tác động chính trị lớn, làm thay đổi dư luận Mỹ và thúc đẩy đàm phán; còn **Hiệp định Paris 1973** là văn kiện ngoại giao ký ngày 27/1/1973 nhằm chấm dứt chiến tranh, lập lại hòa bình ở Việt Nam và gắn với việc **Mỹ rút quân** khỏi miền Nam Việt Nam. Hai mốc có liên hệ với nhau nhưng khác bản chất: một bên là sự kiện quân sự–chính trị, bên kia là kết quả ngoại giao. [1][2][4][5] Sau Paris 1973, Mỹ rút quân nhưng chiến tranh chưa kết thúc ngay, còn kéo dài đến 1975 [1]","[1]: Ý nghĩa Hiệp định Paris 1973 :: Chuẩn hóa theo canonical fact TET_MAU_THAN_VS_PARIS_1973: Tết Mậu Thân 1968 là cuộc tổng tiến công tạo tác động chính trị lớn, ảnh hưởng dư luận Mỹ và thúc đẩy đàm phán; Hiệp định Paris 1973 là văn kiện ngoại giao về chấm dứt chiến tranh, lập lại hòa bình và gắn với việc Mỹ rút quân. Hai mốc liên hệ nhưng khác bản chất.. [TITLE] Ý nghĩa Hiệp định P... | [2]: Năm 1968: Tổng tiến công và nổi dậy Tết Mậu Thân :: Năm 1968, Tổng tiến công và nổi dậy Tết Mậu Thân diễn ra trên nhiều đô thị miền Nam. | [4]: Bối cảnh chính của Hiệp định Paris 1973 :: Ngày 27/1/1973, Hiệp định Paris về chấm dứt chiến tranh, lập lại hòa bình ở Việt Nam được ký kết. | [5]: Nguồn trực tiếp: cục diện sau Hiệp định Paris :: Cục diện sau Paris: sau Hiệp định Paris 1973, Mỹ rút quân nhưng đấu tranh tại miền Nam vẫn tiếp tục trong bối cảnh mới.",Ý nghĩa Hiệp định Paris 1973 | Năm 1968: Tổng tiến công và nổi dậy Tết Mậu Thân | Năm 1974: chuyển biến trước Tổng tiến công 1975 và Phước Long | Bối cảnh chính của Hiệp định Paris 1973 | Nguồn trực tiếp: cục diện sau Hiệp định Paris,10.0,4.0,2.0,1.5,1.5,1.0,,False,10.0,,,
202,G5K_0202,comparison,,1,200,phan biet giup toi hoi nghi thanh lap dang 1930 voi hoi nghi trung uong 8 nam 1941?,"Hội nghị thành lập Đảng năm 1930 gắn với việc hợp nhất các tổ chức cộng sản để thành lập Đảng Cộng sản Việt Nam [1][5], còn Hội nghị Trung ương 8 năm 1941 thì hoàn chỉnh chuyển hướng chiến lược, đặt nhiệm vụ giải phóng dân tộc lên hàng đầu và quyết định thành lập Việt Minh để tập hợp lực lượng cứu quốc [1][3]. Nói ngắn gọn: năm 1930 là “thành lập Đảng”, còn năm 1941 là “thành lập Việt Minh” và chuyển trọng tâm sang giải phóng dân tộc.","[1]: So sánh Việt Minh và Đảng Cộng sản Việt Nam :: Chuẩn hóa theo canonical fact PARTY_FOUNDING_1930_VS_TW8_1941: Hội nghị thành lập Đảng đầu năm 1930 gắn với việc hợp nhất các tổ chức cộng sản và thành lập Đảng Cộng sản Việt Nam; Hội nghị Trung ương 8 năm 1941 đặt nhiệm vụ giải phóng dân tộc lên hàng đầu và gắn với việc thành lập Việt Minh.. [TITLE] So sánh Việt Minh và Đảng Cộng sản Việt Nam [SUM... | [3]: Hội nghị Trung ương 8 năm 1941 và Việt Minh :: Hội nghị Trung ương 8 năm 1941 hoàn chỉnh chuyển hướng chiến lược, đặt giải phóng dân tộc lên hàng đầu và gắn với việc thành lập Việt Minh. | [5]: Đảng Cộng sản Việt Nam thành lập năm 1930 :: Đảng Cộng sản Việt Nam ra đời đầu năm 1930 qua Hội nghị hợp nhất các tổ chức cộng sản do Nguyễn Ái Quốc chủ trì.",So sánh Việt Minh và Đảng Cộng sản Việt Nam | So sánh Hội nghị Trung ương 6 và Hội nghị Trung ương 8 | Hội nghị Trung ương 8 năm 1941 và Việt Minh | Đại hội I của Đảng năm 1935 | Đảng Cộng sản Việt Nam thành lập năm 1930,10.0,4.0,2.0,1.5,1.5,1.0,,False,10.0,,,
203,G5K_0203,comparison,,1,200,Điện Biên Phủ 1954 và Điện Biên Phủ trên không 1972 khác nhau ở những mốc và ý nghĩa nào?,"Điện Biên Phủ 1954 là chiến thắng chống Pháp ở Tây Bắc, kết thúc ngày 7/5/1954; còn Điện Biên Phủ trên không 1972 là thắng lợi chống Mỹ, đánh bại cuộc tập kích B-52 trong 12 ngày đêm Hà Nội - Hải Phòng [1] Điện Biên Phủ trên không 1972 đánh bại B-52 trong 12 ngày đêm, tạo sức ép quan trọng dẫn tới Paris 1973 [1]","[1]: Điện Biên Phủ trên không :: Chuẩn hóa theo canonical fact DBP_1954_VS_AIR_1972: Điện Biên Phủ 1954 là chiến thắng chống Pháp ở Tây Bắc, kết thúc ngày 7/5/1954; còn Điện Biên Phủ trên không 1972 là thắng lợi chống Mỹ, đánh bại cuộc tập kích B-52 trong 12 ngày đêm Hà Nội - Hải Phòng.. [TITLE] Điện Biên Phủ trên không - canonical answer evidence [SUMMARY] Cuối tháng 12/1972, quâ...","Điện Biên Phủ trên không | So sánh Điện Biên Phủ 1954 và Điện Biên Phủ trên không 1972 | Năm 1972: Tiến công chiến lược và Điện Biên Phủ trên không | Năm 1945: Nhật đảo chính Pháp, Tổng khởi nghĩa và Tuyên ngôn Độc lập | Năm 1974: chuyển biến trước Tổng tiến công 1975 và Phước Long",5.2,1.5,1.2,0.5,1.0,1.0,,False,9.0,1954 chống Pháp | 1972 chống Mỹ,,
204,G5K_0204,comparison,,1,200,phan biet giup toi xo viet nghe tinh voi cach mang thang tam?,"Xô viết Nghệ Tĩnh thuộc cao trào **1930-1931**, diễn ra chủ yếu ở Nghệ An – Hà Tĩnh, còn **Cách mạng Tháng Tám 1945** là cuộc **tổng khởi nghĩa giành chính quyền** trên cả nước. Hai sự kiện **khác thời điểm**, khác phạm vi và kết quả: Xô viết Nghệ Tĩnh là đỉnh cao đấu tranh quần chúng trong giai đoạn 1930-1931, còn Cách mạng Tháng Tám 1945 lật đổ ách thống trị cũ, giành chính quyền về tay nhân dân và dẫn tới sự ra đời của nước Việt Nam Dân chủ Cộng hòa. [1][2][3]","[1]: Xô viết Nghệ Tĩnh trong cao trào 1930-1931 :: Chuẩn hóa theo canonical fact XO_VIET_NGHE_TINH_VS_CMT8: Xô viết Nghệ Tĩnh thuộc cao trào 1930-1931, diễn ra mạnh ở Nghệ An - Hà Tĩnh với hình thức đấu tranh quần chúng chống chính quyền thực dân phong kiến; Cách mạng Tháng Tám 1945 là tổng khởi nghĩa giành chính quyền trên cả nước, dẫn tới sự ra đời của nước Việt Nam Dân chủ Cộng hòa. Hai sự kiện ... | [2]: So sánh Xô viết Nghệ Tĩnh và Cách mạng Tháng Tám 1945 :: Một bên là cao trào 1930-1931, một bên là tổng khởi nghĩa giành chính quyền năm 1945. Điểm cần phân biệt là phạm vi, thời điểm và vai trò của Xô viết Nghệ Tĩnh so với Cách mạng Tháng Tám 1945. Khi trả lời cần nêu rõ các từ khóa: Xô viết Nghệ Tĩnh; Cách mạng Tháng Tám. | [3]: Ý nghĩa Cách mạng Tháng Tám 1945 :: Cách mạng Tháng Tám 1945 lật đổ ách thống trị cũ, giành chính quyền về tay nhân dân và mở ra kỷ nguyên độc lập dân tộc.",Xô viết Nghệ Tĩnh trong cao trào 1930-1931 | So sánh Xô viết Nghệ Tĩnh và Cách mạng Tháng Tám 1945 | Ý nghĩa Cách mạng Tháng Tám 1945 | Chiến thắng Bình Giã 1964 | Phong trào dân chủ 1936-1939,9.7,4.0,2.0,1.5,1.2,1.0,,False,10.0,,,
205,G5K_0205,comparison,,1,200,"Nếu phải nêu hai vế rõ ràng, Phân biệt Buôn Ma Thuột và Huế năm 1975 nên trình bày thế nào?","Có thể trình bày rõ hai vế như sau: **Buôn Ma Thuột** là trận mở màn chiến dịch Tây Nguyên, diễn ra ngày **10/3/1975**, tạo đột phá cho Tổng tiến công mùa Xuân 1975; còn **Huế** là thành phố được giải phóng ngày **26/3/1975**, nằm trong đà phát triển nhanh của cuộc tiến công này. [2][4]","[2]: Ngày 10/3/1975 mở màn chiến dịch Tây Nguyên tại Buôn Ma Thuột :: Ngày 10/3/1975, trận Buôn Ma Thuột mở màn chiến dịch Tây Nguyên, tạo đột phá cho Tổng tiến công mùa Xuân 1975. | [4]: Huế được giải phóng ngày 26/3/1975 :: Ngày 26/3/1975, Huế được giải phóng trong diễn biến nhanh của Tổng tiến công mùa Xuân 1975.",Tổng hợp sự kiện nên học của năm 1975 | Ngày 10/3/1975 mở màn chiến dịch Tây Nguyên tại Buôn Ma Thuột | Chiến thắng Phước Long cuối 1974 - đầu 1975 | Huế được giải phóng ngày 26/3/1975 | Năm 1975: Tổng tiến công mùa Xuân và giải phóng miền Nam,10.0,4.0,2.0,1.5,1.5,1.0,,False,10.0,,,
206,G5K_0206,comparison,,1,200,"So sánh ngắn Chiến dịch Tây Nguyên và Chiến dịch Hồ Chí Minh, tránh nhầm hai vế.","**Tây Nguyên mở đầu** cho đòn đột phá chiến lược của Tổng tiến công mùa Xuân 1975, nổi bật với Buôn Ma Thuột; còn **Chiến dịch Hồ Chí Minh** là chiến dịch cuối cùng ở Sài Gòn, mang tính quyết định, kết thúc bằng thắng lợi **30/4/1975** khi Dinh Độc Lập bị chiếm và chính quyền Sài Gòn đầu hàng. [1][2] Chiến dịch Tây Nguyên 1975 mở đột phá chiến lược từ Buôn Ma Thuột ngày 10/3/1975, tạo đà tới Huế - Đà Nẵng [1]","[1]: Ý nghĩa Chiến dịch Hồ Chí Minh và Đại thắng mùa Xuân 1975 :: Chuẩn hóa theo canonical fact TAY_NGUYEN_VS_HCM_CAMPAIGN: Chiến dịch Tây Nguyên 1975 mở đầu đột phá chiến lược của Tổng tiến công mùa Xuân 1975, nổi bật với Buôn Ma Thuột; Chiến dịch Hồ Chí Minh là chiến dịch cuối cùng ở Sài Gòn, kết thúc bằng thắng lợi ngày 30/4/1975. Hai chiến dịch khác nhau về vị trí trong chuỗi tiến công.. [TITLE] Ý nghĩa Chiến... | [2]: Ngày 30/4/1975 - Dinh Độc Lập bị chiếm và chính quyền Sài Gòn đầu hàng :: Ngày 30/4/1975, quân giải phóng chiếm Dinh Độc Lập và buộc Tổng thống Dương Văn Minh tuyên bố đầu hàng không điều kiện. Mốc này báo hiệu toàn thắng của Chiến dịch Hồ Chí Minh và gắn với kết thúc thắng lợi cuộc kháng chiến chống Mỹ, cứu nước.",Ý nghĩa Chiến dịch Hồ Chí Minh và Đại thắng mùa Xuân 1975 | Ngày 30/4/1975 - Dinh Độc Lập bị chiếm và chính quyền Sài Gòn đầu hàng | Nguồn chứng minh 30/4/1975 là mốc kết thúc chiến tranh và thống nhất đất nước | So sánh Điện Biên Phủ 1954 và Chiến dịch Hồ Chí Minh 1975 | Trận Buôn Ma Thuột mở màn then chốt,9.75,4.0,2.0,1.5,1.25,1.0,,False,10.0,,,
207,G5K_0207,comparison,,1,200,"Nếu phải nêu hai vế rõ ràng, So sánh Xô viết Nghệ Tĩnh và Cách mạng Tháng Tám nên trình bày thế nào?","Nếu phải nêu hai vế rõ ràng, có thể trình bày: **Xô viết Nghệ Tĩnh** thuộc cao trào **1930-1931**, diễn ra chủ yếu ở Nghệ An - Hà Tĩnh, là đấu tranh quần chúng chống chính quyền thực dân phong kiến; còn **Cách mạng Tháng Tám 1945** là cuộc tổng khởi nghĩa **giành chính quyền** trên cả nước, đưa đến sự ra đời của nước Việt Nam Dân chủ Cộng hòa. Hai sự kiện **khác thời điểm** và khác về phạm vi, kết quả chính trị. [1][2][4]","[1]: Xô viết Nghệ Tĩnh trong cao trào 1930-1931 :: Chuẩn hóa theo canonical fact XO_VIET_NGHE_TINH_VS_CMT8: Xô viết Nghệ Tĩnh thuộc cao trào 1930-1931, diễn ra mạnh ở Nghệ An - Hà Tĩnh với hình thức đấu tranh quần chúng chống chính quyền thực dân phong kiến; Cách mạng Tháng Tám 1945 là tổng khởi nghĩa giành chính quyền trên cả nước, dẫn tới sự ra đời của nước Việt Nam Dân chủ Cộng hòa. Hai sự kiện ... | [2]: So sánh Xô viết Nghệ Tĩnh và Cách mạng Tháng Tám 1945 :: Một bên là cao trào 1930-1931, một bên là tổng khởi nghĩa giành chính quyền năm 1945. Điểm cần phân biệt là phạm vi, thời điểm và vai trò của Xô viết Nghệ Tĩnh so với Cách mạng Tháng Tám 1945. Khi trả lời cần nêu rõ các từ khóa: Xô viết Nghệ Tĩnh; Cách mạng Tháng Tám. | [4]: Ý nghĩa Cách mạng Tháng Tám 1945 :: Cách mạng Tháng Tám 1945 lật đổ ách thống trị cũ, giành chính quyền về tay nhân dân và mở ra kỷ nguyên độc lập dân tộc.","Xô viết Nghệ Tĩnh trong cao trào 1930-1931 | So sánh Xô viết Nghệ Tĩnh và Cách mạng Tháng Tám 1945 | Chiến thắng Phước Long cuối 1974 - đầu 1975 | Ý nghĩa Cách mạng Tháng Tám 1945 | Năm 1939, Chiến tranh thế giới thứ hai và chuyển hướng chiến lược",9.7,4.0,2.0,1.5,1.2,1.0,,False,10.0,,,
208,G5K_0208,comparison,,1,200,"So sánh ngắn Việt Minh và Mặt trận Dân tộc Giải phóng miền Nam, tránh nhầm hai vế.","Không nên nhầm: **Việt Minh 1941** là mặt trận ra đời ở bối cảnh chống phát xít, giải phóng dân tộc; còn **MTDTGPMN 1960** ra đời ngày **20/12/1960** để tập hợp lực lượng đấu tranh ở miền Nam. Hai tổ chức **khác bối cảnh** lịch sử, thời điểm thành lập và phạm vi nhiệm vụ. [2][4]","[2]: Mặt trận Dân tộc Giải phóng miền Nam Việt Nam ra đời ngày 20/12/1960 :: Ngày 20/12/1960, Mặt trận Dân tộc Giải phóng miền Nam Việt Nam ra đời, tập hợp lực lượng đấu tranh ở miền Nam. | [4]: Hội nghị Trung ương 8 năm 1941 và Việt Minh :: Hội nghị Trung ương 8 năm 1941 hoàn chỉnh chuyển hướng chiến lược, đặt giải phóng dân tộc lên hàng đầu và gắn với việc thành lập Việt Minh.",So sánh Việt Minh và Đảng Cộng sản Việt Nam | Mặt trận Dân tộc Giải phóng miền Nam Việt Nam ra đời ngày 20/12/1960 | Đồng Khởi là chuyển biến quan trọng ở miền Nam | Hội nghị Trung ương 8 năm 1941 và Việt Minh | Phong trào dân chủ 1936-1939,7.0,4.0,2.0,1.5,0.5,1.0,weak displayed citation support,False,9.5,,,
209,G5K_0209,comparison,,1,200,"So sánh ngắn Hội nghị thành lập Đảng 1930 và Hội nghị Trung ương 8 năm 1941, tránh nhầm hai vế.","Năm **1930**, Hội nghị thành lập Đảng gắn với việc hợp nhất các tổ chức cộng sản để thành lập **Đảng Cộng sản Việt Nam**; còn năm **1941**, Hội nghị Trung ương 8 xác định nhiệm vụ **giải phóng dân tộc** lên hàng đầu và gắn với việc thành lập **Việt Minh** để tập hợp lực lượng cứu nước. [1][3]","[1]: So sánh Việt Minh và Đảng Cộng sản Việt Nam :: Chuẩn hóa theo canonical fact PARTY_FOUNDING_1930_VS_TW8_1941: Hội nghị thành lập Đảng đầu năm 1930 gắn với việc hợp nhất các tổ chức cộng sản và thành lập Đảng Cộng sản Việt Nam; Hội nghị Trung ương 8 năm 1941 đặt nhiệm vụ giải phóng dân tộc lên hàng đầu và gắn với việc thành lập Việt Minh.. [TITLE] So sánh Việt Minh và Đảng Cộng sản Việt Nam [SUM... | [3]: Hội nghị Trung ương 8 năm 1941 và Việt Minh :: Hội nghị Trung ương 8 năm 1941 hoàn chỉnh chuyển hướng chiến lược, đặt giải phóng dân tộc lên hàng đầu và gắn với việc thành lập Việt Minh.",So sánh Việt Minh và Đảng Cộng sản Việt Nam | So sánh Hội nghị Trung ương 6 và Hội nghị Trung ương 8 | Hội nghị Trung ương 8 năm 1941 và Việt Minh | Đại hội I của Đảng năm 1935 | Đảng Cộng sản Việt Nam thành lập năm 1930,10.0,4.0,2.0,1.5,1.5,1.0,,False,10.0,,,
210,G5K_0210,comparison,,1,200,Phân biệt giúp tôi Hội nghị thành lập Đảng 1930 và Hội nghị Trung ương 8 năm 1941 ở điểm cốt lõi.,"Cốt lõi là: năm **1930** là **Hội nghị thành lập Đảng**, tức hội nghị hợp nhất các tổ chức cộng sản để thành lập **Đảng Cộng sản Việt Nam**; còn năm **1941** là **Hội nghị Trung ương 8**, nơi đặt nhiệm vụ **giải phóng dân tộc** lên hàng đầu và gắn với việc thành lập **Việt Minh** để tập hợp lực lượng cứu quốc. [1][3][5]","[1]: So sánh Việt Minh và Đảng Cộng sản Việt Nam :: Chuẩn hóa theo canonical fact PARTY_FOUNDING_1930_VS_TW8_1941: Hội nghị thành lập Đảng đầu năm 1930 gắn với việc hợp nhất các tổ chức cộng sản và thành lập Đảng Cộng sản Việt Nam; Hội nghị Trung ương 8 năm 1941 đặt nhiệm vụ giải phóng dân tộc lên hàng đầu và gắn với việc thành lập Việt Minh.. [TITLE] So sánh Việt Minh và Đảng Cộng sản Việt Nam [SUM... | [3]: Hội nghị Trung ương 8 năm 1941 và Việt Minh :: Hội nghị Trung ương 8 năm 1941 hoàn chỉnh chuyển hướng chiến lược, đặt giải phóng dân tộc lên hàng đầu và gắn với việc thành lập Việt Minh. | [5]: Đảng Cộng sản Việt Nam thành lập năm 1930 :: Đảng Cộng sản Việt Nam ra đời đầu năm 1930 qua Hội nghị hợp nhất các tổ chức cộng sản do Nguyễn Ái Quốc chủ trì.",So sánh Việt Minh và Đảng Cộng sản Việt Nam | So sánh Hội nghị Trung ương 6 và Hội nghị Trung ương 8 | Hội nghị Trung ương 8 năm 1941 và Việt Minh | Đại hội I của Đảng năm 1935 | Đảng Cộng sản Việt Nam thành lập năm 1930,10.0,4.0,2.0,1.5,1.5,1.0,,False,10.0,,,
211,G5K_0211,comparison,,1,200,Phân biệt Tết Mậu Thân 1968 và Hiệp định Paris 1973 khác nhau ở những mốc và ý nghĩa nào?,"Tết Mậu Thân **1968** là mốc của **Tổng tiến công và nổi dậy trên nhiều đô thị miền Nam**, có ý nghĩa **tác động mạnh về chính trị, làm chuyển biến cục diện và thúc đẩy đàm phán**; còn **Hiệp định Paris 1973** là mốc **27/1/1973**, khi hiệp định được ký, có ý nghĩa **chấm dứt chiến tranh, lập lại hòa bình ở Việt Nam và gắn với việc Mỹ rút quân khỏi miền Nam**, nhưng chiến tranh **chưa kết thúc ngay** sau đó. [1][2][3]","[1]: Timeline chuẩn hóa giai đoạn 1954-1975 :: Chuẩn hóa theo focus planner TET_1968_TO_PARIS_1973_FOCUSED_TIMELINE: Từ Tết Mậu Thân 1968 đến Paris 1973 nên nhớ tuyến chính: Tết Mậu Thân 1968 tạo tác động chính trị, thúc đẩy đàm phán; ngày 27/1/1973, Hiệp định Paris được ký, gắn với việc Mỹ rút quân nhưng chiến tranh chưa kết thúc ngay.. [TITLE] Timeline chuẩn hóa giai đoạn 1954-1975 [SUMMARY] ... | [2]: So sánh Hiệp định Genève 1954 và Hiệp định Paris 1973 :: Chuẩn hóa theo canonical fact PARIS_1973_US_WITHDRAWAL: Không. Sau Hiệp định Paris 1973, Mỹ rút quân khỏi miền Nam Việt Nam theo tiến trình thực hiện hiệp định; tuy vậy chiến tranh chưa kết thúc hoàn toàn ngay mà còn kéo dài đến thắng lợi năm 1975.. [TITLE] So sánh Hiệp định Genève 1954 và Hiệp định Paris 1973 [SUMMARY] Hiệp định Genève 1954 gắn vớ... | [3]: Năm 1968: Tổng tiến công và nổi dậy Tết Mậu Thân :: Năm 1968, Tổng tiến công và nổi dậy Tết Mậu Thân diễn ra trên nhiều đô thị miền Nam.",Timeline chuẩn hóa giai đoạn 1954-1975 | So sánh Hiệp định Genève 1954 và Hiệp định Paris 1973 | Năm 1968: Tổng tiến công và nổi dậy Tết Mậu Thân | Năm 1974: chuyển biến trước Tổng tiến công 1975 và Phước Long | Năm 1972: Tiến công chiến lược và Điện Biên Phủ trên không,10.0,4.0,2.0,1.5,1.5,1.0,,False,10.0,,,
212,G5K_0212,comparison,,1,502,"Nếu phải nêu hai vế rõ ràng, Nam Bộ kháng chiến và Toàn quốc kháng chiến nên trình bày thế nào?","9Router API mode trả về câu trả lời không đạt kiểm tra citation/context-only, nên hệ thống không hiển thị câu trả lời đó. Local no-cloud mode vẫn khả dụng.",,"Mốc ngày 19/12/1946 trong lịch sử Việt Nam 1945-1954 | Đấu tranh ngoại giao với Pháp trước 19/12/1946 | Toàn quốc kháng chiến bùng nổ | Hình thành đường lối kháng chiến toàn dân, toàn diện, lâu dài, tự lực cánh sinh | Công bố/lan truyền Lời kêu gọi Toàn quốc kháng chiến",2.0,0.0,0.5,0.0,0.0,0.5,HTTP/postcheck error; no usable final answer,True,,23/9/1945 | 19/12/1946 | khác nhau,,Answer was blocked by runtime/citation-context postcheck.
213,G5K_0213,comparison,,1,200,phan biet giup toi cach mang thang tam voi khang chien chong phap?,"Cách mạng Tháng Tám **1945** là cuộc tổng khởi nghĩa giành chính quyền, lật đổ ách thống trị cũ và mở ra kỷ nguyên độc lập dân tộc; còn kháng chiến **chống Pháp** là giai đoạn **1946-1954** của cuộc đấu tranh chống thực dân Pháp, từ Toàn quốc kháng chiến đến thắng lợi Điện Biên Phủ 1954. [1][3]","[1]: Timeline chuẩn hóa giai đoạn 1945-1954 :: Chuẩn hóa theo canonical fact CMT8_VS_ANTI_FRENCH_WAR: Cách mạng Tháng Tám 1945 là cuộc tổng khởi nghĩa giành chính quyền, dẫn tới nước Việt Nam Dân chủ Cộng hòa; kháng chiến chống Pháp là giai đoạn 1946-1954 chống thực dân Pháp, đi qua các mốc Toàn quốc kháng chiến, Biên giới 1950 và Điện Biên Phủ 1954.. [TITLE] Timeline chuẩn hóa giai đoạn 1945-1... | [3]: Ý nghĩa Cách mạng Tháng Tám 1945 :: Cách mạng Tháng Tám 1945 lật đổ ách thống trị cũ, giành chính quyền về tay nhân dân và mở ra kỷ nguyên độc lập dân tộc.",Timeline chuẩn hóa giai đoạn 1945-1954 | Đại hội II năm 1951 và Đảng Lao động Việt Nam | Ý nghĩa Cách mạng Tháng Tám 1945 | Lời kêu gọi thi đua ái quốc ngày 11/6/1948 | Cao trào kháng Nhật cứu nước năm 1945,10.0,4.0,2.0,1.5,1.5,1.0,,False,10.0,,,
214,G5K_0214,comparison,,1,200,Genève 1954 và Paris 1973 khác nhau ở những mốc và ý nghĩa nào?,"Genève 1954 là mốc lập lại hòa bình ở Đông Dương sau chiến tranh chống Pháp, quy định vĩ tuyến 17 là giới tuyến quân sự tạm thời; còn Paris 1973 là mốc chấm dứt chiến tranh, lập lại hòa bình ở Việt Nam và gắn với việc **Mỹ rút quân** khỏi miền Nam Việt Nam. Vì vậy, nếu Genève 1954 đánh dấu sự kết thúc cuộc chiến với Pháp thì Paris 1973 là bước ngoặt làm Mỹ rút khỏi cuộc chiến, nhưng **chiến tranh chưa kết thúc ngay** mà còn kéo dài đến thắng lợi **1975**. [1][2]","[1]: So sánh Hiệp định Genève 1954 và Hiệp định Paris 1973 :: Chuẩn hóa theo canonical fact PARIS_1973_US_WITHDRAWAL: Không. Sau Hiệp định Paris 1973, Mỹ rút quân khỏi miền Nam Việt Nam theo tiến trình thực hiện hiệp định; tuy vậy chiến tranh chưa kết thúc hoàn toàn ngay mà còn kéo dài đến thắng lợi năm 1975.. [TITLE] So sánh Hiệp định Genève 1954 và Hiệp định Paris 1973 [SUMMARY] Hiệp định Genève 1954 gắn vớ... | [2]: Phân biệt Hiệp định Genève 1954 và Hiệp định Paris 1973 :: Hiệp định Genève 1954 gắn với đình chỉ chiến sự ở Đông Dương sau kháng chiến chống Pháp; Hiệp định Paris 1973 gắn với chấm dứt chiến tranh, lập lại hòa bình ở Việt Nam và việc Mỹ rút quân.","So sánh Hiệp định Genève 1954 và Hiệp định Paris 1973 | Phân biệt Hiệp định Genève 1954 và Hiệp định Paris 1973 | So sánh Hiệp định Genève 1954 và Hiệp định Paris 1973 | Phân biệt Hiệp định Genève 1954 và Hiệp định Paris 1973 | Năm 1945: Nhật đảo chính Pháp, Tổng khởi nghĩa và Tuyên ngôn Độc lập",9.75,4.0,2.0,1.5,1.25,1.0,,False,10.0,,,
215,G5K_0215,comparison,,1,200,Phân biệt giúp tôi So sánh Hiệp định Sơ bộ và Toàn quốc kháng chiến ở điểm cốt lõi.,"Điểm cốt lõi là: **Hiệp định Sơ bộ 6/3/1946** là một bước **ngoại giao** và hòa hoãn tạm thời giữa Chính phủ Việt Nam Dân chủ Cộng hòa với Pháp, còn **19/12/1946 – Toàn quốc kháng chiến** là mốc chuyển sang **kháng chiến toàn quốc chống Pháp**; tức một bên là thỏa thuận ngoại giao, bên kia là bùng nổ chiến đấu. [1]","[1]: Năm 1946: Hiệp định Sơ bộ, Tạm ước và Toàn quốc kháng chiến :: Chuẩn hóa theo canonical fact HIEP_DINH_SO_BO_VS_TOAN_QUOC_1946: Hiệp định Sơ bộ 6/3/1946 là bước đấu tranh ngoại giao/hòa hoãn tạm thời giữa Chính phủ Việt Nam Dân chủ Cộng hòa và Pháp; Toàn quốc kháng chiến 19/12/1946 là mốc bùng nổ kháng chiến toàn quốc chống Pháp. Hai mốc khác nhau về tính chất: một là thỏa thuận ngoại giao, một là chuyển sang ...","Năm 1946: Hiệp định Sơ bộ, Tạm ước và Toàn quốc kháng chiến | Đấu tranh ngoại giao với Pháp trước 19/12/1946 | Toàn quốc kháng chiến bùng nổ | Hình thành đường lối kháng chiến toàn dân, toàn diện, lâu dài, tự lực cánh sinh | Công bố/lan truyền Lời kêu gọi Toàn quốc kháng chiến",10.0,4.0,2.0,1.5,1.5,1.0,,False,10.0,,,
216,G5K_0216,comparison,,1,200,"So sánh ngắn Đội Việt Nam Tuyên truyền Giải phóng quân và Việt Minh, tránh nhầm hai vế.","Đừng nhầm hai vế: **năm 1941**, **Việt Minh** ra đời, là mặt trận/tổ chức tập hợp lực lượng giải phóng dân tộc; còn **ngày 22/12/1944**, **Đội Việt Nam Tuyên truyền Giải phóng quân** mới được thành lập, là **lực lượng vũ trang** cách mạng quan trọng. [4][1]","[1]: Đội Việt Nam Tuyên truyền Giải phóng quân thành lập ngày 22/12/1944 :: Chuẩn hóa theo canonical fact VIET_MINH_TO_VNTTGPQ_TIMELINE: Thứ tự cần nhớ: năm 1941 Việt Minh ra đời, tập hợp lực lượng giải phóng dân tộc; sau đó ngày 22/12/1944 Đội Việt Nam Tuyên truyền Giải phóng quân được thành lập, là lực lượng vũ trang cách mạng quan trọng.. [TITLE] Đội Việt Nam Tuyên truyền Giải phóng quân thành lập ngày 22/12/1944 [SUMMA... | [4]: Hội nghị Trung ương 8 năm 1941 và Việt Minh :: Hội nghị Trung ương 8 năm 1941 hoàn chỉnh chuyển hướng chiến lược, đặt giải phóng dân tộc lên hàng đầu và gắn với việc thành lập Việt Minh.",Đội Việt Nam Tuyên truyền Giải phóng quân thành lập ngày 22/12/1944 | Việt Nam hóa chiến tranh giai đoạn 1969-1973 | Đường 9 trong Chiến dịch Đường 9 - Nam Lào năm 1971 | Hội nghị Trung ương 8 năm 1941 và Việt Minh | Xô viết Nghệ Tĩnh trong cao trào 1930-1931,10.0,4.0,2.0,1.5,1.5,1.0,,False,10.0,,,
217,G5K_0217,comparison,,1,200,"So sánh ngắn Hiến pháp 1946 và Tuyên ngôn Độc lập, tránh nhầm hai vế.","**Tuyên ngôn Độc lập** ngày **2/9/1945** là văn kiện tuyên bố nền độc lập, khai sinh nước Việt Nam Dân chủ Cộng hòa; còn **Hiến pháp 1946** là bản hiến pháp đầu tiên, được Quốc hội thông qua để đặt nền tảng thể chế cho nhà nước mới. Nói ngắn gọn: một bên là **tuyên bố thành lập nước**, một bên là **xây dựng khuôn khổ pháp lý cho nhà nước**. [1][3]","[1]: Timeline chuẩn hóa năm 1945 :: Chuẩn hóa theo canonical fact HIEN_PHAP_1946_VS_TUYEN_NGON: Tuyên ngôn Độc lập ngày 2/9/1945 là văn kiện tuyên bố độc lập, khai sinh nước Việt Nam Dân chủ Cộng hòa; Hiến pháp 1946 là bản hiến pháp đầu tiên, được Quốc hội thông qua để đặt nền tảng thể chế cho nhà nước mới.. [TITLE] Timeline chuẩn hóa năm 1945 [SUMMARY] Năm 1945 có các mốc chính: Nhậ... | [3]: Nguồn trực tiếp: ngày 2/9/1945 là ngày tuyên bố độc lập :: Ngày 2/9/1945, Hồ Chí Minh đọc Tuyên ngôn Độc lập tại Quảng trường Ba Đình và tuyên bố thành lập nước Việt Nam Dân chủ Cộng hòa.","Timeline chuẩn hóa năm 1945 | Năm 1945: Nhật đảo chính Pháp, Tổng khởi nghĩa và Tuyên ngôn Độc lập | Nguồn trực tiếp: ngày 2/9/1945 là ngày tuyên bố độc lập | Phân biệt Hiệp định Genève 1954 và Hiệp định Paris 1973 | Tuyên ngôn Độc lập ngày 2/9/1945",10.0,4.0,2.0,1.5,1.5,1.0,,False,10.0,,,
218,G5K_0218,comparison,,1,200,"Nếu phải nêu hai vế rõ ràng, So sánh Biên giới 1950 và Điện Biên Phủ 1954 nên trình bày thế nào?","Có thể trình bày hai vế rõ ràng như sau: **Biên giới Thu Đông 1950** thuộc **kháng chiến chống Pháp**, chủ yếu nhằm **khai thông biên giới**, mở rộng căn cứ và đưa kháng chiến sang thế chủ động hơn; còn **Điện Biên Phủ 1954** cũng thuộc **kháng chiến chống Pháp** nhưng là thắng lợi quyết định, kết thúc thắng lợi vào **7/5/1954** và tác động trực tiếp tới đàm phán Genève. Hai chiến dịch khác nhau về quy mô, thời điểm và ý nghĩa chiến lược. [1][4]","[1]: So sánh Chiến dịch Biên giới 1950 và Chiến dịch Điện Biên Phủ 1954 :: Chuẩn hóa theo canonical fact BIEN_GIOI_1950_VS_DBP_1954: Chiến dịch Biên giới Thu Đông 1950 thuộc kháng chiến chống Pháp, chủ yếu khai thông biên giới, mở rộng căn cứ và đưa kháng chiến sang thế chủ động hơn; Điện Biên Phủ 1954 cũng thuộc kháng chiến chống Pháp nhưng là chiến thắng quyết định, kết thúc thắng lợi ngày 7/5/1954 và tác động trực tiếp... | [4]: Chiến thắng Điện Biên Phủ - canonical answer evidence :: Ngày 7/5/1954, Chiến dịch Điện Biên Phủ kết thúc thắng lợi. Chiến thắng làm phá sản Kế hoạch Nava và tác động trực tiếp đến đàm phán Genève.",So sánh Chiến dịch Biên giới 1950 và Chiến dịch Điện Biên Phủ 1954 | Ý nghĩa Chiến thắng Điện Biên Phủ 1954 | So sánh Điện Biên Phủ 1954 và Chiến dịch Hồ Chí Minh 1975 | Chiến thắng Điện Biên Phủ - canonical answer evidence | Mốc ngày 7/5/1954 trong lịch sử Việt Nam 1945-1954,10.0,4.0,2.0,1.5,1.5,1.0,,False,10.0,,,
219,G5K_0219,comparison,,1,200,moc bien gioi 1950 khac dien bien phu 1954 o diem nao?,"Mốc Biên giới Thu Đông 1950 khác Điện Biên Phủ 1954 ở chỗ: chiến dịch Biên giới Thu Đông 1950 trong kháng chiến chống Pháp chủ yếu nhằm khai thông biên giới, mở rộng căn cứ và đưa cuộc kháng chiến sang thế chủ động hơn; còn Điện Biên Phủ 1954 là thắng lợi quyết định của kháng chiến chống Pháp, kết thúc thắng lợi ngày 7/5/1954 và tác động trực tiếp đến đàm phán Genève. Nói ngắn gọn, mốc 1950 là bước chuyển quan trọng, còn mốc 1954 là trận quyết định kết thúc cục diện chiến tranh. [1][4]","[1]: So sánh Chiến dịch Biên giới 1950 và Chiến dịch Điện Biên Phủ 1954 :: Chuẩn hóa theo canonical fact BIEN_GIOI_1950_VS_DBP_1954: Chiến dịch Biên giới Thu Đông 1950 thuộc kháng chiến chống Pháp, chủ yếu khai thông biên giới, mở rộng căn cứ và đưa kháng chiến sang thế chủ động hơn; Điện Biên Phủ 1954 cũng thuộc kháng chiến chống Pháp nhưng là chiến thắng quyết định, kết thúc thắng lợi ngày 7/5/1954 và tác động trực tiếp... | [4]: Chiến thắng Điện Biên Phủ - canonical answer evidence :: Ngày 7/5/1954, Chiến dịch Điện Biên Phủ kết thúc thắng lợi. Chiến thắng làm phá sản Kế hoạch Nava và tác động trực tiếp đến đàm phán Genève.",So sánh Chiến dịch Biên giới 1950 và Chiến dịch Điện Biên Phủ 1954 | Ý nghĩa Chiến thắng Điện Biên Phủ 1954 | So sánh Điện Biên Phủ 1954 và Chiến dịch Hồ Chí Minh 1975 | Chiến thắng Điện Biên Phủ - canonical answer evidence | Mốc ngày 7/5/1954 trong lịch sử Việt Nam 1945-1954,10.0,4.0,2.0,1.5,1.5,1.0,,False,10.0,,,
220,G5K_0220,comparison,,1,200,"Nếu phải nêu hai vế rõ ràng, Cương lĩnh chính trị đầu tiên và Luận cương chính trị tháng 10/1930 nên trình bày thế nào?","Có thể trình bày rõ hai vế như sau: **Cương lĩnh chính trị đầu tiên** (đầu năm 1930) gắn với **Nguyễn Ái Quốc**, nhấn mạnh **độc lập dân tộc** và đặt nền tảng đường lối cách mạng; còn **Luận cương chính trị tháng 10/1930** gắn với **Trần Phú**, là văn kiện tiếp tục định hướng đường lối của Đảng sau khi thành lập. [1]","[1]: Thông qua Luận cương chính trị tháng 10/1930 :: Chuẩn hóa theo canonical fact CUONG_LINH_VS_LUAN_CUONG_1930: Cương lĩnh chính trị đầu tiên đầu năm 1930 gắn với Nguyễn Ái Quốc và đặt nền tảng đường lối cách mạng, nhấn mạnh độc lập dân tộc; Luận cương chính trị tháng 10/1930 gắn với Trần Phú và là văn kiện tiếp tục định hướng đường lối của Đảng sau khi thành lập.. [TITLE] Thông qua Luận cương chín...",Thông qua Luận cương chính trị tháng 10/1930 | Năm 1930: Đảng Cộng sản Việt Nam ra đời và cao trào 1930-1931 | Ngày 10/3/1975 mở màn chiến dịch Tây Nguyên tại Buôn Ma Thuột | Đảng Cộng sản Việt Nam thành lập năm 1930 | So sánh Đảng Cộng sản Việt Nam và Việt Minh,10.0,4.0,2.0,1.5,1.5,1.0,,False,10.0,,,
221,G5K_0221,comparison,,1,200,chien dich tay nguyen va chien dich ho chi minh khac nhau o diem cot loi nao?,"Khác nhau cốt lõi là: **Tây Nguyên mở đầu** cho đột phá chiến lược của Tổng tiến công mùa Xuân 1975, với điểm nổi bật là Buôn Ma Thuột; còn **Chiến dịch Hồ Chí Minh** là chiến dịch cuối cùng ở Sài Gòn, mang tính quyết định, dẫn đến thắng lợi ngày **30/4/1975** và chấm dứt cuộc chiến ở miền Nam. [1][2] Chiến dịch Tây Nguyên 1975 mở đột phá chiến lược từ Buôn Ma Thuột ngày 10/3/1975, tạo đà tới Huế - Đà Nẵng [1]","[1]: Ý nghĩa Chiến dịch Hồ Chí Minh và Đại thắng mùa Xuân 1975 :: Chuẩn hóa theo canonical fact TAY_NGUYEN_VS_HCM_CAMPAIGN: Chiến dịch Tây Nguyên 1975 mở đầu đột phá chiến lược của Tổng tiến công mùa Xuân 1975, nổi bật với Buôn Ma Thuột; Chiến dịch Hồ Chí Minh là chiến dịch cuối cùng ở Sài Gòn, kết thúc bằng thắng lợi ngày 30/4/1975. Hai chiến dịch khác nhau về vị trí trong chuỗi tiến công.. [TITLE] Ý nghĩa Chiến... | [2]: Ngày 30/4/1975 - Dinh Độc Lập bị chiếm và chính quyền Sài Gòn đầu hàng :: Ngày 30/4/1975, quân giải phóng chiếm Dinh Độc Lập và buộc Tổng thống Dương Văn Minh tuyên bố đầu hàng không điều kiện. Mốc này báo hiệu toàn thắng của Chiến dịch Hồ Chí Minh và gắn với kết thúc thắng lợi cuộc kháng chiến chống Mỹ, cứu nước.",Ý nghĩa Chiến dịch Hồ Chí Minh và Đại thắng mùa Xuân 1975 | Ngày 30/4/1975 - Dinh Độc Lập bị chiếm và chính quyền Sài Gòn đầu hàng | Nguồn chứng minh 30/4/1975 là mốc kết thúc chiến tranh và thống nhất đất nước | So sánh Điện Biên Phủ 1954 và Chiến dịch Hồ Chí Minh 1975 | Trận Buôn Ma Thuột mở màn then chốt,9.75,4.0,2.0,1.5,1.25,1.0,,False,10.0,,,
222,G5K_0222,comparison,,1,200,Đội Việt Nam Tuyên truyền Giải phóng quân và Việt Minh khác nhau ở những mốc và ý nghĩa nào?,"Việt Minh là mặt trận chính trị ra đời năm **1941**, có ý nghĩa tập hợp lực lượng để **giải phóng dân tộc**, còn Đội Việt Nam Tuyên truyền Giải phóng quân thành lập ngày **22/12/1944** là **lực lượng vũ trang cách mạng**. Vì vậy, hai tổ chức khác nhau chủ yếu ở **mốc ra đời** và **tính chất, vai trò**: Việt Minh thiên về mặt trận đoàn kết chính trị, còn Đội Việt Nam Tuyên truyền Giải phóng quân là lực lượng quân sự trực tiếp đấu tranh. [1]",[1]: Đội Việt Nam Tuyên truyền Giải phóng quân thành lập ngày 22/12/1944 :: Chuẩn hóa theo canonical fact VNTTGPQ_VS_VIET_MINH: Việt Minh là mặt trận chính trị ra đời năm 1941 để tập hợp lực lượng giải phóng dân tộc; Đội Việt Nam Tuyên truyền Giải phóng quân thành lập ngày 22/12/1944 là lực lượng vũ trang cách mạng. Hai tổ chức khác nhau về tính chất và thời điểm.. [TITLE] Đội Việt Nam Tuyên truyền Giải phóng quân thành lậ...,Đội Việt Nam Tuyên truyền Giải phóng quân thành lập ngày 22/12/1944 | Việt Nam hóa chiến tranh giai đoạn 1969-1973 | Đường 9 trong Chiến dịch Đường 9 - Nam Lào năm 1971 | Mặt trận Dân tộc Giải phóng miền Nam Việt Nam ra đời ngày 20/12/1960 | Chiến thắng Phước Long cuối 1974 - đầu 1975,10.0,4.0,2.0,1.5,1.5,1.0,,False,10.0,,,
223,G5K_0223,comparison,,1,200,"So sánh ngắn Điện Biên Phủ 1954 và Điện Biên Phủ trên không 1972, tránh nhầm hai vế.","Điện Biên Phủ 1954 là chiến thắng chống Pháp ở Tây Bắc, kết thúc ngày 7/5/1954; còn Điện Biên Phủ trên không 1972 là thắng lợi chống Mỹ, đánh bại cuộc tập kích B-52 trong 12 ngày đêm Hà Nội - Hải Phòng [1] Điện Biên Phủ trên không 1972 đánh bại B-52 trong 12 ngày đêm, tạo sức ép quan trọng dẫn tới Paris 1973 [1]","[1]: Điện Biên Phủ trên không :: Chuẩn hóa theo canonical fact DBP_1954_VS_AIR_1972: Điện Biên Phủ 1954 là chiến thắng chống Pháp ở Tây Bắc, kết thúc ngày 7/5/1954; còn Điện Biên Phủ trên không 1972 là thắng lợi chống Mỹ, đánh bại cuộc tập kích B-52 trong 12 ngày đêm Hà Nội - Hải Phòng.. [TITLE] Điện Biên Phủ trên không - canonical answer evidence [SUMMARY] Cuối tháng 12/1972, quâ...",Điện Biên Phủ trên không | So sánh Điện Biên Phủ 1954 và Điện Biên Phủ trên không 1972 | Năm 1972: Tiến công chiến lược và Điện Biên Phủ trên không | Bối cảnh chính của Điện Biên Phủ trên không | Diễn biến chính thời kỳ 1945-1954,5.2,1.5,1.2,0.5,1.0,1.0,,False,9.0,1954 chống Pháp | 1972 chống Mỹ,,
224,G5K_0224,comparison,,1,200,"So sánh ngắn Hội nghị thành lập Đảng 1930 và Đại hội II 1951, tránh nhầm hai vế.","Hội nghị thành lập Đảng năm 1930 là mốc hợp nhất các tổ chức cộng sản để thành lập Đảng Cộng sản Việt Nam, còn Đại hội II năm 1951 diễn ra trong kháng chiến chống Pháp và quyết định đưa Đảng ra hoạt động công khai với tên Đảng Lao động Việt Nam; hai sự kiện khác nhau rõ về thời điểm, hoàn cảnh và vai trò. [1][3]","[1]: Đại hội đại biểu toàn quốc lần thứ II của Đảng :: Chuẩn hóa theo canonical fact PARTY_FOUNDING_1930_VS_CONGRESS_II_1951: Hội nghị thành lập Đảng đầu năm 1930 gắn với việc hợp nhất các tổ chức cộng sản và thành lập Đảng Cộng sản Việt Nam; Đại hội II năm 1951 diễn ra trong kháng chiến chống Pháp, quyết định đưa Đảng ra hoạt động công khai với tên Đảng Lao động Việt Nam. Hai mốc khác nhau về thời điể... | [3]: Đại hội II năm 1951 và Đảng Lao động Việt Nam :: Đại hội II năm 1951 quyết định đưa Đảng ra hoạt động công khai với tên Đảng Lao động Việt Nam.",Đại hội đại biểu toàn quốc lần thứ II của Đảng | So sánh Hội nghị Trung ương 6 và Hội nghị Trung ương 8 | Đại hội II năm 1951 và Đảng Lao động Việt Nam | Đại hội I của Đảng năm 1935 | Đảng Cộng sản Việt Nam thành lập năm 1930,10.0,4.0,2.0,1.5,1.5,1.0,,False,10.0,,,
225,G5K_0225,comparison,,1,200,Phân biệt giúp tôi So sánh Chiến dịch Tây Nguyên và Huế - Đà Nẵng năm 1975 ở điểm cốt lõi.,"Cốt lõi khác nhau là: **Tây Nguyên** là đòn mở đầu mang tính **đột phá chiến lược**, với **Buôn Ma Thuột** là trận then chốt mở màn ngày 10/3/1975; còn **Huế - Đà Nẵng** là hướng tiến công **phát triển tiếp theo** của Tổng tiến công mùa Xuân 1975, trong đó Huế được giải phóng ngày **26/3/1975**. Nói ngắn gọn, Tây Nguyên là “mở đường”, còn Huế - Đà Nẵng là “thừa thắng phát triển” trên đà tan rã của đối phương. [1][2][3]","[1]: Chiến dịch Tây Nguyên khác gì với Chiến dịch Huế–Đà Nẵng năm 1975 :: Chuẩn hóa theo canonical fact TAY_NGUYEN_VS_HUE_DA_NANG_1975: Chiến dịch Tây Nguyên là đòn mở đầu đột phá chiến lược của Tổng tiến công mùa Xuân 1975, nổi bật với Buôn Ma Thuột ngày 10/3/1975; Huế - Đà Nẵng là hướng tiến công phát triển sau đó, với Huế được giải phóng ngày 26/3/1975 và Đà Nẵng cuối tháng 3/1975. Không nên thay vế Huế - Đà Nẵng bằng... | [2]: Ngày 10/3/1975 mở màn chiến dịch Tây Nguyên tại Buôn Ma Thuột :: Ngày 10/3/1975, trận Buôn Ma Thuột mở màn chiến dịch Tây Nguyên, tạo đột phá cho Tổng tiến công mùa Xuân 1975. | [3]: Huế được giải phóng ngày 26/3/1975 :: Ngày 26/3/1975, Huế được giải phóng trong diễn biến nhanh của Tổng tiến công mùa Xuân 1975.",Chiến dịch Tây Nguyên khác gì với Chiến dịch Huế–Đà Nẵng năm 1975 | Ngày 10/3/1975 mở màn chiến dịch Tây Nguyên tại Buôn Ma Thuột | Huế được giải phóng ngày 26/3/1975 | Năm 1975: Tổng tiến công mùa Xuân và giải phóng miền Nam | Năm 1974: chuyển biến trước Tổng tiến công 1975 và Phước Long,10.0,4.0,2.0,1.5,1.5,1.0,,False,10.0,,,
226,G5K_0226,comparison,,1,200,Nam Bộ kháng chiến và Toàn quốc kháng chiến khác nhau ở những mốc và ý nghĩa nào?,"Nam Bộ kháng chiến bắt đầu ngày **23/9/1945** ở Sài Gòn - Nam Bộ khi Pháp trở lại xâm lược, còn **19/12/1946** là ngày **Toàn quốc kháng chiến** bùng nổ, mở đầu cuộc kháng chiến trên phạm vi cả nước chống Pháp; vì vậy, hai mốc **khác nhau** ở thời điểm và phạm vi: một bên là kháng chiến ở Nam Bộ trước, một bên là kháng chiến toàn quốc sau đó. [1]","[1]: Mốc ngày 19/12/1946 trong lịch sử Việt Nam 1945-1954 :: Chuẩn hóa theo canonical fact NAM_BO_VS_TOAN_QUOC_KHANG_CHIEN: Nam Bộ kháng chiến bắt đầu ngày 23/9/1945 ở Sài Gòn - Nam Bộ khi Pháp trở lại xâm lược; Toàn quốc kháng chiến bùng nổ ngày 19/12/1946, mở đầu cuộc kháng chiến toàn quốc chống Pháp. Hai mốc khác nhau về phạm vi và thời điểm.. [TITLE] Mốc ngày 19/12/1946 trong lịch sử Việt Nam 1945-1954 [...","Mốc ngày 19/12/1946 trong lịch sử Việt Nam 1945-1954 | Đấu tranh ngoại giao với Pháp trước 19/12/1946 | Toàn quốc kháng chiến bùng nổ | Hình thành đường lối kháng chiến toàn dân, toàn diện, lâu dài, tự lực cánh sinh | Công bố/lan truyền Lời kêu gọi Toàn quốc kháng chiến",10.0,4.0,2.0,1.5,1.5,1.0,,False,10.0,,,
227,G5K_0227,comparison,,1,200,"So sánh ngắn Cương lĩnh chính trị đầu tiên và Luận cương chính trị tháng 10/1930, tránh nhầm hai vế.","Cương lĩnh chính trị đầu tiên (đầu năm 1930) gắn với Nguyễn Ái Quốc, nhấn mạnh nhiệm vụ giải phóng dân tộc và đặt nền tảng đường lối cách mạng; còn Luận cương chính trị tháng 10/1930 gắn với Trần Phú, là văn kiện tiếp tục định hướng đường lối của Đảng sau khi thành lập, nên hai vế cần phân biệt rõ về thời điểm, tác giả và trọng tâm. [1][2]","[1]: Thông qua Luận cương chính trị tháng 10/1930 :: Chuẩn hóa theo canonical fact CUONG_LINH_VS_LUAN_CUONG_1930: Cương lĩnh chính trị đầu tiên đầu năm 1930 gắn với Nguyễn Ái Quốc và đặt nền tảng đường lối cách mạng, nhấn mạnh độc lập dân tộc; Luận cương chính trị tháng 10/1930 gắn với Trần Phú và là văn kiện tiếp tục định hướng đường lối của Đảng sau khi thành lập.. [TITLE] Thông qua Luận cương chín... | [2]: So sánh Cương lĩnh đầu tiên và Luận cương chính trị tháng 10/1930 :: Hai văn kiện chính trị đầu năm và tháng 10/1930. Điểm cần phân biệt là phạm vi, thời điểm và vai trò của Cương lĩnh đầu tiên so với Luận cương chính trị tháng 10/1930. Khi trả lời cần nêu rõ các từ khóa: Cương lĩnh; Luận cương; 1930.",Thông qua Luận cương chính trị tháng 10/1930 | So sánh Cương lĩnh đầu tiên và Luận cương chính trị tháng 10/1930 | Việt Nam hóa chiến tranh giai đoạn 1969-1973 | Xô viết Nghệ Tĩnh trong cao trào 1930-1931 | Năm 1930: Đảng Cộng sản Việt Nam ra đời và cao trào 1930-1931,10.0,4.0,2.0,1.5,1.5,1.0,,False,10.0,,,
228,G5K_0228,comparison,,1,200,dung nham doi viet nam tuyen truyen giai phong quan voi viet minh can nho gi?,"Bạn cần nhớ rằng **Việt Minh** là mặt trận chính trị ra đời năm **1941** để tập hợp lực lượng giải phóng dân tộc, còn **Đội Việt Nam Tuyên truyền Giải phóng quân** thành lập ngày **22/12/1944** là lực lượng vũ trang cách mạng; hai tổ chức khác nhau về tính chất và thời điểm. [1][5]",[1]: Đội Việt Nam Tuyên truyền Giải phóng quân thành lập ngày 22/12/1944 :: Chuẩn hóa theo canonical fact VNTTGPQ_VS_VIET_MINH: Việt Minh là mặt trận chính trị ra đời năm 1941 để tập hợp lực lượng giải phóng dân tộc; Đội Việt Nam Tuyên truyền Giải phóng quân thành lập ngày 22/12/1944 là lực lượng vũ trang cách mạng. Hai tổ chức khác nhau về tính chất và thời điểm.. [TITLE] Đội Việt Nam Tuyên truyền Giải phóng quân thành lậ... | [5]: Đội Việt Nam Tuyên truyền Giải phóng quân - canonical answer evidence :: Đội Việt Nam Tuyên truyền Giải phóng quân thành lập ngày 22/12/1944. Đội do Võ Nguyên Giáp tổ chức theo chỉ thị của Hồ Chí Minh.,Đội Việt Nam Tuyên truyền Giải phóng quân thành lập ngày 22/12/1944 | Việt Nam hóa chiến tranh giai đoạn 1969-1973 | Đường 9 trong Chiến dịch Đường 9 - Nam Lào năm 1971 | Hiệp định Genève 1954 - canonical answer evidence | Đội Việt Nam Tuyên truyền Giải phóng quân - canonical answer evidence,10.0,4.0,2.0,1.5,1.5,1.0,,False,10.0,,,
229,G5K_0229,comparison,,1,200,buon ma thuot va hue nam 1975 khac nhau the nao?,"Buôn Ma Thuột và Huế đều là những mốc lớn của năm 1975 nhưng khác nhau ở thời điểm và vai trò: Buôn Ma Thuột là mốc mở đầu thắng lợi nổi bật của Chiến dịch Tây Nguyên ngày 10/3/1975, còn Huế là mốc được giải phóng ngày 26/3/1975 trong đà phát triển nhanh của Tổng tiến công mùa Xuân 1975. Nói ngắn gọn, Buôn Ma Thuột là điểm mở đầu đột phá, còn Huế là thắng lợi tiếp nối sau đó. [1][2][4]","[1]: Tổng hợp sự kiện nên học của năm 1975 :: Chuẩn hóa theo canonical fact BUON_MA_THUOT_VS_HUE_1975: Buôn Ma Thuột là mốc mở đầu thắng lợi nổi bật của Chiến dịch Tây Nguyên ngày 10/3/1975; Huế là mốc được giải phóng ngày 26/3/1975 trong đà phát triển nhanh của Tổng tiến công mùa Xuân 1975. Hai mốc khác nhau về vị trí trong chuỗi tiến công.. [TITLE] Tổng hợp sự kiện nên học của năm 1975 [SUMM... | [2]: Ngày 10/3/1975 mở màn chiến dịch Tây Nguyên tại Buôn Ma Thuột :: Ngày 10/3/1975, trận Buôn Ma Thuột mở màn chiến dịch Tây Nguyên, tạo đột phá cho Tổng tiến công mùa Xuân 1975. | [4]: Huế được giải phóng ngày 26/3/1975 :: Ngày 26/3/1975, Huế được giải phóng trong diễn biến nhanh của Tổng tiến công mùa Xuân 1975.",Tổng hợp sự kiện nên học của năm 1975 | Ngày 10/3/1975 mở màn chiến dịch Tây Nguyên tại Buôn Ma Thuột | Chiến thắng Phước Long cuối 1974 - đầu 1975 | Huế được giải phóng ngày 26/3/1975 | Đồng Khởi là chuyển biến quan trọng ở miền Nam,10.0,4.0,2.0,1.5,1.5,1.0,,False,10.0,,,
230,G5K_0230,comparison,,1,200,so sanh viet bac 1947 voi bien gioi 1950?,"Việt Bắc Thu Đông 1947 diễn ra trước, nổi bật ở việc đánh bại chiến lược đánh nhanh thắng nhanh của Pháp và bảo vệ căn cứ địa Việt Bắc; Biên giới Thu Đông 1950 diễn ra sau, nổi bật ở việc khai thông biên giới, mở rộng căn cứ và đưa kháng chiến sang thế chủ động hơn. Đây là hai chiến dịch khác nhau về thời điểm, mục tiêu và tác động [1]","[1]: So sánh Chiến dịch Việt Bắc 1947 và Chiến dịch Biên giới 1950 :: Chuẩn hóa theo canonical fact VIET_BAC_1947_VS_BIEN_GIOI_1950: Việt Bắc Thu Đông 1947 diễn ra trước, nổi bật ở việc đánh bại chiến lược đánh nhanh thắng nhanh của Pháp và bảo vệ căn cứ địa Việt Bắc; Biên giới Thu Đông 1950 diễn ra sau, nổi bật ở việc khai thông biên giới, mở rộng căn cứ và đưa kháng chiến sang thế chủ động hơn. Đây là hai chiến dịc...",So sánh Chiến dịch Việt Bắc 1947 và Chiến dịch Biên giới 1950 | Đại hội II năm 1951 và Đảng Lao động Việt Nam | Diễn biến chính thời kỳ 1945-1954 | So sánh Điện Biên Phủ 1954 và Hiệp định Genève 1954 | Bình dân học vụ chống nạn mù chữ sau Cách mạng Tháng Tám,10.0,4.0,2.0,1.5,1.5,1.0,,False,10.0,,,
231,G5K_0231,comparison,,1,200,Việt Minh và Mặt trận Dân tộc Giải phóng miền Nam khác nhau ở những mốc và ý nghĩa nào?,"Không. Việt Minh ra đời năm 1941, không phải năm 1960; Mặt trận Dân tộc Giải phóng miền Nam (MTDTGPMN) ra đời ngày 20/12/1960, không phải năm 1941. Hai tổ chức khác bối cảnh lịch sử, thời điểm ra đời và phạm vi nhiệm vụ [1]","[1]: So sánh Việt Minh và Đảng Cộng sản Việt Nam :: Chuẩn hóa theo canonical fact VIET_MINH_VS_NLF: Không. Việt Minh ra đời năm 1941, không phải năm 1960; Mặt trận Dân tộc Giải phóng miền Nam (MTDTGPMN) ra đời ngày 20/12/1960, không phải năm 1941. Hai tổ chức khác bối cảnh lịch sử, thời điểm ra đời và phạm vi nhiệm vụ.. [TITLE] So sánh Việt Minh và Đảng Cộng sản Việt Nam [SUMMARY] Đảng Cộng sản Việt...",So sánh Việt Minh và Đảng Cộng sản Việt Nam | Mặt trận Dân tộc Giải phóng miền Nam Việt Nam ra đời ngày 20/12/1960 | Đồng Khởi là chuyển biến quan trọng ở miền Nam | Chiến thắng Phước Long cuối 1974 - đầu 1975 | Hội nghị Trung ương 8 năm 1941 và Việt Minh,7.7,2.8,2.0,0.9,1.0,1.0,,False,9.0,Việt Minh 1941 | MTDTGPMN 1960,,
232,G5K_0232,comparison,,1,200,mtdtgpmn ra doi nam 1941 la dung hay sai?,"Không. MTDTGPMN không ra đời năm 1941 mà là **MTDTGPMN 1960** (ngày **20/12/1960**); còn **Việt Minh 1941** là tổ chức khác, ra đời trong **khác bối cảnh** lịch sử. [1]","[1]: So sánh Việt Minh và Đảng Cộng sản Việt Nam :: Chuẩn hóa theo canonical fact VIET_MINH_VS_NLF: Không. Việt Minh ra đời năm 1941, không phải năm 1960; Mặt trận Dân tộc Giải phóng miền Nam (MTDTGPMN) ra đời ngày 20/12/1960, không phải năm 1941. Hai tổ chức khác bối cảnh lịch sử, thời điểm ra đời và phạm vi nhiệm vụ.. [TITLE] So sánh Việt Minh và Đảng Cộng sản Việt Nam [SUMMARY] Đảng Cộng sản Việt...",So sánh Việt Minh và Đảng Cộng sản Việt Nam | Hội nghị Trung ương 8 năm 1941 và Việt Minh | Năm 1930: Đảng Cộng sản Việt Nam ra đời và cao trào 1930-1931 | So sánh Đảng Cộng sản Việt Nam và Việt Minh | Việt Nam hóa chiến tranh giai đoạn 1969-1973,4.0,4.0,0.5,1.5,1.0,1.0,forbidden/wrong entity hit,True,10.0,,MTDTGPMN không ra đời năm 1941,
233,G5K_0233,comparison,,1,200,Phân biệt giúp tôi So sánh Đồng Khởi và Tết Mậu Thân 1968 ở điểm cốt lõi.,"Điểm cốt lõi để phân biệt là: **Đồng Khởi (1959-1960)** là bước chuyển quan trọng ở **miền Nam**, phá thế kìm kẹp ở nông thôn và đưa cách mạng miền Nam từ thế giữ gìn lực lượng sang thế tiến công; còn **Tết Mậu Thân 1968** là cuộc tổng tiến công và nổi dậy diễn ra năm **1968**, có **tác động chính trị** rất lớn, làm ảnh hưởng dư luận/chính trường Mỹ và thúc đẩy đàm phán. Vì vậy, hai sự kiện **khác thời điểm** và cũng khác về vai trò: Đồng Khởi thiên về chuyển biến thế lực cách mạng ở miền Nam, còn Mậu Thân nổi bật ở sức ép chính trị và ngoại giao. Tết Mậu Thân 1968 thúc đẩy cục diện đàm phán, mốc ngoại giao sau đó là Paris 1973; chiến tranh không kết thúc ngay [1]","[1]: So sánh Đồng Khởi và Tết Mậu Thân 1968 :: Chuẩn hóa theo canonical fact DONG_KHOI_VS_TET_1968: Đồng Khởi gắn với giai đoạn 1959-1960, phá thế kìm kẹp ở nông thôn miền Nam và chuyển cách mạng miền Nam sang thế tiến công; Tết Mậu Thân diễn ra năm 1968, tạo tác động chính trị lớn, ảnh hưởng dư luận/chính trường Mỹ và thúc đẩy đàm phán. Hai sự kiện khác thời điểm, bối cảnh và tác động.. [TITLE...",So sánh Đồng Khởi và Tết Mậu Thân 1968 | Đồng Khởi là chuyển biến quan trọng ở miền Nam | Năm 1968: Tổng tiến công và nổi dậy Tết Mậu Thân | Năm 1975: Tổng tiến công mùa Xuân và giải phóng miền Nam | Bối cảnh chính của Phong trào Đồng Khởi,10.0,4.0,2.0,1.5,1.5,1.0,,False,10.0,,,
234,G5K_0234,comparison,,1,200,Phân biệt giúp tôi Hội nghị thành lập Đảng 1930 và Đại hội II 1951 ở điểm cốt lõi.,"Điểm cốt lõi là: năm **1930**, Hội nghị thành lập Đảng là hội nghị **hợp nhất các tổ chức cộng sản** để thành lập **Đảng Cộng sản Việt Nam**; còn năm **1951**, Đại hội II diễn ra trong kháng chiến chống Pháp và quyết định đưa Đảng ra hoạt động công khai với tên **Đảng Lao động Việt Nam**. Nói ngắn gọn, **1930 là mốc ra đời**, còn **1951 là mốc đổi tên và công khai hóa tổ chức** của Đảng. [1][5]","[1]: Đại hội đại biểu toàn quốc lần thứ II của Đảng :: Chuẩn hóa theo canonical fact PARTY_FOUNDING_1930_VS_CONGRESS_II_1951: Hội nghị thành lập Đảng đầu năm 1930 gắn với việc hợp nhất các tổ chức cộng sản và thành lập Đảng Cộng sản Việt Nam; Đại hội II năm 1951 diễn ra trong kháng chiến chống Pháp, quyết định đưa Đảng ra hoạt động công khai với tên Đảng Lao động Việt Nam. Hai mốc khác nhau về thời điể... | [5]: Đảng Cộng sản Việt Nam thành lập năm 1930 :: Đảng Cộng sản Việt Nam ra đời đầu năm 1930 qua Hội nghị hợp nhất các tổ chức cộng sản do Nguyễn Ái Quốc chủ trì.",Đại hội đại biểu toàn quốc lần thứ II của Đảng | So sánh Hội nghị Trung ương 6 và Hội nghị Trung ương 8 | Đại hội II năm 1951 và Đảng Lao động Việt Nam | Đại hội I của Đảng năm 1935 | Đảng Cộng sản Việt Nam thành lập năm 1930,10.0,4.0,2.0,1.5,1.5,1.0,,False,10.0,,,
235,G5K_0235,comparison,,1,200,Phân biệt giúp tôi Nam Bộ kháng chiến và Toàn quốc kháng chiến ở điểm cốt lõi.,"Điểm cốt lõi là **khác nhau về thời điểm và phạm vi**: **Nam Bộ kháng chiến** nổ ra ngày **23/9/1945** ở **Sài Gòn - Nam Bộ** khi Pháp trở lại xâm lược, còn **Toàn quốc kháng chiến** bùng nổ ngày **19/12/1946**, mở đầu cuộc kháng chiến trên **phạm vi cả nước** chống Pháp. [1]","[1]: Mốc ngày 19/12/1946 trong lịch sử Việt Nam 1945-1954 :: Chuẩn hóa theo canonical fact NAM_BO_VS_TOAN_QUOC_KHANG_CHIEN: Nam Bộ kháng chiến bắt đầu ngày 23/9/1945 ở Sài Gòn - Nam Bộ khi Pháp trở lại xâm lược; Toàn quốc kháng chiến bùng nổ ngày 19/12/1946, mở đầu cuộc kháng chiến toàn quốc chống Pháp. Hai mốc khác nhau về phạm vi và thời điểm.. [TITLE] Mốc ngày 19/12/1946 trong lịch sử Việt Nam 1945-1954 [...","Mốc ngày 19/12/1946 trong lịch sử Việt Nam 1945-1954 | Đấu tranh ngoại giao với Pháp trước 19/12/1946 | Toàn quốc kháng chiến bùng nổ | Hình thành đường lối kháng chiến toàn dân, toàn diện, lâu dài, tự lực cánh sinh | Công bố/lan truyền Lời kêu gọi Toàn quốc kháng chiến",10.0,4.0,2.0,1.5,1.5,1.0,,False,10.0,,,
236,G5K_0236,comparison,,1,200,"So sánh ngắn So sánh Việt Bắc 1947 và Biên giới 1950, tránh nhầm hai vế.","Việt Bắc Thu Đông 1947 diễn ra trước, nhằm **bảo vệ căn cứ** địa Việt Bắc và làm thất bại chiến lược “đánh nhanh thắng nhanh” của Pháp; còn Biên giới Thu Đông 1950 diễn ra sau, nhằm **khai thông biên giới**, mở rộng căn cứ và đưa kháng chiến sang thế chủ động hơn. Hai chiến dịch khác nhau rõ về thời điểm, mục tiêu và tác động. [1]","[1]: So sánh Chiến dịch Việt Bắc 1947 và Chiến dịch Biên giới 1950 :: Chuẩn hóa theo canonical fact VIET_BAC_1947_VS_BIEN_GIOI_1950: Việt Bắc Thu Đông 1947 diễn ra trước, nổi bật ở việc đánh bại chiến lược đánh nhanh thắng nhanh của Pháp và bảo vệ căn cứ địa Việt Bắc; Biên giới Thu Đông 1950 diễn ra sau, nổi bật ở việc khai thông biên giới, mở rộng căn cứ và đưa kháng chiến sang thế chủ động hơn. Đây là hai chiến dịc...","So sánh Chiến dịch Việt Bắc 1947 và Chiến dịch Biên giới 1950 | Năm 1939, Chiến tranh thế giới thứ hai và chuyển hướng chiến lược | So sánh Đảng Cộng sản Việt Nam và Việt Minh | Diễn biến chính thời kỳ 1945-1954 | So sánh Điện Biên Phủ 1954 và Hiệp định Genève 1954",10.0,4.0,2.0,1.5,1.5,1.0,,False,10.0,,,
237,G5K_0237,comparison,,1,200,Phân biệt giúp tôi So sánh Xô viết Nghệ Tĩnh và Cách mạng Tháng Tám ở điểm cốt lõi.,"Cốt lõi là: **Xô viết Nghệ Tĩnh** thuộc cao trào **1930-1931**, là phong trào đấu tranh quần chúng mạnh ở Nghệ An - Hà Tĩnh; còn **Cách mạng Tháng Tám 1945** là **tổng khởi nghĩa giành chính quyền** trên cả nước, đưa đến sự ra đời của nước Việt Nam Dân chủ Cộng hòa. Vì vậy, hai sự kiện **khác thời điểm** và khác nhau về phạm vi, kết quả chính trị: một bên là cao trào đấu tranh 1930-1931, một bên là cuộc cách mạng giành chính quyền năm 1945. [1]","[1]: Xô viết Nghệ Tĩnh trong cao trào 1930-1931 :: Chuẩn hóa theo canonical fact XO_VIET_NGHE_TINH_VS_CMT8: Xô viết Nghệ Tĩnh thuộc cao trào 1930-1931, diễn ra mạnh ở Nghệ An - Hà Tĩnh với hình thức đấu tranh quần chúng chống chính quyền thực dân phong kiến; Cách mạng Tháng Tám 1945 là tổng khởi nghĩa giành chính quyền trên cả nước, dẫn tới sự ra đời của nước Việt Nam Dân chủ Cộng hòa. Hai sự kiện ...",Xô viết Nghệ Tĩnh trong cao trào 1930-1931 | So sánh Xô viết Nghệ Tĩnh và Cách mạng Tháng Tám 1945 | Ý nghĩa Cách mạng Tháng Tám 1945 | Chiến thắng Bình Giã 1964 | Phong trào dân chủ 1936-1939,9.7,4.0,2.0,1.5,1.2,1.0,,False,10.0,,,
238,G5K_0238,comparison,,1,200,"Nếu phải nêu hai vế rõ ràng, So sánh 30/4/1975 và 2/9/1945 nên trình bày thế nào?","Có thể trình bày theo hai vế rõ ràng như sau: **Ngày 2/9/1945** gắn với việc Hồ Chí Minh đọc Tuyên ngôn Độc lập, khai sinh nước **Việt Nam Dân chủ Cộng hòa**; còn **ngày 30/4/1975** gắn với giải phóng miền Nam, chính quyền Sài Gòn đầu hàng, **kết thúc chiến tranh** và mở đường cho thống nhất đất nước. Nói ngắn gọn, **2/9/1945 là mốc ra đời nhà nước độc lập, còn 30/4/1975 là mốc kết thúc chiến tranh và hoàn thành sự nghiệp thống nhất**. [1][4]","[1]: Ý nghĩa Chiến dịch Hồ Chí Minh và Đại thắng mùa Xuân 1975 :: Chuẩn hóa theo canonical fact APR30_1975_VS_SEP2_1945: Ngày 2/9/1945 gắn với Tuyên ngôn Độc lập, khai sinh nước Việt Nam Dân chủ Cộng hòa; ngày 30/4/1975 gắn với giải phóng miền Nam, chính quyền Sài Gòn đầu hàng, kết thúc chiến tranh và mở đường cho thống nhất đất nước. Hai mốc khác ý nghĩa: một mốc khai sinh nhà nước độc lập, một mốc kết thúc chiế... | [4]: Nguồn trực tiếp: ngày 2/9/1945 là ngày tuyên bố độc lập :: Ngày 2/9/1945, Hồ Chí Minh đọc Tuyên ngôn Độc lập tại Quảng trường Ba Đình và tuyên bố thành lập nước Việt Nam Dân chủ Cộng hòa.","Ý nghĩa Chiến dịch Hồ Chí Minh và Đại thắng mùa Xuân 1975 | Chiến thắng Phước Long cuối 1974 - đầu 1975 | Năm 1939, Chiến tranh thế giới thứ hai và chuyển hướng chiến lược | Nguồn trực tiếp: ngày 2/9/1945 là ngày tuyên bố độc lập | So sánh Đảng Cộng sản Việt Nam và Việt Minh",10.0,4.0,2.0,1.5,1.5,1.0,,False,10.0,,,
239,G5K_0239,comparison,,1,200,hien phap 1946 ra doi sau van kien doc lap nao?,"Hiến pháp 1946 ra đời sau **Tuyên ngôn Độc lập** ngày **2/9/1945**, văn kiện tuyên bố độc lập và khai sinh nước Việt Nam Dân chủ Cộng hòa. [1]","[1]: Timeline chuẩn hóa năm 1945 :: Chuẩn hóa theo canonical fact HIEN_PHAP_1946_VS_TUYEN_NGON: Tuyên ngôn Độc lập ngày 2/9/1945 là văn kiện tuyên bố độc lập, khai sinh nước Việt Nam Dân chủ Cộng hòa; Hiến pháp 1946 là bản hiến pháp đầu tiên, được Quốc hội thông qua để đặt nền tảng thể chế cho nhà nước mới.. [TITLE] Timeline chuẩn hóa năm 1945 [SUMMARY] Năm 1945 có các mốc chính: Nhậ...","Timeline chuẩn hóa năm 1945 | Ý nghĩa Cách mạng Tháng Tám 1945 | Tổng tuyển cử thống nhất dự kiến năm 1956 sau Hiệp định Genève | Năm 1945: Nhật đảo chính Pháp, Tổng khởi nghĩa và Tuyên ngôn Độc lập | Năm 1946: Hiệp định Sơ bộ, Tạm ước và Toàn quốc kháng chiến",10.0,4.0,2.0,1.5,1.5,1.0,,False,10.0,,,
240,G5K_0240,comparison,,1,200,So sánh Chiến dịch Tây Nguyên và Huế - Đà Nẵng năm 1975 khác nhau ở những mốc và ý nghĩa nào?,"Chiến dịch **Tây Nguyên** mở đầu **đột phá chiến lược** của Tổng tiến công mùa Xuân 1975, với mốc quyết định là **Buôn Ma Thuột** ngày **10/3/1975**; còn **Huế - Đà Nẵng** là giai đoạn thắng lợi tiếp nối rất nhanh sau đó, làm quân đối phương tan rã và mở đường trực tiếp դեպի **Sài Gòn**. Về ý nghĩa, Tây Nguyên có vai trò “mở màn” tạo đột phá, còn Huế - Đà Nẵng làm cục diện chiến trường sụp đổ nhanh hơn, để rồi đi tới thắng lợi cuối cùng ngày **30/4/1975** ở Sài Gòn. [1][3]","[1]: Ngày 10/3/1975 mở màn chiến dịch Tây Nguyên tại Buôn Ma Thuột :: Chuẩn hóa theo canonical fact TAY_NGUYEN_1975_BREAKTHROUGH: Chiến dịch Tây Nguyên 1975 mở đầu đột phá chiến lược của Tổng tiến công mùa Xuân 1975; thắng lợi ở Buôn Ma Thuột ngày 10/3/1975 tạo đà phát triển nhanh tới Huế - Đà Nẵng và cuối cùng tới Sài Gòn, kết thúc bằng mốc 30/4/1975 trong Chiến dịch Hồ Chí Minh.. [TITLE] Ngày 10/3/1975 mở màn chiến... | [3]: Ngày 30/4/1975 - Dinh Độc Lập bị chiếm và chính quyền Sài Gòn đầu hàng :: Ngày 30/4/1975, quân giải phóng chiếm Dinh Độc Lập và buộc Tổng thống Dương Văn Minh tuyên bố đầu hàng không điều kiện. Mốc này báo hiệu toàn thắng của Chiến dịch Hồ Chí Minh và gắn với kết thúc thắng lợi cuộc kháng chiến chống Mỹ, cứu nước.",Ngày 10/3/1975 mở màn chiến dịch Tây Nguyên tại Buôn Ma Thuột | Ý nghĩa Chiến dịch Hồ Chí Minh và Đại thắng mùa Xuân 1975 | Ngày 30/4/1975 - Dinh Độc Lập bị chiếm và chính quyền Sài Gòn đầu hàng | Nguồn chứng minh 30/4/1975 là mốc kết thúc chiến tranh và thống nhất đất nước | So sánh Điện Biên Phủ 1954 và Chiến dịch Hồ Chí Minh 1975,10.0,4.0,2.0,1.5,1.5,1.0,,False,10.0,,,
241,G5K_0241,comparison,,1,200,"So sánh ngắn Nam Bộ kháng chiến và Toàn quốc kháng chiến, tránh nhầm hai vế.","Nam Bộ kháng chiến bắt đầu ngày **23/9/1945** ở **Sài Gòn - Nam Bộ**; còn **Toàn quốc kháng chiến** bùng nổ ngày **19/12/1946** trên phạm vi cả nước. **Khác nhau** ở cả **thời điểm** lẫn **phạm vi**: một bên là kháng chiến ở Nam Bộ trước, một bên là kháng chiến toàn quốc sau. [1]","[1]: Mốc ngày 19/12/1946 trong lịch sử Việt Nam 1945-1954 :: Chuẩn hóa theo canonical fact NAM_BO_VS_TOAN_QUOC_KHANG_CHIEN: Nam Bộ kháng chiến bắt đầu ngày 23/9/1945 ở Sài Gòn - Nam Bộ khi Pháp trở lại xâm lược; Toàn quốc kháng chiến bùng nổ ngày 19/12/1946, mở đầu cuộc kháng chiến toàn quốc chống Pháp. Hai mốc khác nhau về phạm vi và thời điểm.. [TITLE] Mốc ngày 19/12/1946 trong lịch sử Việt Nam 1945-1954 [...","Mốc ngày 19/12/1946 trong lịch sử Việt Nam 1945-1954 | Đấu tranh ngoại giao với Pháp trước 19/12/1946 | Toàn quốc kháng chiến bùng nổ | Hình thành đường lối kháng chiến toàn dân, toàn diện, lâu dài, tự lực cánh sinh | Công bố/lan truyền Lời kêu gọi Toàn quốc kháng chiến",10.0,4.0,2.0,1.5,1.5,1.0,,False,10.0,,,
242,G5K_0242,comparison,,1,200,cuong linh dau nam 1930 va luan cuong thang 10/1930 khac nhau the nao?,"Cương lĩnh chính trị đầu năm 1930 và Luận cương chính trị tháng 10/1930 đều là văn kiện quan trọng của Đảng trong năm 1930, nhưng khác nhau ở chỗ: Cương lĩnh đầu tiên do Nguyễn Ái Quốc khởi thảo, đặt nền tảng đường lối cách mạng và nhấn mạnh nhiệm vụ độc lập dân tộc; còn Luận cương tháng 10/1930 do Trần Phú khởi thảo, tiếp tục định hướng đường lối của Đảng sau khi thành lập và nhấn mạnh vai trò lãnh đạo cách mạng của giai cấp công nhân [1][2].","[1]: Thông qua Luận cương chính trị tháng 10/1930 :: Chuẩn hóa theo canonical fact CUONG_LINH_VS_LUAN_CUONG_1930: Cương lĩnh chính trị đầu tiên đầu năm 1930 gắn với Nguyễn Ái Quốc và đặt nền tảng đường lối cách mạng, nhấn mạnh độc lập dân tộc; Luận cương chính trị tháng 10/1930 gắn với Trần Phú và là văn kiện tiếp tục định hướng đường lối của Đảng sau khi thành lập.. [TITLE] Thông qua Luận cương chín... | [2]: So sánh Cương lĩnh đầu tiên và Luận cương chính trị tháng 10/1930 :: Hai văn kiện chính trị đầu năm và tháng 10/1930. Điểm cần phân biệt là phạm vi, thời điểm và vai trò của Cương lĩnh đầu tiên so với Luận cương chính trị tháng 10/1930. Khi trả lời cần nêu rõ các từ khóa: Cương lĩnh; Luận cương; 1930.",Thông qua Luận cương chính trị tháng 10/1930 | So sánh Cương lĩnh đầu tiên và Luận cương chính trị tháng 10/1930 | Xô viết Nghệ Tĩnh trong cao trào 1930-1931 | Năm 1930: Đảng Cộng sản Việt Nam ra đời và cao trào 1930-1931 | Đảng Cộng sản Việt Nam thành lập năm 1930,10.0,4.0,2.0,1.5,1.5,1.0,,False,10.0,,,
243,G5K_0243,comparison,,1,200,Phân biệt giúp tôi Cách mạng Tháng Tám và kháng chiến chống Pháp ở điểm cốt lõi.,"Cốt lõi là: **Cách mạng Tháng Tám năm 1945** là cuộc **tổng khởi nghĩa giành chính quyền**, lật đổ ách thống trị cũ và mở ra nước Việt Nam Dân chủ Cộng hòa; còn **kháng chiến chống Pháp giai đoạn 1946-1954** là cuộc **đấu tranh quân sự - chính trị bảo vệ nền độc lập đó trước thực dân Pháp**, dẫn tới các mốc như Toàn quốc kháng chiến và Điện Biên Phủ. [1][3]","[1]: Timeline chuẩn hóa giai đoạn 1945-1954 :: Chuẩn hóa theo canonical fact CMT8_VS_ANTI_FRENCH_WAR: Cách mạng Tháng Tám 1945 là cuộc tổng khởi nghĩa giành chính quyền, dẫn tới nước Việt Nam Dân chủ Cộng hòa; kháng chiến chống Pháp là giai đoạn 1946-1954 chống thực dân Pháp, đi qua các mốc Toàn quốc kháng chiến, Biên giới 1950 và Điện Biên Phủ 1954.. [TITLE] Timeline chuẩn hóa giai đoạn 1945-1... | [3]: Ý nghĩa Cách mạng Tháng Tám 1945 :: Cách mạng Tháng Tám 1945 lật đổ ách thống trị cũ, giành chính quyền về tay nhân dân và mở ra kỷ nguyên độc lập dân tộc.",Timeline chuẩn hóa giai đoạn 1945-1954 | Đại hội II năm 1951 và Đảng Lao động Việt Nam | Ý nghĩa Cách mạng Tháng Tám 1945 | Lời kêu gọi thi đua ái quốc ngày 11/6/1948 | Cao trào kháng Nhật cứu nước năm 1945,10.0,4.0,2.0,1.5,1.5,1.0,,False,10.0,,,
244,G5K_0244,comparison,,1,200,Hiến pháp 1946 và Tuyên ngôn Độc lập khác nhau ở những mốc và ý nghĩa nào?,"Tuyên ngôn Độc lập gắn với mốc 2/9/1945, là văn kiện tuyên bố nền độc lập và khai sinh nước Việt Nam Dân chủ Cộng hòa; còn Hiến pháp 1946 là bản hiến pháp đầu tiên, thuộc mốc năm 1946, được Quốc hội thông qua để đặt nền tảng thể chế cho nhà nước mới. [1]","[1]: Timeline chuẩn hóa năm 1945 :: Chuẩn hóa theo canonical fact HIEN_PHAP_1946_VS_TUYEN_NGON: Tuyên ngôn Độc lập ngày 2/9/1945 là văn kiện tuyên bố độc lập, khai sinh nước Việt Nam Dân chủ Cộng hòa; Hiến pháp 1946 là bản hiến pháp đầu tiên, được Quốc hội thông qua để đặt nền tảng thể chế cho nhà nước mới.. [TITLE] Timeline chuẩn hóa năm 1945 [SUMMARY] Năm 1945 có các mốc chính: Nhậ...","Timeline chuẩn hóa năm 1945 | Ý nghĩa Cách mạng Tháng Tám 1945 | Năm 1945: Nhật đảo chính Pháp, Tổng khởi nghĩa và Tuyên ngôn Độc lập | Năm 1946: Hiệp định Sơ bộ, Tạm ước và Toàn quốc kháng chiến | Năm 1959: Đoàn 559 và đường Trường Sơn",10.0,4.0,2.0,1.5,1.5,1.0,,False,10.0,,,
245,G5K_0245,comparison,,1,200,"So sánh ngắn Genève 1954 và Paris 1973, tránh nhầm hai vế.","Genève 1954 và Paris 1973 là hai hiệp định khác nhau, không nên nhầm vế: **Genève 1954** gắn với kháng chiến chống Pháp, quy định **vĩ tuyến 17** là giới tuyến quân sự tạm thời; còn **Paris 1973** gắn với kháng chiến chống Mỹ, có nội dung chấm dứt chiến tranh, lập lại hòa bình và **Mỹ rút quân** khỏi miền Nam Việt Nam. [4] Sau Paris 1973, Mỹ rút quân nhưng chiến tranh chưa kết thúc ngay, còn kéo dài đến 1975 [1]","[1]: So sánh Điện Biên Phủ 1954 và Chiến dịch Hồ Chí Minh 1975 :: Chuẩn hóa theo canonical fact GENEVE_1954_VS_PARIS_1973: Đừng nhầm Genève 1954 với Paris 1973: Genève thuộc bối cảnh kháng chiến chống Pháp, gắn với vĩ tuyến 17 là giới tuyến quân sự tạm thời; Paris 1973 thuộc bối cảnh kháng chiến chống Mỹ, gắn với chấm dứt chiến tranh, lập lại hòa bình và việc Mỹ rút quân.. [TITLE] So sánh Điện Biên Phủ 1954 và Ch... | [4]: So sánh Hiệp định Genève 1954 và Hiệp định Paris 1973 :: Hiệp định Genève 1954 gắn với lập lại hòa bình ở Đông Dương sau chiến tranh chống Pháp và quy định vĩ tuyến 17 là giới tuyến quân sự tạm thời. Hiệp định Paris 1973 là hiệp định về chấm dứt chiến tranh, lập lại hòa bình ở Việt Nam và gắn với việc Mỹ rút quân khỏi miền Nam Việt Nam. Điểm giống nhau là đều là mốc ngoại giao lớn về hòa bình; điểm khác ...",So sánh Điện Biên Phủ 1954 và Chiến dịch Hồ Chí Minh 1975 | Phân biệt Hiệp định Genève 1954 và Hiệp định Paris 1973 | So sánh Hiệp định Genève 1954 và Hiệp định Paris 1973 | So sánh Hiệp định Genève 1954 và Hiệp định Paris 1973 | Phân biệt Hiệp định Genève 1954 và Hiệp định Paris 1973,10.0,4.0,2.0,1.5,1.5,1.0,,False,10.0,,,
246,G5K_0246,comparison,,1,200,"So sánh ngắn So sánh Chiến dịch Tây Nguyên và Huế - Đà Nẵng năm 1975, tránh nhầm hai vế.","Chiến dịch **Tây Nguyên** là đòn mở đầu của Tổng tiến công mùa Xuân 1975, nổi bật với **Buôn Ma Thuột** ngày 10/3/1975; còn **Huế - Đà Nẵng** là hướng tiến công phát triển sau đó, trong đó **Huế** được giải phóng ngày **26/3/1975** rồi Đà Nẵng cuối tháng 3/1975. Nói ngắn gọn, Tây Nguyên là bước đột phá mở màn, còn Huế - Đà Nẵng là thắng lợi tiếp nối, không nên nhầm hai vế với nhau. [1][2][3] Chiến dịch Tây Nguyên 1975 mở đột phá chiến lược từ Buôn Ma Thuột ngày 10/3/1975, tạo đà tới Huế - Đà Nẵng [1]","[1]: Chiến dịch Tây Nguyên khác gì với Chiến dịch Huế–Đà Nẵng năm 1975 :: Chuẩn hóa theo canonical fact TAY_NGUYEN_VS_HUE_DA_NANG_1975: Chiến dịch Tây Nguyên là đòn mở đầu đột phá chiến lược của Tổng tiến công mùa Xuân 1975, nổi bật với Buôn Ma Thuột ngày 10/3/1975; Huế - Đà Nẵng là hướng tiến công phát triển sau đó, với Huế được giải phóng ngày 26/3/1975 và Đà Nẵng cuối tháng 3/1975. Không nên thay vế Huế - Đà Nẵng bằng... | [2]: Huế được giải phóng ngày 26/3/1975 :: Ngày 26/3/1975, Huế được giải phóng trong diễn biến nhanh của Tổng tiến công mùa Xuân 1975. | [3]: Ngày 10/3/1975 mở màn chiến dịch Tây Nguyên tại Buôn Ma Thuột :: Ngày 10/3/1975, trận Buôn Ma Thuột mở màn chiến dịch Tây Nguyên, tạo đột phá cho Tổng tiến công mùa Xuân 1975.",Chiến dịch Tây Nguyên khác gì với Chiến dịch Huế–Đà Nẵng năm 1975 | Huế được giải phóng ngày 26/3/1975 | Ngày 10/3/1975 mở màn chiến dịch Tây Nguyên tại Buôn Ma Thuột | Năm 1975: Tổng tiến công mùa Xuân và giải phóng miền Nam | Năm 1974: chuyển biến trước Tổng tiến công 1975 và Phước Long,10.0,4.0,2.0,1.5,1.5,1.0,,False,10.0,,,
247,G5K_0247,comparison,,1,200,"Nếu phải nêu hai vế rõ ràng, So sánh Hiệp định Sơ bộ và Toàn quốc kháng chiến nên trình bày thế nào?","Nếu phải nêu hai vế rõ ràng, có thể trình bày: **Hiệp định Sơ bộ 6/3/1946** là bước **đấu tranh ngoại giao** và hòa hoãn tạm thời giữa Chính phủ Việt Nam Dân chủ Cộng hòa với Pháp, còn **Toàn quốc kháng chiến 19/12/1946** là mốc bùng nổ **kháng chiến toàn quốc** chống Pháp; tức là một bên là thỏa thuận ngoại giao, bên kia là chuyển sang chiến đấu toàn diện. [1]","[1]: Năm 1946: Hiệp định Sơ bộ, Tạm ước và Toàn quốc kháng chiến :: Chuẩn hóa theo canonical fact HIEP_DINH_SO_BO_VS_TOAN_QUOC_1946: Hiệp định Sơ bộ 6/3/1946 là bước đấu tranh ngoại giao/hòa hoãn tạm thời giữa Chính phủ Việt Nam Dân chủ Cộng hòa và Pháp; Toàn quốc kháng chiến 19/12/1946 là mốc bùng nổ kháng chiến toàn quốc chống Pháp. Hai mốc khác nhau về tính chất: một là thỏa thuận ngoại giao, một là chuyển sang ...","Năm 1946: Hiệp định Sơ bộ, Tạm ước và Toàn quốc kháng chiến | Đấu tranh ngoại giao với Pháp trước 19/12/1946 | Toàn quốc kháng chiến bùng nổ | Hình thành đường lối kháng chiến toàn dân, toàn diện, lâu dài, tự lực cánh sinh | Công bố/lan truyền Lời kêu gọi Toàn quốc kháng chiến",10.0,4.0,2.0,1.5,1.5,1.0,,False,10.0,,,
248,G5K_0248,comparison,,1,200,Phân biệt giúp tôi Phân biệt Tết Mậu Thân 1968 và Hiệp định Paris 1973 ở điểm cốt lõi.,"Cốt lõi là: **Tết Mậu Thân 1968** là một cuộc **tổng tiến công và nổi dậy** trên nhiều đô thị miền Nam, tạo tác động chính trị lớn và thúc đẩy đàm phán; còn **Hiệp định Paris 1973** là một **văn kiện ngoại giao** được ký để **chấm dứt chiến tranh, lập lại hòa bình ở Việt Nam**, trong đó gắn với việc **Mỹ rút quân** khỏi miền Nam Việt Nam. Hai mốc liên hệ với nhau nhưng khác nhau về bản chất: một bên là sự kiện quân sự–chính trị, một bên là thỏa thuận ngoại giao. [2][4][1] Sau Paris 1973, Mỹ rút quân nhưng chiến tranh chưa kết thúc ngay, còn kéo dài đến 1975 [1]","[1]: Ý nghĩa Hiệp định Paris 1973 :: Chuẩn hóa theo canonical fact TET_MAU_THAN_VS_PARIS_1973: Tết Mậu Thân 1968 là cuộc tổng tiến công tạo tác động chính trị lớn, ảnh hưởng dư luận Mỹ và thúc đẩy đàm phán; Hiệp định Paris 1973 là văn kiện ngoại giao về chấm dứt chiến tranh, lập lại hòa bình và gắn với việc Mỹ rút quân. Hai mốc liên hệ nhưng khác bản chất.. [TITLE] Ý nghĩa Hiệp định P... | [2]: Năm 1968: Tổng tiến công và nổi dậy Tết Mậu Thân :: Năm 1968, Tổng tiến công và nổi dậy Tết Mậu Thân diễn ra trên nhiều đô thị miền Nam. | [4]: Bối cảnh chính của Hiệp định Paris 1973 :: Ngày 27/1/1973, Hiệp định Paris về chấm dứt chiến tranh, lập lại hòa bình ở Việt Nam được ký kết.",Ý nghĩa Hiệp định Paris 1973 | Năm 1968: Tổng tiến công và nổi dậy Tết Mậu Thân | Năm 1974: chuyển biến trước Tổng tiến công 1975 và Phước Long | Bối cảnh chính của Hiệp định Paris 1973 | Chiến tranh đặc biệt ở miền Nam giai đoạn 1961-1965,10.0,4.0,2.0,1.5,1.5,1.0,,False,10.0,,,
249,G5K_0249,comparison,,1,200,Phân biệt giúp tôi Điện Biên Phủ 1954 và Điện Biên Phủ trên không 1972 ở điểm cốt lõi.,"Cốt lõi là: Điện Biên Phủ 1954 là chiến thắng **1954 chống Pháp**, còn Điện Biên Phủ trên không 1972 là chiến thắng **1972 chống Mỹ**, khi quân dân miền Bắc đánh bại cuộc tập kích chiến lược bằng **B-52** vào Hà Nội - Hải Phòng. [1] Điện Biên Phủ trên không 1972 đánh bại B-52 trong 12 ngày đêm, tạo sức ép quan trọng dẫn tới Paris 1973 [1]","[1]: Điện Biên Phủ trên không :: Chuẩn hóa theo canonical fact DBP_1954_VS_AIR_1972: Điện Biên Phủ 1954 là chiến thắng chống Pháp ở Tây Bắc, kết thúc ngày 7/5/1954; còn Điện Biên Phủ trên không 1972 là thắng lợi chống Mỹ, đánh bại cuộc tập kích B-52 trong 12 ngày đêm Hà Nội - Hải Phòng.. [TITLE] Điện Biên Phủ trên không - canonical answer evidence [SUMMARY] Cuối tháng 12/1972, quâ...",Điện Biên Phủ trên không | So sánh Điện Biên Phủ 1954 và Điện Biên Phủ trên không 1972 | Năm 1972: Tiến công chiến lược và Điện Biên Phủ trên không | Bối cảnh chính của Điện Biên Phủ trên không | Diễn biến chính thời kỳ 1945-1954,9.5,4.0,2.0,1.5,1.0,1.0,,False,10.0,,,
250,G5K_0250,comparison,,1,200,Phân biệt giúp tôi Chiến dịch Tây Nguyên và Chiến dịch Hồ Chí Minh ở điểm cốt lõi.,"Điểm cốt lõi là: **Tây Nguyên mở đầu** cho đột phá chiến lược của Tổng tiến công mùa Xuân 1975, với điểm nổi bật là Buôn Ma Thuột; còn **Chiến dịch Hồ Chí Minh** là chiến dịch cuối cùng, tiến công vào Sài Gòn và kết thúc bằng thắng lợi ngày **30/4/1975**. Nói ngắn gọn, chiến dịch Tây Nguyên là bước mở màn, còn Chiến dịch Hồ Chí Minh là đòn quyết định chốt hạ toàn bộ cuộc tổng tiến công. [1][2] Chiến dịch Tây Nguyên 1975 mở đột phá chiến lược từ Buôn Ma Thuột ngày 10/3/1975, tạo đà tới Huế - Đà Nẵng [1]","[1]: Ý nghĩa Chiến dịch Hồ Chí Minh và Đại thắng mùa Xuân 1975 :: Chuẩn hóa theo canonical fact TAY_NGUYEN_VS_HCM_CAMPAIGN: Chiến dịch Tây Nguyên 1975 mở đầu đột phá chiến lược của Tổng tiến công mùa Xuân 1975, nổi bật với Buôn Ma Thuột; Chiến dịch Hồ Chí Minh là chiến dịch cuối cùng ở Sài Gòn, kết thúc bằng thắng lợi ngày 30/4/1975. Hai chiến dịch khác nhau về vị trí trong chuỗi tiến công.. [TITLE] Ý nghĩa Chiến... | [2]: Ngày 30/4/1975 - Dinh Độc Lập bị chiếm và chính quyền Sài Gòn đầu hàng :: Ngày 30/4/1975, quân giải phóng chiếm Dinh Độc Lập và buộc Tổng thống Dương Văn Minh tuyên bố đầu hàng không điều kiện. Mốc này báo hiệu toàn thắng của Chiến dịch Hồ Chí Minh và gắn với kết thúc thắng lợi cuộc kháng chiến chống Mỹ, cứu nước.",Ý nghĩa Chiến dịch Hồ Chí Minh và Đại thắng mùa Xuân 1975 | Ngày 30/4/1975 - Dinh Độc Lập bị chiếm và chính quyền Sài Gòn đầu hàng | Nguồn chứng minh 30/4/1975 là mốc kết thúc chiến tranh và thống nhất đất nước | So sánh Điện Biên Phủ 1954 và Chiến dịch Hồ Chí Minh 1975 | Trận Buôn Ma Thuột mở màn then chốt,9.75,4.0,2.0,1.5,1.25,1.0,,False,10.0,,,
251,G5K_0251,misconception_correction,,1,200,ke theo thu tu thoi gian tet mau than den paris?,"Theo thứ tự thời gian trong giai đoạn 1968 → 1973: năm 1968 diễn ra Tổng tiến công và nổi dậy Tết Mậu Thân trên nhiều đô thị miền Nam, sự kiện này tạo tác động chính trị và thúc đẩy đàm phán; đến ngày 27/1/1973, Hiệp định Paris được ký, đánh dấu việc Mỹ rút quân khỏi miền Nam Việt Nam. [2][4][1]","[1]: Timeline chuẩn hóa giai đoạn 1954-1975 :: Chuẩn hóa theo focus planner TET_1968_TO_PARIS_1973_FOCUSED_TIMELINE: Từ Tết Mậu Thân 1968 đến Paris 1973 nên nhớ tuyến chính: Tết Mậu Thân 1968 tạo tác động chính trị, thúc đẩy đàm phán; ngày 27/1/1973, Hiệp định Paris được ký, gắn với việc Mỹ rút quân nhưng chiến tranh chưa kết thúc ngay.. [TITLE] Timeline chuẩn hóa giai đoạn 1954-1975 [SUMMARY] ... | [2]: Năm 1968: Tổng tiến công và nổi dậy Tết Mậu Thân :: Năm 1968, Tổng tiến công và nổi dậy Tết Mậu Thân diễn ra trên nhiều đô thị miền Nam. | [4]: So sánh Hiệp định Genève 1954 và Hiệp định Paris 1973 :: Hiệp định Genève 1954 gắn với lập lại hòa bình ở Đông Dương sau chiến tranh chống Pháp và quy định vĩ tuyến 17 là giới tuyến quân sự tạm thời. Hiệp định Paris 1973 là hiệp định về chấm dứt chiến tranh, lập lại hòa bình ở Việt Nam và gắn với việc Mỹ rút quân khỏi miền Nam Việt Nam. Điểm giống nhau là đều là mốc ngoại giao lớn về hòa bình; điểm khác ...",Timeline chuẩn hóa giai đoạn 1954-1975 | Năm 1968: Tổng tiến công và nổi dậy Tết Mậu Thân | So sánh Hiệp định Genève 1954 và Hiệp định Paris 1973 | So sánh Hiệp định Genève 1954 và Hiệp định Paris 1973 | So sánh Đồng Khởi và Tết Mậu Thân 1968,6.75,2.8,1.2,0.75,1.0,1.0,,False,9.0,1960 | 1972,,
252,G5K_0252,misconception_correction,,1,200,Có đúng không khi nói biên giới quốc gia vĩnh viễn? Hãy sửa lại cho chuẩn.,"Mình chưa có đủ căn cứ từ DRAFT và EVIDENCE để xác nhận hay sửa chính xác cụm “biên giới quốc gia vĩnh viễn”. Nếu bạn muốn, hãy gửi thêm câu đầy đủ hoặc ngữ cảnh, mình sẽ giúp chỉnh lại cho chuẩn.",,Việt Nam hóa chiến tranh giai đoạn 1969-1973 | Lời kêu gọi thi đua ái quốc ngày 11/6/1948 | Năm 1974: chuyển biến trước Tổng tiến công 1975 và Phước Long | Năm 1959: Đoàn 559 và đường Trường Sơn | Diễn biến chính thời kỳ 1945-1954,1.5,0.0,0.5,0.0,0.0,1.0,no expected factual slot found; missing citation,True,2.5,vĩ tuyến 17 | giới tuyến quân sự tạm thời | không phải biên giới vĩnh viễn | kết thúc chiến tranh | tổng tuyển cử,biên giới quốc gia vĩnh viễn,
253,G5K_0253,misconception_correction,,1,200,Có đúng không khi nói Toàn quốc kháng chiến 19/12/1946? Hãy sửa lại cho chuẩn.,"Đúng, nhưng nên viết chuẩn là: **“Toàn quốc kháng chiến bùng nổ ngày 19/12/1946, mở đầu cuộc kháng chiến toàn quốc chống thực dân Pháp.”** [1]","[1]: Toàn quốc kháng chiến :: Chuẩn hóa theo canonical fact TOAN_QUOC_KHANG_CHIEN_1946_START_DATE: Toàn quốc kháng chiến bùng nổ ngày 19/12/1946, mở đầu cuộc kháng chiến toàn quốc chống thực dân Pháp.. [TITLE] Toàn quốc kháng chiến - canonical answer evidence [SUMMARY] Ngày 19/12/1946, cuộc Toàn quốc kháng chiến chống thực dân Pháp bùng nổ. Lời kêu gọi Toàn quốc kháng chiến của...","Toàn quốc kháng chiến | Đấu tranh ngoại giao với Pháp trước 19/12/1946 | Toàn quốc kháng chiến bùng nổ | Hình thành đường lối kháng chiến toàn dân, toàn diện, lâu dài, tự lực cánh sinh | Công bố/lan truyền Lời kêu gọi Toàn quốc kháng chiến",5.2,1.5,1.2,0.5,1.0,1.0,,False,9.0,Nam Bộ kháng chiến | thực dân Pháp trở lại,,
254,G5K_0254,misconception_correction,,1,200,buon ma thuot va hue duoc giai phong khac nhau o diem cot loi nao?,"Khác nhau cốt lõi là: **Buôn Ma Thuột** được giải phóng trước, ngày **10/3/1975**, và là trận mở màn của Chiến dịch Tây Nguyên, tạo đột phá cho cục diện chiến tranh; còn **Huế** được giải phóng ngày **26/3/1975**, muộn hơn, trong đà phát triển nhanh của Tổng tiến công mùa Xuân 1975. [3] [2]","[2]: Huế được giải phóng ngày 26/3/1975 :: Ngày 26/3/1975, Huế được giải phóng trong diễn biến nhanh của Tổng tiến công mùa Xuân 1975. | [3]: Ngày 10/3/1975 mở màn chiến dịch Tây Nguyên tại Buôn Ma Thuột :: Ngày 10/3/1975, trận Buôn Ma Thuột mở màn chiến dịch Tây Nguyên, tạo đột phá cho Tổng tiến công mùa Xuân 1975.",Tổng hợp sự kiện nên học của năm 1975 | Huế được giải phóng ngày 26/3/1975 | Ngày 10/3/1975 mở màn chiến dịch Tây Nguyên tại Buôn Ma Thuột | Đại hội I của Đảng năm 1935 | Năm 1975: Tổng tiến công mùa Xuân và giải phóng miền Nam,10.0,4.0,2.0,1.5,1.5,1.0,,False,10.0,,,
255,G5K_0255,misconception_correction,,1,200,"Nếu người học nhầm về Đội Việt Nam Tuyên truyền Giải phóng quân và Việt Minh, cần đính chính mốc/sự kiện nào?","Không. Cần đính chính theo mốc đúng là: **năm 1941** gắn với sự ra đời của **Việt Minh**, còn **22/12/1944** là ngày thành lập **Đội Việt Nam Tuyên truyền Giải phóng quân** — một **lực lượng vũ trang** cách mạng quan trọng. [1][2]","[1]: Đội Việt Nam Tuyên truyền Giải phóng quân thành lập ngày 22/12/1944 :: Chuẩn hóa theo canonical fact VIET_MINH_TO_VNTTGPQ_TIMELINE: Thứ tự cần nhớ: năm 1941 Việt Minh ra đời, tập hợp lực lượng giải phóng dân tộc; sau đó ngày 22/12/1944 Đội Việt Nam Tuyên truyền Giải phóng quân được thành lập, là lực lượng vũ trang cách mạng quan trọng.. [TITLE] Đội Việt Nam Tuyên truyền Giải phóng quân thành lập ngày 22/12/1944 [SUMMA... | [2]: Hội nghị Trung ương 8 năm 1941 và Việt Minh :: Hội nghị Trung ương 8 năm 1941 hoàn chỉnh chuyển hướng chiến lược, đặt giải phóng dân tộc lên hàng đầu và gắn với việc thành lập Việt Minh.","Đội Việt Nam Tuyên truyền Giải phóng quân thành lập ngày 22/12/1944 | Hội nghị Trung ương 8 năm 1941 và Việt Minh | Năm 1975: Tổng tiến công mùa Xuân và giải phóng miền Nam | Năm 1930: Đảng Cộng sản Việt Nam ra đời và cao trào 1930-1931 | Năm 1945: Nhật đảo chính Pháp, Tổng khởi nghĩa và Tuyên ngôn Độc lập",10.0,4.0,2.0,1.5,1.5,1.0,,False,10.0,,,
256,G5K_0256,misconception_correction,,1,200,dung nham chien dich tay nguyen voi chien dich ho chi minh can nho gi?,"Cần nhớ rằng **Chiến dịch Tây Nguyên** là bước mở đầu **đột phá chiến lược** của Tổng tiến công mùa Xuân 1975; trận **Buôn Ma Thuột** ngày **10/3/1975** đã tạo đà rất mạnh để quân ta phát triển nhanh ra **Huế - Đà Nẵng**, rồi tiến tới **Sài Gòn**. **Chiến dịch Hồ Chí Minh** là đòn quyết định cuối cùng, kết thúc bằng thắng lợi ngày **30/4/1975** khi Sài Gòn được giải phóng. [1][2][3]","[1]: Ngày 10/3/1975 mở màn chiến dịch Tây Nguyên tại Buôn Ma Thuột :: Chuẩn hóa theo canonical fact TAY_NGUYEN_1975_BREAKTHROUGH: Chiến dịch Tây Nguyên 1975 mở đầu đột phá chiến lược của Tổng tiến công mùa Xuân 1975; thắng lợi ở Buôn Ma Thuột ngày 10/3/1975 tạo đà phát triển nhanh tới Huế - Đà Nẵng và cuối cùng tới Sài Gòn, kết thúc bằng mốc 30/4/1975 trong Chiến dịch Hồ Chí Minh.. [TITLE] Ngày 10/3/1975 mở màn chiến... | [2]: Ý nghĩa Chiến dịch Hồ Chí Minh và Đại thắng mùa Xuân 1975 :: Chiến dịch Hồ Chí Minh là đòn quyết định trong cuộc tấn công quân sự cuối cùng của mùa Xuân 1975. Ngày 30/4/1975, Dinh Độc Lập bị chiếm và chính quyền Sài Gòn đầu hàng. Nguồn chứng nhận gắn thắng lợi này với giải phóng miền Nam, thống nhất đất nước và kết thúc cuộc kháng chiến chống Mỹ, cứu nước. | [3]: Ngày 30/4/1975 - Dinh Độc Lập bị chiếm và chính quyền Sài Gòn đầu hàng :: Ngày 30/4/1975, quân giải phóng chiếm Dinh Độc Lập và buộc Tổng thống Dương Văn Minh tuyên bố đầu hàng không điều kiện. Mốc này báo hiệu toàn thắng của Chiến dịch Hồ Chí Minh và gắn với kết thúc thắng lợi cuộc kháng chiến chống Mỹ, cứu nước.",Ngày 10/3/1975 mở màn chiến dịch Tây Nguyên tại Buôn Ma Thuột | Ý nghĩa Chiến dịch Hồ Chí Minh và Đại thắng mùa Xuân 1975 | Ngày 30/4/1975 - Dinh Độc Lập bị chiếm và chính quyền Sài Gòn đầu hàng | Nguồn chứng minh 30/4/1975 là mốc kết thúc chiến tranh và thống nhất đất nước | So sánh Điện Biên Phủ 1954 và Chiến dịch Hồ Chí Minh 1975,8.05,2.8,2.0,1.0,1.25,1.0,,False,10.0,Tây Nguyên mở đầu,,
257,G5K_0257,misconception_correction,,1,200,Sửa nhận định sai liên quan đến Trận Buôn Ma Thuột 10/3/1975: 30/4/1975.,"Nhận định đúng là: **trận Buôn Ma Thuột ở Tây Nguyên diễn ra ngày 10/3/1975**, đây là mốc mở màn then chốt của Chiến dịch Tây Nguyên, không phải **30/4/1975**. [1]","[1]: Ngày 10/3/1975 mở màn chiến dịch Tây Nguyên tại Buôn Ma Thuột :: Chuẩn hóa theo canonical fact BUON_MA_THUOT_1975_START_DATE: Ngày 10/3/1975 gắn với trận Buôn Ma Thuột, mốc mở màn then chốt của Chiến dịch Tây Nguyên và tạo đột phá cho Tổng tiến công mùa Xuân 1975.. [TITLE] Ngày 10/3/1975 mở màn chiến dịch Tây Nguyên tại Buôn Ma Thuột [SUMMARY] Ngày 10/3/1975, trận Buôn Ma Thuột mở màn chiến dịch Tây Nguyên, tạo ...",Ngày 10/3/1975 mở màn chiến dịch Tây Nguyên tại Buôn Ma Thuột | Bối cảnh chính của Chiến dịch Hồ Chí Minh | Năm 1975: Tổng tiến công mùa Xuân và giải phóng miền Nam | Phân biệt 30/4/1975 với mốc Quốc hội hoàn tất thống nhất nhà nước | Ngày 30/4/1975: giải phóng Sài Gòn và kết thúc chiến tranh,8.5,4.0,0.5,1.5,1.5,1.0,,False,10.0,,30/4/1975,
258,G5K_0258,misconception_correction,,1,200,Có đúng không khi nói Chiến dịch Hồ Chí Minh là mở đầu? Hãy sửa lại cho chuẩn.,"Không đúng. Câu chuẩn hơn là: **“Chiến dịch Hồ Chí Minh là chiến dịch cuối cùng, mang tính quyết định, kết thúc bằng thắng lợi ngày 30/4/1975; còn đòn mở đầu của cuộc Tổng tiến công và nổi dậy mùa Xuân 1975 là Trận Buôn Ma Thuột ở Tây Nguyên.”** [1][5]","[1]: Ý nghĩa Chiến dịch Hồ Chí Minh và Đại thắng mùa Xuân 1975 :: Chuẩn hóa theo dữ liệu nội bộ: Không đúng: Chiến dịch Hồ Chí Minh không mở đầu mùa Xuân 1975; Tây Nguyên/Buôn Ma Thuột là đòn mở đầu, còn Chiến dịch Hồ Chí Minh là chiến dịch cuối cùng, kết thúc bằng mốc 30/4/1975. Chiến dịch Hồ Chí Minh là đòn quyết định trong cuộc tấn công quân sự cuối cùng của mùa Xuân 1975. Ngày 30/4/1975, Dinh Độc Lập bị chiếm... | [5]: Trận Buôn Ma Thuột mở màn then chốt :: Năm 1975, Trận Buôn Ma Thuột mở màn then chốt.",Ý nghĩa Chiến dịch Hồ Chí Minh và Đại thắng mùa Xuân 1975 | Ngày 30/4/1975 - Dinh Độc Lập bị chiếm và chính quyền Sài Gòn đầu hàng | Nguồn chứng minh 30/4/1975 là mốc kết thúc chiến tranh và thống nhất đất nước | So sánh Điện Biên Phủ 1954 và Chiến dịch Hồ Chí Minh 1975 | Trận Buôn Ma Thuột mở màn then chốt,9.07,3.7,2.0,1.25,1.12,1.0,,False,10.0,Huế - Đà Nẵng,,
259,G5K_0259,misconception_correction,,1,200,Có đúng không khi nói coi hai hội nghị cùng chức năng? Hãy sửa lại cho chuẩn.,"Không nên nói “hai hội nghị cùng chức năng” vì cách diễn đạt này chưa chuẩn; nếu ý bạn đang nói về Genève 1954 và Paris 1973 thì nên sửa thành: “Hai hiệp định này không cùng chức năng, mà thuộc hai giai đoạn và bối cảnh chiến tranh khác nhau, khác nhau về phạm vi, thời điểm và vai trò.” [5]","[5]: So sánh Hiệp định Genève 1954 và Hiệp định Paris 1973 :: Hai hiệp định thuộc hai giai đoạn và bối cảnh chiến tranh khác nhau. Điểm cần phân biệt là phạm vi, thời điểm và vai trò của Hiệp định Genève 1954 so với Hiệp định Paris 1973. Khi trả lời cần nêu rõ các từ khóa: Genève; Paris; Hiệp định.",Đại hội II năm 1951 và Đảng Lao động Việt Nam | Đại hội I của Đảng năm 1935 | Năm 1932: khôi phục tổ chức Đảng sau khủng bố trắng | Năm 1939: Chiến tranh thế giới thứ hai và Hội nghị Trung ương 6 | So sánh Hiệp định Genève 1954 và Hiệp định Paris 1973,1.95,0.0,0.5,0.0,0.45,1.0,no expected factual slot found; weak displayed citation support,True,3.0,1930 | 1941 | Việt Minh,,
260,G5K_0260,misconception_correction,,1,200,Một bạn học bị nhầm: Đồng Khởi 1959-1960. Câu trả lời đúng nên là gì?,"Câu trả lời đúng là: **Đồng Khởi 1959-1960** là phong trào làm thay đổi cách mạng miền Nam từ thế **giữ gìn lực lượng sang thế tiến công**, **phá thế kìm kẹp** ở nhiều nơi và tạo cơ sở cho **Mặt trận Dân tộc Giải phóng miền Nam** ra đời. [1]","[1]: Đồng Khởi là chuyển biến quan trọng ở miền Nam :: Chuẩn hóa theo canonical fact DONG_KHOI_MEANING: Đồng Khởi 1959-1960 làm thay đổi thế cách mạng miền Nam: từ thế giữ gìn lực lượng sang thế tiến công, phá thế kìm kẹp ở nhiều nơi và tạo cơ sở cho Mặt trận Dân tộc Giải phóng miền Nam (MTDTGPMN) ra đời.. [TITLE] Đồng Khởi là chuyển biến quan trọng ở miền Nam [SUMMARY] Đồng Khởi 1959-1960 là chuyển bi...",Đồng Khởi là chuyển biến quan trọng ở miền Nam | Năm 1959: Đoàn 559 và đường Trường Sơn | Ý nghĩa Cách mạng Tháng Tám 1945 | Cao trào kháng Nhật cứu nước năm 1945 | Bối cảnh chính của Phong trào Đồng Khởi,1.95,0.0,0.5,0.0,0.45,1.0,no expected factual slot found; weak displayed citation support,True,0.5,1968 | Tết Mậu Thân,Đồng Khởi 1959-1960,
261,G5K_0261,misconception_correction,,1,200,hiep dinh paris 1973 thuong bi nham voi gi?,"Hiệp định Paris 1973 thường bị nhầm với Hiệp định Genève 1954. Thực ra, Genève 1954 gắn với vĩ tuyến 17 là giới tuyến quân sự tạm thời, còn Paris 1973 thuộc bối cảnh kháng chiến chống Mỹ, gắn với việc Mỹ rút quân và chấm dứt chiến tranh, lập lại hòa bình. [1][2] Sau Paris 1973, Mỹ rút quân nhưng chiến tranh chưa kết thúc ngay, còn kéo dài đến 1975 [1]","[1]: So sánh Điện Biên Phủ 1954 và Chiến dịch Hồ Chí Minh 1975 :: Chuẩn hóa theo canonical fact GENEVE_1954_VS_PARIS_1973: Đừng nhầm Genève 1954 với Paris 1973: Genève thuộc bối cảnh kháng chiến chống Pháp, gắn với vĩ tuyến 17 là giới tuyến quân sự tạm thời; Paris 1973 thuộc bối cảnh kháng chiến chống Mỹ, gắn với chấm dứt chiến tranh, lập lại hòa bình và việc Mỹ rút quân.. [TITLE] So sánh Điện Biên Phủ 1954 và Ch... | [2]: Việt Nam hóa chiến tranh giai đoạn 1969-1973 :: Việt Nam hóa chiến tranh là chiến lược của Mỹ từ năm 1969, chuyển dần gánh nặng chiến tranh cho quân đội Sài Gòn trong khi Mỹ rút bớt quân.",So sánh Điện Biên Phủ 1954 và Chiến dịch Hồ Chí Minh 1975 | Việt Nam hóa chiến tranh giai đoạn 1969-1973 | Tổng tuyển cử thống nhất dự kiến năm 1956 sau Hiệp định Genève | Đại hội I của Đảng năm 1935 | Năm 1974: chuyển biến trước Tổng tiến công 1975 và Phước Long,10.0,4.0,2.0,1.5,1.5,1.0,,False,10.0,,,
262,G5K_0262,misconception_correction,,1,200,"Nếu người học nhầm về Từ Hà Nội giành chính quyền đến Tuyên ngôn Độc lập, cần đính chính mốc/sự kiện nào?","Không. Nếu người học đang nhầm, cần đính chính rằng **Hà Nội giành chính quyền là ngày 19/8/1945 trong Cách mạng Tháng Tám**, còn **Tuyên ngôn Độc lập diễn ra ngày 2/9/1945 tại Quảng trường Ba Đình**. [1][3]","[1]: Mốc ngày 19/8/1945 trong lịch sử Việt Nam 1930-1945 :: Chuẩn hóa theo canonical fact HANOI_AUG19_1945_DATE: Ngày 19/8/1945 gắn với sự kiện quần chúng Hà Nội giành chính quyền trong Cách mạng Tháng Tám.. [TITLE] Mốc ngày 19/8/1945 trong lịch sử Việt Nam 1930-1945 [SUMMARY] Ngày 19/8/1945, quần chúng Hà Nội xuống đường giành chính quyền. Đây là mốc tiêu biểu trong cao trào giành chính quyền của Cách mạng... | [3]: Ngày 2/9/1945 - Tuyên ngôn Độc lập tại Ba Đình :: Ngày 2/9/1945 gắn với buổi Lễ Tuyên ngôn Độc lập tại Quảng trường Ba Đình. Đây là mốc khai sinh nước Việt Nam Dân chủ Cộng hòa trong chuỗi thắng lợi Cách mạng Tháng Tám.",Mốc ngày 19/8/1945 trong lịch sử Việt Nam 1930-1945 | Ý nghĩa Cách mạng Tháng Tám 1945 | Ngày 2/9/1945 - Tuyên ngôn Độc lập tại Ba Đình | Chủ tịch Hồ Chí Minh qua đời | Hòa hoãn với Pháp để đẩy quân Tưởng về nước,8.3,2.8,2.0,1.0,1.5,1.0,,False,10.0,Việt Nam Dân chủ Cộng hòa,,
263,G5K_0263,misconception_correction,,1,200,trong lich su viet nam 1930 1975 9/3/1945 gan voi su kien nao?,Ngày 9/3/1945 gắn với sự kiện Nhật đảo chính Pháp ở Đông Dương. Đây là mốc quan trọng vì tạo bối cảnh cho chỉ thị “Nhật - Pháp bắn nhau và hành động của chúng ta”. [1],"[1]: Mốc ngày 9/3/1945 trong lịch sử Việt Nam 1930-1945 :: Chuẩn hóa theo canonical fact NHAT_DAO_CHINH_PHAP_1945_DATE: Ngày 9/3/1945 gắn với sự kiện Nhật đảo chính Pháp ở Đông Dương, tạo bối cảnh để Đảng ra chỉ thị Nhật - Pháp bắn nhau và hành động của chúng ta.. [TITLE] Mốc ngày 9/3/1945 trong lịch sử Việt Nam 1930-1945 [SUMMARY] Nhật đảo chính Pháp ở Đông Dương ngày 9/3/1945. Sự kiện tạo bối cảnh để Đản...","Mốc ngày 9/3/1945 trong lịch sử Việt Nam 1930-1945 | Cao trào kháng Nhật cứu nước năm 1945 | Năm 1945: Nhật đảo chính Pháp, Tổng khởi nghĩa và Tuyên ngôn Độc lập | Đảng Cộng sản Việt Nam thành lập năm 1930 | Nhật đảo chính Pháp ngày 9/3/1945",10.0,4.0,2.0,1.5,1.5,1.0,,False,10.0,,,
264,G5K_0264,misconception_correction,,1,200,Có đúng không khi nói Tuyên ngôn Độc lập là toàn bộ Cách mạng Tháng Tám? Hãy sửa lại cho chuẩn.,"Không đúng nếu nói **Tuyên ngôn Độc lập là toàn bộ Cách mạng Tháng Tám**. Chuẩn hơn là: **Cách mạng Tháng Tám đã giành chính quyền về tay nhân dân, và thắng lợi đó dẫn tới sự ra đời của nước Việt Nam Dân chủ Cộng hòa; còn Tuyên ngôn Độc lập là văn kiện công bố kết quả ấy vào ngày 2/9/1945**. [1][3]","[1]: Ý nghĩa Cách mạng Tháng Tám 1945 :: Chuẩn hóa theo canonical fact CMT8_1945_POLITICAL_RESULT: Kết quả chính trị lớn của Cách mạng Tháng Tám 1945 là nhân dân giành chính quyền trên cả nước, mở đường cho độc lập dân tộc và dẫn tới sự ra đời của nước Việt Nam Dân chủ Cộng hòa ngày 2/9/1945.. [TITLE] Ý nghĩa Cách mạng Tháng Tám 1945 [SUMMARY] Thắng lợi ở Hà Nội, Huế và Sài Gòn có ý nghĩa... | [3]: Ý nghĩa Cách mạng Tháng Tám 1945 :: Cách mạng Tháng Tám 1945 lật đổ ách thống trị cũ, giành chính quyền về tay nhân dân và mở ra kỷ nguyên độc lập dân tộc.","Ý nghĩa Cách mạng Tháng Tám 1945 | Đội Việt Nam Tuyên truyền Giải phóng quân thành lập ngày 22/12/1944 | Ý nghĩa Cách mạng Tháng Tám 1945 | Đồng Khởi là chuyển biến quan trọng ở miền Nam | Năm 1945: Nhật đảo chính Pháp, Tổng khởi nghĩa và Tuyên ngôn Độc lập",8.5,4.0,0.5,1.5,1.5,1.0,,False,10.0,,Tuyên ngôn Độc lập là toàn bộ Cách mạng Tháng Tám,
265,G5K_0265,misconception_correction,,1,200,Có đúng không khi nói trả sang Genève đến Đồng Khởi? Hãy sửa lại cho chuẩn.,"Chưa chuẩn; nên sửa là: **“Từ Hiệp định Genève năm 1954, với việc xác lập giới tuyến quân sự tạm thời ở vĩ tuyến 17, đến phong trào Đồng Khởi 1959-1960.”** Cách nói này đúng mốc **1954**, **vĩ tuyến 17** và **1959-1960** theo trình tự lịch sử. [1] Đồng Khởi 1959-1960 phá thế kìm kẹp, chuyển sang thế tiến công và tạo cơ sở cho Mặt trận Dân tộc Giải phóng miền Nam [1]",[1]: Phong trào Đồng Khởi :: Chuẩn hóa theo canonical fact GENEVE_1954_TO_DONG_KHOI_TIMELINE: Từ Genève 1954 đến Đồng Khởi có thể nhớ: năm 1954 Genève xác lập giới tuyến quân sự tạm thời ở vĩ tuyến 17; tổng tuyển cử thống nhất dự kiến năm 1956 không được thực hiện; đến 1959-1960 phong trào Đồng Khởi làm chuyển thế cách mạng miền Nam.. [TITLE] Phong trào Đồng Khởi - canonical a...,Phong trào Đồng Khởi | Đồng Khởi là chuyển biến quan trọng ở miền Nam | Cao trào kháng Nhật cứu nước năm 1945 | Năm 1932: khôi phục tổ chức Đảng sau khủng bố trắng | Bối cảnh chính của Phong trào Đồng Khởi,8.95,3.7,2.0,1.12,1.12,1.0,,False,10.0,Điện Biên Phủ,,
266,G5K_0266,misconception_correction,,1,200,"Nếu người học nhầm về Phong trào Đồng Khởi, cần đính chính mốc/sự kiện nào?","Không. Nếu người học nhầm về Phong trào Đồng Khởi thì cần đính chính rằng đó là **Đồng Khởi 1959-1960**, và mốc cần nhớ tiếp theo là **20/12/1960**, khi **Mặt trận Dân tộc Giải phóng miền Nam Việt Nam** ra đời. [1][2] Đồng Khởi 1959-1960 phá thế kìm kẹp, chuyển sang thế tiến công và tạo cơ sở cho Mặt trận Dân tộc Giải phóng miền Nam [1]","[1]: Mặt trận Dân tộc Giải phóng miền Nam Việt Nam: sự ra đời và ý nghĩa :: Chuẩn hóa theo canonical fact DONG_KHOI_TO_NLF_1960: Từ Đồng Khởi đến Mặt trận Dân tộc Giải phóng miền Nam cần nhớ: phong trào Đồng Khởi 1959-1960 đưa cách mạng miền Nam từ thế giữ gìn lực lượng sang thế tiến công; ngày 20/12/1960, Mặt trận Dân tộc Giải phóng miền Nam Việt Nam ra đời.. [TITLE] Mặt trận Dân tộc Giải phóng miền Nam Việt Nam: sự ra đờ... | [2]: Đồng Khởi là chuyển biến quan trọng ở miền Nam :: Đồng Khởi 1959-1960 là chuyển biến quan trọng, đưa cách mạng miền Nam từ thế giữ gìn lực lượng sang thế tiến công.",Mặt trận Dân tộc Giải phóng miền Nam Việt Nam: sự ra đời và ý nghĩa | Đồng Khởi là chuyển biến quan trọng ở miền Nam | Xô viết Nghệ Tĩnh trong cao trào 1930-1931 | Cao trào kháng Nhật cứu nước năm 1945 | Năm 1959: Đoàn 559 và đường Trường Sơn,9.03,3.7,2.0,1.12,1.2,1.0,,False,10.0,giữ gìn lực lượng sang thế tiến công,,
267,G5K_0267,misconception_correction,,1,200,ket qua cua cach mang thang tam?,"Nguyên nhân: năm 1945 xuất hiện thời cơ trực tiếp khi Nhật đảo chính Pháp, cao trào kháng Nhật phát triển và Tổng khởi nghĩa được phát động; Kết quả: Cách mạng Tháng Tám 1945 giành chính quyền về tay nhân dân trên cả nước, lật đổ ách thống trị cũ và dẫn tới sự ra đời của nước Việt Nam Dân chủ Cộng hòa ngày 2/9/1945. [1][2]","[1]: Ý nghĩa Cách mạng Tháng Tám 1945 :: Chuẩn hóa theo canonical fact CMT8_1945_CAUSE_RESULT_STRUCTURE: Nguyên nhân: năm 1945 xuất hiện thời cơ trực tiếp khi Nhật đảo chính Pháp, cao trào kháng Nhật phát triển và Tổng khởi nghĩa được phát động. Kết quả: Cách mạng Tháng Tám 1945 giành chính quyền về tay nhân dân trên cả nước, dẫn tới sự ra đời của nước Việt Nam Dân chủ Cộng hòa ngày 2/9/1... | [2]: Ý nghĩa Cách mạng Tháng Tám 1945 :: Cách mạng Tháng Tám 1945 lật đổ ách thống trị cũ, giành chính quyền về tay nhân dân và mở ra kỷ nguyên độc lập dân tộc.",Ý nghĩa Cách mạng Tháng Tám 1945 | Ý nghĩa Cách mạng Tháng Tám 1945 | Xô viết Nghệ Tĩnh trong cao trào 1930-1931 | Nguồn trực tiếp: Bình dân học vụ chống nạn mù chữ sau Cách mạng Tháng Tám | Bình dân học vụ sau Cách mạng Tháng Tám,10.0,4.0,2.0,1.5,1.5,1.0,,False,10.0,,,
268,G5K_0268,misconception_correction,,1,200,"Nếu người học nhầm về Hiệp định Sơ bộ Việt - Pháp 6/3/1946, cần đính chính mốc/sự kiện nào?","Không. Nếu người học nhầm, cần đính chính rằng mốc đúng là **ngày 6/3/1946**, khi **Hiệp định Sơ bộ Việt - Pháp** được ký giữa Chính phủ Việt Nam Dân chủ Cộng hòa và Pháp. [1]","[1]: Hiệp định Sơ bộ Việt-Pháp :: Chuẩn hóa theo canonical fact HIEP_DINH_SO_BO_1946_DATE: Ngày 6/3/1946 gắn với Hiệp định Sơ bộ Việt - Pháp; Chính phủ Việt Nam Dân chủ Cộng hòa ký với Pháp trong chủ trương hòa hoãn để xử lý tình thế sau độc lập.. [TITLE] Hiệp định Sơ bộ Việt-Pháp - canonical answer evidence [SUMMARY] Ngày 6/3/1946, Chính phủ Việt Nam Dân chủ Cộng hòa ký Hiệp định ...","Hiệp định Sơ bộ Việt-Pháp | Năm 1946: Hiệp định Sơ bộ, Tạm ước và Toàn quốc kháng chiến | Nguồn trực tiếp: Hiệp định Genève 1954 quy định đình chỉ chiến sự và giới tuyến tạm thời | Bối cảnh chính của Hiệp định Paris 1973 | Tổng tuyển cử thống nhất dự kiến năm 1956 sau Hiệp định Genève",8.5,4.0,0.5,1.5,1.5,1.0,,False,10.0,,Tạm ước 14/9/1946,
269,G5K_0269,misconception_correction,,1,200,"Nếu người học nhầm về Đường Trường Sơn, cần đính chính mốc/sự kiện nào?","Không. Cần đính chính mốc **19/5/1959**, khi **thành lập Đoàn 559**, gắn với việc **mở đường chi viện chiến lược Trường Sơn** (đường Hồ Chí Minh) cho miền Nam. [2][3][4]","[2]: Đường Trường Sơn - canonical answer evidence :: Ngày 19/5/1959 gắn với việc thành lập Đoàn 559, mở đường chi viện chiến lược Trường Sơn. | [3]: Mốc ngày 19/5/1959 trong lịch sử Việt Nam 1954-1975 :: Ngày 19/5/1959 gắn với việc thành lập Đoàn 559, mở đường chi viện chiến lược Trường Sơn. Ý chính liên quan: 19/5/1959; Đoàn 559; Trường Sơn. Mốc thời gian cần nhớ: 19/5/1959. ngày 19/5/1959 gắn với Đoàn 559 | [4]: Bối cảnh chính của Đường Trường Sơn và Đoàn 559 :: Ngày 19/5/1959 gắn với việc thành lập Đoàn 559, mở đường chi viện chiến lược Trường Sơn cho chiến trường miền Nam.",Bắt đầu xây dựng đường Trường Sơn (đường Hồ Chí Minh) – huyết mạch chi viện miền Nam (1959) | Đường Trường Sơn - canonical answer evidence | Mốc ngày 19/5/1959 trong lịch sử Việt Nam 1954-1975 | Bối cảnh chính của Đường Trường Sơn và Đoàn 559 | Năm 1959: Đoàn 559 và đường Trường Sơn,4.4,1.5,1.2,0.25,0.45,1.0,weak displayed citation support,True,8.5,tuyến vận tải chiến lược | chi viện miền Nam | người và vật chất | hậu phương miền Bắc | tiền tuyến miền Nam,,
270,G5K_0270,misconception_correction,,1,200,"Nếu người học nhầm về Từ Việt Bắc 1947 đến Biên giới 1950, cần đính chính mốc/sự kiện nào?","Không. Nếu người học nhầm, cần đính chính rằng **Việt Bắc 1947** diễn ra **trước** rồi mới đến **Biên giới 1950**; chiến dịch **Biên giới 1950** mới là mốc giúp khai thông biên giới, mở rộng căn cứ và đưa kháng chiến sang **thế chủ động** hơn. [1] Việt Bắc Thu Đông 1947 bảo vệ căn cứ; Biên giới Thu Đông 1950 khai thông biên giới, mở rộng căn cứ và tạo thế chủ động [1]","[1]: Chiến dịch Biên giới Thu-Đông 1950 :: Chuẩn hóa theo canonical fact VIET_BAC_1947_TO_BIEN_GIOI_1950_TIMELINE: Thứ tự đúng là Việt Bắc Thu Đông 1947 diễn ra trước, giúp bảo vệ căn cứ và đánh bại chiến lược đánh nhanh thắng nhanh; sau đó Chiến dịch Biên giới Thu Đông 1950 khai thông biên giới, mở rộng căn cứ và đưa kháng chiến sang thế chủ động hơn.. [TITLE] Chiến dịch Biên giới Thu-Đông...",Chiến dịch Biên giới Thu-Đông 1950 | Năm 1974: chuyển biến trước Tổng tiến công 1975 và Phước Long | Năm 1972: Tiến công chiến lược và Điện Biên Phủ trên không | Bối cảnh chính của Hiệp định Paris 1973 | Nguồn trực tiếp: Bình dân học vụ chống nạn mù chữ sau Cách mạng Tháng Tám,10.0,4.0,2.0,1.5,1.5,1.0,,False,10.0,,,
271,G5K_0271,misconception_correction,,1,200,Sửa nhận định sai liên quan đến Việt Minh và Mặt trận Dân tộc Giải phóng miền Nam: MTDTGPMN không ra đời năm 1941.,"Nhận định đúng là: **Mặt trận Dân tộc Giải phóng miền Nam** ra đời ngày **20/12/1960**, tại **miền Nam**, với nhiệm vụ **tập hợp lực lượng miền Nam** để **đấu tranh chống Mỹ** và chính quyền Sài Gòn; vì vậy, tổ chức này không ra đời năm 1941. [1]","[1]: Mặt trận Dân tộc Giải phóng miền Nam Việt Nam ra đời ngày 20/12/1960 :: Chuẩn hóa theo canonical fact NLF_1960_FOUNDING_DATE: Mặt trận Dân tộc Giải phóng miền Nam Việt Nam ra đời ngày 20/12/1960; ý nghĩa cốt lõi là tập hợp lực lượng miền Nam đấu tranh chống Mỹ và chính quyền Sài Gòn trong kháng chiến chống Mỹ.. [TITLE] Mặt trận Dân tộc Giải phóng miền Nam Việt Nam ra đời ngày 20/12/1960 [SUMMARY] Ngày 20/12/1960, Mặt t...",Mặt trận Dân tộc Giải phóng miền Nam Việt Nam ra đời ngày 20/12/1960 | So sánh Đảng Cộng sản Việt Nam và Việt Minh | Đồng Khởi là chuyển biến quan trọng ở miền Nam | Hội nghị Trung ương 8 năm 1941 và Việt Minh | Ý nghĩa Cách mạng Tháng Tám 1945,4.9,1.6,1.2,0.6,0.5,1.0,weak displayed citation support,True,8.5,Việt Minh 1941 | khác bối cảnh | MTDTGPMN 1960,,
272,G5K_0272,misconception_correction,,1,200,Một bạn học bị nhầm: Cương lĩnh chính trị đầu tiên 1930. Câu trả lời đúng nên là gì?,"Câu trả lời đúng là: **Cương lĩnh chính trị đầu tiên của Đảng Cộng sản Việt Nam được thông qua đầu năm 1930, gắn với Hội nghị hợp nhất do Nguyễn Ái Quốc chủ trì**. Cương lĩnh này gồm **Chánh cương vắn tắt** và **Sách lược vắn tắt** [1][2][5].","[1]: Cương lĩnh chính trị đầu tiên :: Cương lĩnh đầu tiên gồm Chánh cương vắn tắt, Sách lược vắn tắt và các văn kiện nền tảng. Các văn kiện gắn với Hội nghị hợp nhất đầu năm 1930. Sự kiện này gắn với Cương lĩnh, Chánh cương và Sách lược. Cương lĩnh chính trị đầu tiên được thông qua đầu năm 1930 | [2]: Năm 1930: Đảng Cộng sản Việt Nam ra đời và cao trào 1930-1931 :: Ngày 3/2/1930, Đảng Cộng sản Việt Nam ra đời qua Hội nghị hợp nhất các tổ chức cộng sản. | [5]: Đảng Cộng sản Việt Nam thành lập năm 1930 :: Đảng Cộng sản Việt Nam ra đời đầu năm 1930 qua Hội nghị hợp nhất các tổ chức cộng sản do Nguyễn Ái Quốc chủ trì.",Cương lĩnh chính trị đầu tiên | Năm 1930: Đảng Cộng sản Việt Nam ra đời và cao trào 1930-1931 | So sánh Đảng Cộng sản Việt Nam và Việt Minh | Xô viết Nghệ Tĩnh trong cao trào 1930-1931 | Đảng Cộng sản Việt Nam thành lập năm 1930,7.8,2.8,2.0,1.0,1.0,1.0,,False,10.0,Trần Phú,,
273,G5K_0273,misconception_correction,,1,200,tuyen ngon doc lap do ai doc?,"Tuyên ngôn Độc lập do **Hồ Chí Minh** đọc ngày **2/9/1945** tại **Quảng trường Ba Đình**, Hà Nội. [1]","[1]: Năm 1945: Nhật đảo chính Pháp, Tổng khởi nghĩa và Tuyên ngôn Độc lập :: Chuẩn hóa theo canonical fact HO_CHI_MINH_READ_DECLARATION_1945: Ngày 2/9/1945, Hồ Chí Minh đọc Tuyên ngôn Độc lập tại Quảng trường Ba Đình, Hà Nội, khai sinh nước Việt Nam Dân chủ Cộng hòa.. [TITLE] Năm 1945: Nhật đảo chính Pháp, Tổng khởi nghĩa và Tuyên ngôn Độc lập [SUMMARY] Ngày 9/3/1945, Nhật đảo chính Pháp ở Đông Dương. [YEAR] 1945 [YEARS] 19...","Năm 1945: Nhật đảo chính Pháp, Tổng khởi nghĩa và Tuyên ngôn Độc lập | Nguồn trực tiếp: ngày 2/9/1945 là ngày tuyên bố độc lập | Tuyên ngôn Độc lập ngày 2/9/1945 | Ý nghĩa Cách mạng Tháng Tám 1945 | Đảng Cộng sản Việt Nam thành lập năm 1930",10.0,4.0,2.0,1.5,1.5,1.0,,False,10.0,,,
274,G5K_0274,misconception_correction,,1,200,Một bạn học bị nhầm: dừng ở 1960 mà bỏ Tết Mậu Thân 1968. Câu trả lời đúng nên là gì?,"Câu trả lời đúng nên nối tiếp sau mốc 1960 bằng: **năm 1968, Tổng tiến công và nổi dậy Tết Mậu Thân diễn ra trên nhiều đô thị miền Nam, tác động mạnh đến chiến lược chiến tranh của Mỹ và góp phần thúc đẩy đàm phán**. [1] Tết Mậu Thân 1968 thúc đẩy cục diện đàm phán, mốc ngoại giao sau đó là Paris 1973; chiến tranh không kết thúc ngay [1]","[1]: Nguồn Stage20G2: timeline mở rộng năm 1968 :: Năm 1968, Tổng tiến công và nổi dậy Tết Mậu Thân diễn ra trên nhiều đô thị miền Nam. Mốc này tác động mạnh đến chiến lược chiến tranh của Mỹ. Tết Mậu Thân 1968 cũng góp phần thúc đẩy cục diện đàm phán.",Nguồn Stage20G2: timeline mở rộng năm 1968 | Đồng Khởi là chuyển biến quan trọng ở miền Nam | Ngày 10/3/1975 mở màn chiến dịch Tây Nguyên tại Buôn Ma Thuột | Đại hội I của Đảng năm 1935 | Timeline chuẩn hóa năm 1945,8.82,3.7,2.0,1.12,1.0,1.0,,False,10.0,Mặt trận Dân tộc Giải phóng miền Nam,,
275,G5K_0275,misconception_correction,,1,200,Một bạn học bị nhầm: 19/8/1945 là Tuyên ngôn Độc lập. Câu trả lời đúng nên là gì?,"Câu đúng là: **19/8/1945 không phải Tuyên ngôn Độc lập**, mà là ngày **quần chúng Hà Nội giành chính quyền trong Cách mạng Tháng Tám**; còn **Tuyên ngôn Độc lập** được đọc vào **ngày 2/9/1945**. [1][3]","[1]: Mốc ngày 19/8/1945 trong lịch sử Việt Nam 1930-1945 :: Chuẩn hóa theo canonical fact HANOI_AUG19_1945_DATE: Ngày 19/8/1945 gắn với sự kiện quần chúng Hà Nội giành chính quyền trong Cách mạng Tháng Tám.. [TITLE] Mốc ngày 19/8/1945 trong lịch sử Việt Nam 1930-1945 [SUMMARY] Ngày 19/8/1945, quần chúng Hà Nội xuống đường giành chính quyền. Đây là mốc tiêu biểu trong cao trào giành chính quyền của Cách mạng... | [3]: Nguồn trực tiếp: ngày 2/9/1945 là ngày tuyên bố độc lập :: Ngày 2/9/1945, Hồ Chí Minh đọc Tuyên ngôn Độc lập tại Quảng trường Ba Đình và tuyên bố thành lập nước Việt Nam Dân chủ Cộng hòa.","Mốc ngày 19/8/1945 trong lịch sử Việt Nam 1930-1945 | Đường 9 trong Chiến dịch Đường 9 - Nam Lào năm 1971 | Nguồn trực tiếp: ngày 2/9/1945 là ngày tuyên bố độc lập | Năm 1945: Nhật đảo chính Pháp, Tổng khởi nghĩa và Tuyên ngôn Độc lập | Nguồn trực tiếp: tình thế ngàn cân treo sợi tóc sau 2/9/1945",8.0,2.8,2.0,1.0,1.2,1.0,,False,10.0,Tổng khởi nghĩa tháng 8,,
276,G5K_0276,misconception_correction,,1,200,Sửa nhận định sai liên quan đến So sánh Chiến dịch Tây Nguyên và Huế - Đà Nẵng năm 1975: thay Huế - Đà Nẵng bằng Chiến dịch Hồ Chí Minh.,"Không. Nếu cần sửa nhận định theo hướng thay vế sau bằng **Chiến dịch Hồ Chí Minh** thì có thể viết: **Chiến dịch Tây Nguyên là đòn mở đầu đột phá chiến lược của Tổng tiến công mùa Xuân 1975, nổi bật với Buôn Ma Thuột (10/3/1975); còn Chiến dịch Hồ Chí Minh là đòn quyết định cuối cùng, giải phóng Sài Gòn ngày 30/4/1975.** Còn trong quan hệ với **Huế - Đà Nẵng**, đây là hướng tiến công phát triển sau Tây Nguyên, với Huế được giải phóng ngày **26/3/1975**. [1][2][3]","[1]: Chiến dịch Tây Nguyên khác gì với Chiến dịch Huế–Đà Nẵng năm 1975 :: Chuẩn hóa theo canonical fact TAY_NGUYEN_VS_HUE_DA_NANG_1975: Chiến dịch Tây Nguyên là đòn mở đầu đột phá chiến lược của Tổng tiến công mùa Xuân 1975, nổi bật với Buôn Ma Thuột ngày 10/3/1975; Huế - Đà Nẵng là hướng tiến công phát triển sau đó, với Huế được giải phóng ngày 26/3/1975 và Đà Nẵng cuối tháng 3/1975. Không nên thay vế Huế - Đà Nẵng bằng... | [2]: Ý nghĩa Chiến dịch Hồ Chí Minh và Đại thắng mùa Xuân 1975 :: Chiến dịch Hồ Chí Minh là đòn quyết định trong cuộc tấn công quân sự cuối cùng của mùa Xuân 1975. Ngày 30/4/1975, Dinh Độc Lập bị chiếm và chính quyền Sài Gòn đầu hàng. Nguồn chứng nhận gắn thắng lợi này với giải phóng miền Nam, thống nhất đất nước và kết thúc cuộc kháng chiến chống Mỹ, cứu nước. | [3]: Ngày 30/4/1975 - Dinh Độc Lập bị chiếm và chính quyền Sài Gòn đầu hàng :: Ngày 30/4/1975, quân giải phóng chiếm Dinh Độc Lập và buộc Tổng thống Dương Văn Minh tuyên bố đầu hàng không điều kiện. Mốc này báo hiệu toàn thắng của Chiến dịch Hồ Chí Minh và gắn với kết thúc thắng lợi cuộc kháng chiến chống Mỹ, cứu nước.",Chiến dịch Tây Nguyên khác gì với Chiến dịch Huế–Đà Nẵng năm 1975 | Ý nghĩa Chiến dịch Hồ Chí Minh và Đại thắng mùa Xuân 1975 | Ngày 30/4/1975 - Dinh Độc Lập bị chiếm và chính quyền Sài Gòn đầu hàng | Nguồn chứng minh 30/4/1975 là mốc kết thúc chiến tranh và thống nhất đất nước | So sánh Điện Biên Phủ 1954 và Chiến dịch Hồ Chí Minh 1975,10.0,4.0,2.0,1.5,1.5,1.0,,False,10.0,,,
277,G5K_0277,misconception_correction,,1,200,Sửa nhận định sai liên quan đến Đường Trường Sơn: Đường Trường Sơn không phải hiệp định ngoại giao.,"Nhận định sai cần sửa là: **Đường Trường Sơn không phải hiệp định ngoại giao**; đây là **tuyến vận tải chiến lược** dùng để **chi viện miền Nam** bằng **người và vật chất**, nối **hậu phương miền Bắc** với **tiền tuyến miền Nam** trong kháng chiến chống Mỹ. [1]","[1]: Năm 1959: Đoàn 559 và đường Trường Sơn :: Chuẩn hóa theo canonical fact TRUONG_SON_SUPPORT: Không. Đường Trường Sơn không phải là một hiệp định ngoại giao; đây là tuyến vận tải chiến lược đưa người và vật chất chi viện cho miền Nam, nối hậu phương miền Bắc với tiền tuyến miền Nam trong kháng chiến chống Mỹ.. [TITLE] Năm 1959: Đoàn 559 và đường Trường Sơn [SUMMARY] Ngày 19/5/1959, Đoàn 559 ...",Năm 1959: Đoàn 559 và đường Trường Sơn | Bắt đầu xây dựng đường Trường Sơn (đường Hồ Chí Minh) – huyết mạch chi viện miền Nam (1959) | Đường Trường Sơn - canonical answer evidence | Mốc ngày 19/5/1959 trong lịch sử Việt Nam 1954-1975 | Bối cảnh chính của Đường Trường Sơn và Đoàn 559,8.35,4.0,0.5,1.5,1.35,1.0,,False,10.0,,Đường Trường Sơn không phải hiệp định ngoại giao,
278,G5K_0278,misconception_correction,,1,200,Có đúng không khi nói Hội nghị thành lập Đảng 1930? Hãy sửa lại cho chuẩn.,"Không nên nói ngắn là “Hội nghị thành lập Đảng 1930”; cách chuẩn hơn là: “Hội nghị hợp nhất thành lập Đảng Cộng sản Việt Nam diễn ra đầu năm 1930, thường lấy mốc ngày 3/2/1930.” Đây là mốc ra đời của Đảng Cộng sản Việt Nam năm 1930. [1]","[1]: Đảng Cộng sản Việt Nam thành lập năm 1930 :: Chuẩn hóa theo canonical fact PARTY_FOUNDING_CONFERENCE_1930: Hội nghị hợp nhất thành lập Đảng Cộng sản Việt Nam diễn ra đầu năm 1930, thường lấy mốc ngày 3/2/1930; đây là mốc hợp nhất các tổ chức cộng sản và thành lập Đảng Cộng sản Việt Nam.. [TITLE] Đảng Cộng sản Việt Nam thành lập năm 1930 [SUMMARY] Đảng Cộng sản Việt Nam ra đời đầu năm 1930 qua...",Đảng Cộng sản Việt Nam thành lập năm 1930 | So sánh Đảng Cộng sản Việt Nam và Việt Minh | Đại hội I của Đảng năm 1935 | Hội nghị Trung ương 8 năm 1941 và Việt Minh | Năm 1930: Đảng Cộng sản Việt Nam ra đời và cao trào 1930-1931,1.95,0.0,0.5,0.0,0.45,1.0,no expected factual slot found; weak displayed citation support,True,5.0,1951 | Đại hội II | Đảng Lao động Việt Nam,Hội nghị thành lập Đảng 1930,
279,G5K_0279,misconception_correction,,1,200,moc ky hiep dinh paris?,"Hiệp định Paris được ký ngày **27/1/1973**, đánh dấu việc chấm dứt chiến tranh, lập lại hòa bình ở Việt Nam; mốc này gắn với việc **Mỹ rút quân** và việc tôn trọng các **quyền dân tộc** cơ bản của Việt Nam. [1][3]","[1]: Nguồn trực tiếp: cục diện sau Hiệp định Paris :: Chuẩn hóa theo canonical fact PARIS_1973_SIGNING: Hiệp định Paris được ký ngày 27/1/1973 về chấm dứt chiến tranh, lập lại hòa bình ở Việt Nam; mốc này gắn với việc Mỹ rút quân và việc tôn trọng các quyền dân tộc cơ bản của Việt Nam, nhưng chiến tranh chưa kết thúc hoàn toàn ngay.. [TITLE] Nguồn trực tiếp: cục diện sau Hiệp định Paris [SUMMARY] Cục ... | [3]: Bối cảnh chính của Hiệp định Paris 1973 :: Ngày 27/1/1973, Hiệp định Paris về chấm dứt chiến tranh, lập lại hòa bình ở Việt Nam được ký kết.","Nguồn trực tiếp: cục diện sau Hiệp định Paris | Phân biệt Hiệp định Genève 1954 và Hiệp định Paris 1973 | Bối cảnh chính của Hiệp định Paris 1973 | Năm 1946: Hiệp định Sơ bộ, Tạm ước và Toàn quốc kháng chiến | Năm 1974: chuyển biến trước Tổng tiến công 1975 và Phước Long",10.0,4.0,2.0,1.5,1.5,1.0,,False,10.0,,,
280,G5K_0280,misconception_correction,,1,200,"Nếu người học nhầm về Chiến dịch Hồ Chí Minh 1975, cần đính chính mốc/sự kiện nào?","Nếu người học nhầm về Chiến dịch Hồ Chí Minh 1975, cần đính chính mốc **30/4/1975**: đây là thời điểm quân giải phóng **chiếm Dinh Độc Lập**, buộc **Tổng thống Dương Văn Minh tuyên bố đầu hàng không điều kiện**, đánh dấu **chiến dịch toàn thắng** và kết thúc cuộc kháng chiến chống Mỹ, cứu nước. [2][3]","[2]: Ý nghĩa Chiến dịch Hồ Chí Minh và Đại thắng mùa Xuân 1975 :: Chiến dịch Hồ Chí Minh là đòn quyết định trong cuộc tấn công quân sự cuối cùng của mùa Xuân 1975. Ngày 30/4/1975, Dinh Độc Lập bị chiếm và chính quyền Sài Gòn đầu hàng. Nguồn chứng nhận gắn thắng lợi này với giải phóng miền Nam, thống nhất đất nước và kết thúc cuộc kháng chiến chống Mỹ, cứu nước. | [3]: Ngày 30/4/1975 - Dinh Độc Lập bị chiếm và chính quyền Sài Gòn đầu hàng :: Ngày 30/4/1975, quân giải phóng chiếm Dinh Độc Lập và buộc Tổng thống Dương Văn Minh tuyên bố đầu hàng không điều kiện. Mốc này báo hiệu toàn thắng của Chiến dịch Hồ Chí Minh và gắn với kết thúc thắng lợi cuộc kháng chiến chống Mỹ, cứu nước.",Chiến dịch Hồ Chí Minh | Ý nghĩa Chiến dịch Hồ Chí Minh và Đại thắng mùa Xuân 1975 | Ngày 30/4/1975 - Dinh Độc Lập bị chiếm và chính quyền Sài Gòn đầu hàng | Nguồn chứng minh 30/4/1975 là mốc kết thúc chiến tranh và thống nhất đất nước | So sánh Điện Biên Phủ 1954 và Chiến dịch Hồ Chí Minh 1975,5.49,1.5,1.2,0.5,1.29,1.0,,False,9.0,chiến dịch cuối cùng | Sài Gòn | chính quyền Sài Gòn đầu hàng | Tây Nguyên,,
281,G5K_0281,misconception_correction,,1,200,Có đúng không khi nói MTDTGPMN không ra đời năm 1941? Hãy sửa lại cho chuẩn.,"Không đúng khi nói MTDTGPMN ra đời năm 1941; cách viết chuẩn là: **Mặt trận Dân tộc Giải phóng miền Nam Việt Nam ra đời ngày 20/12/1960, nhằm tập hợp lực lượng miền Nam đấu tranh chống Mỹ và chính quyền Sài Gòn**. [1]","[1]: Mặt trận Dân tộc Giải phóng miền Nam Việt Nam ra đời ngày 20/12/1960 :: Chuẩn hóa theo canonical fact NLF_1960_FOUNDING_DATE: Mặt trận Dân tộc Giải phóng miền Nam Việt Nam ra đời ngày 20/12/1960; ý nghĩa cốt lõi là tập hợp lực lượng miền Nam đấu tranh chống Mỹ và chính quyền Sài Gòn trong kháng chiến chống Mỹ.. [TITLE] Mặt trận Dân tộc Giải phóng miền Nam Việt Nam ra đời ngày 20/12/1960 [SUMMARY] Ngày 20/12/1960, Mặt t...",Mặt trận Dân tộc Giải phóng miền Nam Việt Nam ra đời ngày 20/12/1960 | So sánh Đảng Cộng sản Việt Nam và Việt Minh | Việt Nam hóa chiến tranh giai đoạn 1969-1973 | Đồng Khởi là chuyển biến quan trọng ở miền Nam | Hội nghị Trung ương 8 năm 1941 và Việt Minh,4.9,1.6,1.2,0.6,0.5,1.0,weak displayed citation support,True,8.5,Việt Minh 1941 | khác bối cảnh | MTDTGPMN 1960,,
282,G5K_0282,misconception_correction,,1,200,Sửa nhận định sai liên quan đến Phong trào Đồng Khởi: Cách mạng Tháng Tám.,"Không. Nhận định đúng là: Cách mạng Tháng Tám đã **giành chính quyền** trên cả nước, dẫn tới sự ra đời của nước **Việt Nam Dân chủ Cộng hòa** vào ngày **2/9/1945**. [1] Đồng Khởi 1959-1960 phá thế kìm kẹp, chuyển sang thế tiến công và tạo cơ sở cho Mặt trận Dân tộc Giải phóng miền Nam [1]","[1]: Ý nghĩa Cách mạng Tháng Tám 1945 :: Chuẩn hóa theo canonical fact CMT8_1945_POLITICAL_RESULT: Kết quả chính trị lớn của Cách mạng Tháng Tám 1945 là nhân dân giành chính quyền trên cả nước, mở đường cho độc lập dân tộc và dẫn tới sự ra đời của nước Việt Nam Dân chủ Cộng hòa ngày 2/9/1945.. [TITLE] Ý nghĩa Cách mạng Tháng Tám 1945 [SUMMARY] Thắng lợi ở Hà Nội, Huế và Sài Gòn có ý nghĩa...",Ý nghĩa Cách mạng Tháng Tám 1945 | Đồng Khởi là chuyển biến quan trọng ở miền Nam | Ý nghĩa Cách mạng Tháng Tám 1945 | Xô viết Nghệ Tĩnh trong cao trào 1930-1931 | Cao trào kháng Nhật cứu nước năm 1945,6.78,3.7,0.5,1.12,0.45,1.0,weak displayed citation support,False,6.0,giữ gìn lực lượng sang thế tiến công,Cách mạng Tháng Tám,
283,G5K_0283,misconception_correction,,1,200,viet bac thu dong co y nghia gi?,"Việt Bắc Thu Đông 1947 có ý nghĩa là đã đánh bại chiến lược **đánh nhanh thắng nhanh** của Pháp, **bảo vệ căn cứ Việt Bắc** và góp phần tạo điều kiện để cuộc kháng chiến tiếp tục **kháng chiến lâu dài**. [1]","[1]: Chiến dịch Việt Bắc Thu-Đông 1947 :: Chuẩn hóa theo canonical fact VIET_BAC_1947_MEANING: Chiến thắng Việt Bắc Thu Đông 1947 quan trọng vì đánh bại chiến lược đánh nhanh thắng nhanh của Pháp, bảo vệ căn cứ địa Việt Bắc và tạo điều kiện để cuộc kháng chiến chống Pháp tiếp tục lâu dài.. [TITLE] Chiến dịch Việt Bắc Thu-Đông 1947 - canonical answer evidence [SUMMARY] Chiến dịch Việt Bắc T...",Chiến dịch Việt Bắc Thu-Đông 1947 | Diễn biến chính thời kỳ 1945-1954 | Đường 9 trong Chiến dịch Đường 9 - Nam Lào năm 1971 | Việt Nam hóa chiến tranh giai đoạn 1969-1973 | Chiến thắng Phước Long cuối 1974 - đầu 1975,10.0,4.0,2.0,1.5,1.5,1.0,,False,10.0,,,
284,G5K_0284,misconception_correction,,1,200,"Nếu người học nhầm về Từ Nhật đảo chính Pháp đến Tuyên ngôn Độc lập, cần đính chính mốc/sự kiện nào?","Không. Nếu người học nhầm, cần đính chính đúng ba mốc/sự kiện là: **9/3/1945 Nhật đảo chính Pháp ở Đông Dương**, tiếp đó **Tổng khởi nghĩa tháng 8/1945** giành chính quyền, và **2/9/1945 Hồ Chí Minh đọc Tuyên ngôn Độc lập** khai sinh nước Việt Nam Dân chủ Cộng hòa. [1]","[1]: Timeline chuẩn hóa năm 1945 :: Chuẩn hóa theo canonical fact NHAT_DAO_CHINH_TO_DOC_LAP_TIMELINE: Timeline từ Nhật đảo chính Pháp đến Tuyên ngôn Độc lập: ngày 9/3/1945 Nhật đảo chính Pháp ở Đông Dương; tháng 8/1945 diễn ra Tổng khởi nghĩa giành chính quyền; ngày 2/9/1945 Hồ Chí Minh đọc Tuyên ngôn Độc lập, khai sinh nước Việt Nam Dân chủ Cộng hòa.. [TITLE] Timeline chuẩn hóa năm ...","Timeline chuẩn hóa năm 1945 | Đội Việt Nam Tuyên truyền Giải phóng quân thành lập ngày 22/12/1944 | Năm 1945: Nhật đảo chính Pháp, Tổng khởi nghĩa và Tuyên ngôn Độc lập | Cao trào kháng Nhật cứu nước năm 1945 | Tổng tuyển cử thống nhất dự kiến năm 1956 sau Hiệp định Genève",10.0,4.0,2.0,1.5,1.5,1.0,,False,10.0,,,
285,G5K_0285,misconception_correction,,1,200,Có đúng không khi nói Mặt trận Dân tộc Giải phóng miền Nam 1960? Hãy sửa lại cho chuẩn.,Mặt trận Dân tộc Giải phóng miền Nam Việt Nam ra đời ngày 20/12/1960; ý nghĩa cốt lõi là tập hợp lực lượng miền Nam đấu tranh chống Mỹ và chính quyền Sài Gòn trong kháng chiến chống Mỹ [1],"[1]: Mặt trận Dân tộc Giải phóng miền Nam Việt Nam ra đời ngày 20/12/1960 :: Chuẩn hóa theo canonical fact NLF_1960_FOUNDING_DATE: Mặt trận Dân tộc Giải phóng miền Nam Việt Nam ra đời ngày 20/12/1960; ý nghĩa cốt lõi là tập hợp lực lượng miền Nam đấu tranh chống Mỹ và chính quyền Sài Gòn trong kháng chiến chống Mỹ.. [TITLE] Mặt trận Dân tộc Giải phóng miền Nam Việt Nam ra đời ngày 20/12/1960 [SUMMARY] Ngày 20/12/1960, Mặt t...",Mặt trận Dân tộc Giải phóng miền Nam Việt Nam ra đời ngày 20/12/1960 | So sánh Đảng Cộng sản Việt Nam và Việt Minh | Đồng Khởi là chuyển biến quan trọng ở miền Nam | Việt Nam hóa chiến tranh giai đoạn 1969-1973 | Đội Việt Nam Tuyên truyền Giải phóng quân thành lập ngày 22/12/1944,8.95,3.7,2.0,1.12,1.12,1.0,,False,10.0,Hội nghị Trung ương 8,,
286,G5K_0286,misconception_correction,,1,200,Có đúng không khi nói coi Đại hội II là hội nghị thành lập Đảng? Hãy sửa lại cho chuẩn.,"Không đúng. Hội nghị thành lập Đảng Cộng sản Việt Nam là Hội nghị hợp nhất các tổ chức cộng sản đầu năm 1930, thường lấy mốc ngày 3/2/1930; còn Đại hội II năm 1951 là đại hội quyết định đưa Đảng ra hoạt động công khai với tên Đảng Lao động Việt Nam, không phải hội nghị thành lập Đảng. [1][2]","[1]: Đảng Cộng sản Việt Nam thành lập năm 1930 :: Chuẩn hóa theo canonical fact PARTY_FOUNDING_CONFERENCE_1930: Hội nghị hợp nhất thành lập Đảng Cộng sản Việt Nam diễn ra đầu năm 1930, thường lấy mốc ngày 3/2/1930; đây là mốc hợp nhất các tổ chức cộng sản và thành lập Đảng Cộng sản Việt Nam.. [TITLE] Đảng Cộng sản Việt Nam thành lập năm 1930 [SUMMARY] Đảng Cộng sản Việt Nam ra đời đầu năm 1930 qua... | [2]: Đại hội II năm 1951 và Đảng Lao động Việt Nam :: Đại hội II năm 1951 quyết định đưa Đảng ra hoạt động công khai với tên Đảng Lao động Việt Nam.",Đảng Cộng sản Việt Nam thành lập năm 1930 | Đại hội II năm 1951 và Đảng Lao động Việt Nam | So sánh Đảng Cộng sản Việt Nam và Việt Minh | Đại hội I của Đảng năm 1935 | Hội nghị Trung ương 8 năm 1941 và Việt Minh,10.0,4.0,2.0,1.5,1.5,1.0,,False,10.0,,,
287,G5K_0287,misconception_correction,,1,200,Một bạn học bị nhầm: gán Tuyên ngôn Độc lập cho ngày 30/4/1975. Câu trả lời đúng nên là gì?,"Câu trả lời đúng là: **Ngày 30/4/1975 là ngày giải phóng miền Nam, chính quyền Sài Gòn đầu hàng, kết thúc chiến tranh và mở đường cho thống nhất đất nước**, chứ không phải ngày Tuyên ngôn Độc lập. [1][2]","[1]: Ý nghĩa Chiến dịch Hồ Chí Minh và Đại thắng mùa Xuân 1975 :: Chuẩn hóa theo canonical fact APRIL_30_1975_MEANING: Ngày 30/4/1975 gắn với giải phóng miền Nam, chính quyền Sài Gòn đầu hàng, kết thúc chiến tranh và mở đường cho thống nhất đất nước.. [TITLE] Ý nghĩa Chiến dịch Hồ Chí Minh và Đại thắng mùa Xuân 1975 [SUMMARY] Chiến dịch Hồ Chí Minh là đòn quyết định trong cuộc tấn công quân sự cuối cùng của mùa X... | [2]: Phân biệt 30/4/1975 với mốc Quốc hội hoàn tất thống nhất nhà nước :: Cần phân biệt: ngày 30/4/1975 gắn với giải phóng miền Nam, kết thúc chiến tranh; việc Quốc hội hoàn tất thống nhất nhà nước gắn với năm 1976, không phải ngày 30/4/1975.",Ý nghĩa Chiến dịch Hồ Chí Minh và Đại thắng mùa Xuân 1975 | Phân biệt 30/4/1975 với mốc Quốc hội hoàn tất thống nhất nhà nước | Ngày 10/3/1975 mở màn chiến dịch Tây Nguyên tại Buôn Ma Thuột | Lời kêu gọi thi đua ái quốc ngày 11/6/1948 | Đường 9 trong Chiến dịch Đường 9 - Nam Lào năm 1971,7.87,2.8,2.0,1.0,1.07,1.0,,False,10.0,Ba Đình,,
288,G5K_0288,misconception_correction,,1,502,tra loi 1 cau dien bien phu ket thuc ngay nao?,"9Router API mode trả về câu trả lời không đạt kiểm tra citation/context-only, nên hệ thống không hiển thị câu trả lời đó. Local no-cloud mode vẫn khả dụng.",,Chiến thắng Điện Biên Phủ | Ý nghĩa Chiến thắng Điện Biên Phủ 1954 | So sánh Điện Biên Phủ 1954 và Chiến dịch Hồ Chí Minh 1975 | Mốc ngày 7/5/1954 trong lịch sử Việt Nam 1945-1954 | So sánh Chiến dịch Biên giới 1950 và Chiến dịch Điện Biên Phủ 1954,2.0,0.0,0.5,0.0,0.0,0.5,HTTP/postcheck error; no usable final answer,True,,7/5/1954,,Answer was blocked by runtime/citation-context postcheck.
289,G5K_0289,misconception_correction,,1,200,"Nếu người học nhầm về Bảo Đại thoái vị và ngày 2/9/1945, cần đính chính mốc/sự kiện nào?","Không, cần đính chính rằng Bảo Đại thoái vị vào cuối tháng 8/1945, mốc thường nêu là **30/8/1945**, còn **2/9/1945** là ngày Hồ Chí Minh đọc **Tuyên ngôn Độc lập** tại Quảng trường Ba Đình, tuyên bố thành lập nước Việt Nam Dân chủ Cộng hòa. [1][2][3]","[1]: Bảo Đại thoái vị tại Huế :: Chuẩn hóa theo canonical fact BAO_DAI_ABDICATION_VS_SEP2_1945: Không. Bảo Đại thoái vị tại Huế vào cuối tháng 8/1945, nguồn nêu mốc ngày 30/8/1945; còn ngày 2/9/1945 là Lễ Tuyên ngôn Độc lập tại Quảng trường Ba Đình, khai sinh nước Việt Nam Dân chủ Cộng hòa.. [TITLE] Bảo Đại thoái vị tại Huế [SUMMARY] Năm 1945, Bảo Đại thoái vị tại Huế. [YEAR] 1945... | [2]: Nguồn trực tiếp: ngày 2/9/1945 là ngày tuyên bố độc lập :: Ngày 2/9/1945, Hồ Chí Minh đọc Tuyên ngôn Độc lập tại Quảng trường Ba Đình và tuyên bố thành lập nước Việt Nam Dân chủ Cộng hòa. | [3]: Tuyên ngôn Độc lập ngày 2/9/1945 :: Ngày 2/9/1945, Hồ Chí Minh đọc Tuyên ngôn Độc lập tại Ba Đình, tuyên bố thành lập nước Việt Nam Dân chủ Cộng hòa.",Bảo Đại thoái vị tại Huế | Nguồn trực tiếp: ngày 2/9/1945 là ngày tuyên bố độc lập | Tuyên ngôn Độc lập ngày 2/9/1945 | Nguồn trực tiếp: tình thế ngàn cân treo sợi tóc sau 2/9/1945 | Nguồn trực tiếp: Hiệp định Genève 1954 quy định đình chỉ chiến sự và giới tuyến tạm thời,10.0,4.0,2.0,1.5,1.5,1.0,,False,10.0,,,
290,G5K_0290,misconception_correction,,1,200,Một bạn học bị nhầm: Việt Minh 1941. Câu trả lời đúng nên là gì?,"Câu trả lời đúng là: ngày 19/5/1941, tại Hội nghị Trung ương 8, Mặt trận Việt Minh được thành lập, đặt nhiệm vụ giải phóng dân tộc lên hàng đầu. [1][2]","[1]: So sánh Đảng Cộng sản Việt Nam và Việt Minh :: Chuẩn hóa theo canonical fact VIET_MINH_1941_FOUNDING_DATE_EXACT: Mặt trận Việt Minh ra đời trong tháng 5/1941; nguồn dữ liệu ghi mốc 19/5/1941 là ngày thành lập Mặt trận Việt Minh, gắn với Hội nghị Trung ương 8 do Nguyễn Ái Quốc chủ trì và chủ trương đặt nhiệm vụ giải phóng dân tộc lên hàng đầu.. [TITLE] So sánh Đảng Cộng sản Việt Nam và Việt Minh... | [2]: Hội nghị Trung ương 8 năm 1941 và Việt Minh :: Hội nghị Trung ương 8 năm 1941 hoàn chỉnh chuyển hướng chiến lược, đặt giải phóng dân tộc lên hàng đầu và gắn với việc thành lập Việt Minh.",So sánh Đảng Cộng sản Việt Nam và Việt Minh | Hội nghị Trung ương 8 năm 1941 và Việt Minh | Lời kêu gọi thi đua ái quốc ngày 11/6/1948 | Mốc ngày 5/1941 trong lịch sử Việt Nam 1930-1945 | So sánh Đảng Cộng sản Việt Nam và Việt Minh,4.45,1.5,1.2,0.3,0.45,1.0,weak displayed citation support,True,8.5,20/12/1960 | miền Nam | tập hợp lực lượng miền Nam | đấu tranh chống Mỹ,,
291,G5K_0291,misconception_correction,,1,200,"Nếu người học nhầm về Chiến thắng Điện Biên Phủ 1954, cần đính chính mốc/sự kiện nào?","Không. Nếu người học nhầm về Chiến thắng Điện Biên Phủ 1954, cần đính chính rằng **ngày 13/3/1954** là mốc **mở màn Chiến dịch Điện Biên Phủ**, bắt đầu bằng trận **Him Lam**. [1] Về quốc tế, thắng lợi này làm suy yếu chủ nghĩa thực dân, cổ vũ phong trào giải phóng dân tộc và tác động Genève 1954 [1]","[1]: Mốc ngày 13/3/1954 trong lịch sử Việt Nam 1945-1954 :: Chuẩn hóa theo canonical fact DBP_1954_START_DATE: Ngày 13/3/1954 gắn với mốc mở màn Chiến dịch Điện Biên Phủ, bắt đầu bằng trận Him Lam.. [TITLE] Mốc ngày 13/3/1954 trong lịch sử Việt Nam 1945-1954 [SUMMARY] Ngày 13/3/1954, Chiến dịch Điện Biên Phủ mở màn với trận Him Lam. Ý chính liên quan: 13/3/1954; Điện Biên Phủ; Him Lam. Mốc thời gian cần nhớ...",Mốc ngày 13/3/1954 trong lịch sử Việt Nam 1945-1954 | Ý nghĩa Chiến thắng Điện Biên Phủ 1954 | So sánh Điện Biên Phủ 1954 và Chiến dịch Hồ Chí Minh 1975 | Chiến thắng Điện Biên Phủ - canonical answer evidence | Mốc ngày 7/5/1954 trong lịch sử Việt Nam 1945-1954,7.0,2.8,2.0,0.9,0.45,1.0,weak displayed citation support,False,8.5,đánh bại | mốc quyết định,,
292,G5K_0292,misconception_correction,,1,200,Sửa nhận định sai liên quan đến Hội nghị thành lập Đảng Cộng sản Việt Nam 1930: Việt Minh 1941.,"Nhận định đúng phải là: **Mặt trận Việt Minh** ra đời ngày **19/5/1941**, gắn với **Hội nghị Trung ương 8**, do Nguyễn Ái Quốc chủ trì, khi Đảng xác định nhiệm vụ **giải phóng dân tộc** lên hàng đầu; còn **Đảng Cộng sản Việt Nam** được thành lập vào ngày **3/2/1930**, nên không thể đồng nhất sự kiện 1930 với Việt Minh 1941. [1][2][4]","[1]: So sánh Đảng Cộng sản Việt Nam và Việt Minh :: Chuẩn hóa theo canonical fact VIET_MINH_1941_FOUNDING_DATE_EXACT: Mặt trận Việt Minh ra đời trong tháng 5/1941; nguồn dữ liệu ghi mốc 19/5/1941 là ngày thành lập Mặt trận Việt Minh, gắn với Hội nghị Trung ương 8 do Nguyễn Ái Quốc chủ trì và chủ trương đặt nhiệm vụ giải phóng dân tộc lên hàng đầu.. [TITLE] So sánh Đảng Cộng sản Việt Nam và Việt Minh... | [2]: Hội nghị Trung ương 8 năm 1941 và Việt Minh :: Hội nghị Trung ương 8 năm 1941 hoàn chỉnh chuyển hướng chiến lược, đặt giải phóng dân tộc lên hàng đầu và gắn với việc thành lập Việt Minh. | [4]: Năm 1930: Đảng Cộng sản Việt Nam ra đời và cao trào 1930-1931 :: Ngày 3/2/1930, Đảng Cộng sản Việt Nam ra đời qua Hội nghị hợp nhất các tổ chức cộng sản.",So sánh Đảng Cộng sản Việt Nam và Việt Minh | Hội nghị Trung ương 8 năm 1941 và Việt Minh | Đảng Cộng sản Việt Nam thành lập năm 1930 | Năm 1930: Đảng Cộng sản Việt Nam ra đời và cao trào 1930-1931 | Đại hội I của Đảng năm 1935,8.5,4.0,0.5,1.5,1.5,1.0,,False,10.0,,Việt Minh 1941,
293,G5K_0293,misconception_correction,,1,200,Một bạn học bị nhầm: đồng nhất mặt trận chính trị với lực lượng vũ trang. Câu trả lời đúng nên là gì?,"Câu trả lời đúng là: **mặt trận chính trị không đồng nhất với lực lượng vũ trang**; mặt trận là tổ chức chính trị để tập hợp lực lượng yêu nước, còn lực lượng vũ trang là tổ chức chiến đấu. Ví dụ, **Việt Minh** là mặt trận dân tộc thống nhất do Đảng chủ trương thành lập để tập hợp lực lượng yêu nước, còn **Đội Việt Nam Tuyên truyền Giải phóng quân** là một lực lượng vũ trang thành lập ngày 22/12/1944. [5][2]","[2]: Đội Việt Nam Tuyên truyền Giải phóng quân thành lập ngày 22/12/1944 :: Ngày 22/12/1944, Đội Việt Nam Tuyên truyền Giải phóng quân được thành lập tại rừng Trần Hưng Đạo, Cao Bằng. | [5]: So sánh Đảng Cộng sản Việt Nam và Việt Minh :: Đảng Cộng sản Việt Nam là tổ chức lãnh đạo chính trị; Việt Minh là mặt trận dân tộc thống nhất do Đảng chủ trương thành lập để tập hợp lực lượng yêu nước.",Nguồn so sánh chuẩn hóa: Mặt trận Dân tộc Giải phóng miền Nam / Chính phủ Cách mạng lâm thời | Đội Việt Nam Tuyên truyền Giải phóng quân thành lập ngày 22/12/1944 | Phong trào dân chủ 1936-1939 | Chiến tranh đặc biệt ở miền Nam giai đoạn 1961-1965 | So sánh Đảng Cộng sản Việt Nam và Việt Minh,7.8,2.8,2.0,1.0,1.0,1.0,,False,6.5,1941,,
294,G5K_0294,misconception_correction,,1,200,Sửa nhận định sai liên quan đến Từ Hiệp định Sơ bộ đến Toàn quốc kháng chiến năm 1946: chỉ nêu Toàn quốc kháng chiến mà bỏ Hiệp định Sơ bộ.,"Nhận định đúng phải là: từ Hiệp định Sơ bộ ngày 6/3/1946, đến Tạm ước ngày 14/9/1946, rồi Toàn quốc kháng chiến bùng nổ ngày 19/12/1946; vì vậy không thể chỉ nêu Toàn quốc kháng chiến mà bỏ qua Hiệp định Sơ bộ. [1]","[1]: Năm 1946: Hiệp định Sơ bộ, Tạm ước và Toàn quốc kháng chiến :: Chuẩn hóa theo canonical fact HIEP_DINH_SO_BO_TO_TOAN_QUOC_1946_TIMELINE: Tuyến sự kiện năm 1946 có thể nhớ theo thứ tự: Hiệp định Sơ bộ Việt - Pháp ngày 6/3/1946, Tạm ước Việt - Pháp ngày 14/9/1946, rồi Toàn quốc kháng chiến bùng nổ ngày 19/12/1946.. [TITLE] Năm 1946: Hiệp định Sơ bộ, Tạm ước và Toàn quốc kháng chiến [SUMMARY] Ngày 6/3/1946, Hiệp ...","Năm 1946: Hiệp định Sơ bộ, Tạm ước và Toàn quốc kháng chiến | Đấu tranh ngoại giao với Pháp trước 19/12/1946 | Toàn quốc kháng chiến bùng nổ | Hình thành đường lối kháng chiến toàn dân, toàn diện, lâu dài, tự lực cánh sinh | Công bố/lan truyền Lời kêu gọi Toàn quốc kháng chiến",10.0,4.0,2.0,1.5,1.5,1.0,,False,10.0,,,
295,G5K_0295,misconception_correction,,1,200,Sửa nhận định sai liên quan đến Kháng chiến chống Pháp 1946-1954: nhầm sang kháng chiến chống Mỹ.,Không. Timeline kháng chiến chống Pháp 1946-1954 có thể tóm tắt: Toàn quốc kháng chiến ngày 19/12/1946; Chiến dịch Biên giới Thu Đông 1950 đưa kháng chiến sang thế chủ động hơn; năm 1954 Chiến thắng Điện Biên Phủ và Hiệp định Genève [1],[1]: Diễn biến chính thời kỳ 1945-1954 :: Chuẩn hóa theo canonical fact ANTI_FRENCH_1946_1954_TIMELINE: Timeline kháng chiến chống Pháp 1946-1954 có thể tóm tắt: Toàn quốc kháng chiến ngày 19/12/1946; Chiến dịch Biên giới Thu Đông 1950 đưa kháng chiến sang thế chủ động hơn; năm 1954 Chiến thắng Điện Biên Phủ và Hiệp định Genève.. [TITLE] Diễn biến chính thời kỳ 1945-1954 [SUMMARY] Thời kỳ ...,"Diễn biến chính thời kỳ 1945-1954 | Đại hội II năm 1951 và Đảng Lao động Việt Nam | Lời kêu gọi thi đua ái quốc ngày 11/6/1948 | Năm 1946: Hiệp định Sơ bộ, Tạm ước và Toàn quốc kháng chiến | Nguồn trực tiếp: Chiến dịch Hòa Bình diễn ra giai đoạn 1951-1952",10.0,4.0,2.0,1.5,1.5,1.0,,False,10.0,,,
296,G5K_0296,misconception_correction,,1,200,neu chuoi chinh cua mua xuan 1975?,"Chuỗi chính của mùa xuân 1975 là: **Tây Nguyên** mở đầu bằng thắng lợi **Buôn Ma Thuột** ngày **10/3/1975**, tiếp đến **Huế - Đà Nẵng**, rồi **Chiến dịch Hồ Chí Minh** kết thúc với mốc **30/4/1975**. [1][3][4][5]","[1]: Năm 1975: Tổng tiến công mùa Xuân và giải phóng miền Nam :: Chuẩn hóa theo canonical fact SPRING_1975_CAMPAIGN_CHAIN: Chuỗi chiến dịch chính trong Tổng tiến công mùa Xuân 1975 gồm Tây Nguyên mở đầu bằng thắng lợi Buôn Ma Thuột ngày 10/3/1975, tiếp đến Huế - Đà Nẵng, rồi Chiến dịch Hồ Chí Minh kết thúc bằng mốc 30/4/1975.. [TITLE] Năm 1975: Tổng tiến công mùa Xuân và giải phóng miền Nam [SUMMARY] Tháng 3/197... | [3]: Bối cảnh chính của Chiến dịch Hồ Chí Minh :: Chiến dịch Hồ Chí Minh là chiến dịch quyết định của Tổng tiến công và nổi dậy Xuân 1975, kết thúc bằng giải phóng Sài Gòn ngày 30/4/1975. | [4]: Huế được giải phóng ngày 26/3/1975 :: Ngày 26/3/1975, Huế được giải phóng trong diễn biến nhanh của Tổng tiến công mùa Xuân 1975. | [5]: Ngày 10/3/1975 mở màn chiến dịch Tây Nguyên tại Buôn Ma Thuột :: Ngày 10/3/1975, trận Buôn Ma Thuột mở màn chiến dịch Tây Nguyên, tạo đột phá cho Tổng tiến công mùa Xuân 1975.",Năm 1975: Tổng tiến công mùa Xuân và giải phóng miền Nam | Chiến thắng Phước Long cuối 1974 - đầu 1975 | Bối cảnh chính của Chiến dịch Hồ Chí Minh | Huế được giải phóng ngày 26/3/1975 | Ngày 10/3/1975 mở màn chiến dịch Tây Nguyên tại Buôn Ma Thuột,10.0,4.0,2.0,1.5,1.5,1.0,,False,10.0,,,
297,G5K_0297,misconception_correction,,1,200,Một bạn học bị nhầm: Điện Biên Phủ trên không 1972. Câu trả lời đúng nên là gì?,"Điện Biên Phủ trên không là chiến thắng của quân dân miền Bắc trong **12 ngày đêm** cuối tháng 12 năm **1972**, khi đánh bại cuộc tập kích chiến lược bằng **B-52** của Mỹ; thắng lợi này tạo sức ép quan trọng dẫn tới việc ký **Hiệp định Paris 1973**. [1]","[1]: Điện Biên Phủ trên không :: Chuẩn hóa theo canonical fact DBP_AIR_1972_PARIS_PRESSURE: Điện Biên Phủ trên không diễn ra trong 12 ngày đêm cuối tháng 12/1972, khi quân dân miền Bắc đánh bại cuộc tập kích chiến lược bằng B-52; thắng lợi này tạo sức ép quan trọng dẫn tới việc ký Hiệp định Paris năm 1973.. [TITLE] Điện Biên Phủ trên không - canonical answer evidence [SUMMARY] Cuố...",Điện Biên Phủ trên không | Năm 1972: Tiến công chiến lược và Điện Biên Phủ trên không | Bối cảnh chính của Điện Biên Phủ trên không | Diễn biến chính thời kỳ 1945-1954 | So sánh Điện Biên Phủ 1954 và Hiệp định Genève 1954,6.75,2.8,1.2,0.75,1.0,1.0,,False,9.0,Him Lam | 56 ngày đêm,,
298,G5K_0298,misconception_correction,,1,200,"Nếu người học nhầm về Chiến thắng Việt Bắc Thu Đông 1947, cần đính chính mốc/sự kiện nào?","Không. Chiến thắng Việt Bắc Thu Đông 1947 quan trọng vì đánh bại chiến lược đánh nhanh thắng nhanh của Pháp, bảo vệ căn cứ địa Việt Bắc và tạo điều kiện để cuộc kháng chiến chống Pháp tiếp tục lâu dài [1]","[1]: Chiến dịch Việt Bắc Thu-Đông 1947 :: Chuẩn hóa theo canonical fact VIET_BAC_1947_MEANING: Chiến thắng Việt Bắc Thu Đông 1947 quan trọng vì đánh bại chiến lược đánh nhanh thắng nhanh của Pháp, bảo vệ căn cứ địa Việt Bắc và tạo điều kiện để cuộc kháng chiến chống Pháp tiếp tục lâu dài.. [TITLE] Chiến dịch Việt Bắc Thu-Đông 1947 - canonical answer evidence [SUMMARY] Chiến dịch Việt Bắc T...",Chiến dịch Việt Bắc Thu-Đông 1947 | Đại hội II năm 1951 và Đảng Lao động Việt Nam | Năm 1974: chuyển biến trước Tổng tiến công 1975 và Phước Long | Năm 1972: Tiến công chiến lược và Điện Biên Phủ trên không | Bối cảnh chính của Hiệp định Paris 1973,10.0,4.0,2.0,1.5,1.5,1.0,,False,10.0,,,
299,G5K_0299,misconception_correction,,1,200,Sửa nhận định sai liên quan đến Điện Biên Phủ 1954 và Điện Biên Phủ trên không 1972: gộp hai sự kiện.,"Điện Biên Phủ 1954 là chiến thắng chống Pháp ở Tây Bắc, kết thúc ngày 7/5/1954; còn Điện Biên Phủ trên không 1972 là thắng lợi chống Mỹ, đánh bại cuộc tập kích B-52 trong 12 ngày đêm Hà Nội - Hải Phòng [1] Điện Biên Phủ trên không 1972 đánh bại B-52 trong 12 ngày đêm, tạo sức ép quan trọng dẫn tới Paris 1973 [1]","[1]: Điện Biên Phủ trên không :: Chuẩn hóa theo canonical fact DBP_1954_VS_AIR_1972: Điện Biên Phủ 1954 là chiến thắng chống Pháp ở Tây Bắc, kết thúc ngày 7/5/1954; còn Điện Biên Phủ trên không 1972 là thắng lợi chống Mỹ, đánh bại cuộc tập kích B-52 trong 12 ngày đêm Hà Nội - Hải Phòng.. [TITLE] Điện Biên Phủ trên không - canonical answer evidence [SUMMARY] Cuối tháng 12/1972, quâ...",Điện Biên Phủ trên không | Năm 1972: Tiến công chiến lược và Điện Biên Phủ trên không | Năm 1968: Tổng tiến công và nổi dậy Tết Mậu Thân | Bối cảnh chính của Điện Biên Phủ trên không | Diễn biến chính thời kỳ 1945-1954,5.2,1.5,1.2,0.5,1.0,1.0,,False,9.0,1954 chống Pháp | 1972 chống Mỹ,,
300,G5K_0300,misconception_correction,,1,200,Sửa nhận định sai liên quan đến Toàn quốc kháng chiến 1946: Nam Bộ kháng chiến 23/9/1945.,"Không. Nhận định đúng phải là: **Nam Bộ kháng chiến bắt đầu ngày 23/9/1945**, còn **Toàn quốc kháng chiến bùng nổ ngày 19/12/1946**; đây là **hai mốc khác nhau** về thời điểm và phạm vi. [1]","[1]: Mốc ngày 19/12/1946 trong lịch sử Việt Nam 1945-1954 :: Chuẩn hóa theo canonical fact NAM_BO_VS_TOAN_QUOC_KHANG_CHIEN: Nam Bộ kháng chiến bắt đầu ngày 23/9/1945 ở Sài Gòn - Nam Bộ khi Pháp trở lại xâm lược; Toàn quốc kháng chiến bùng nổ ngày 19/12/1946, mở đầu cuộc kháng chiến toàn quốc chống Pháp. Hai mốc khác nhau về phạm vi và thời điểm.. [TITLE] Mốc ngày 19/12/1946 trong lịch sử Việt Nam 1945-1954 [...","Mốc ngày 19/12/1946 trong lịch sử Việt Nam 1945-1954 | Đấu tranh ngoại giao với Pháp trước 19/12/1946 | Toàn quốc kháng chiến bùng nổ | Hình thành đường lối kháng chiến toàn dân, toàn diện, lâu dài, tự lực cánh sinh | Công bố/lan truyền Lời kêu gọi Toàn quốc kháng chiến",8.0,2.8,2.0,1.0,1.2,1.0,,False,10.0,chống thực dân Pháp,,
301,G5K_0301,misconception_correction,,1,200,Một bạn học bị nhầm: Tây Nguyên mở đầu. Câu trả lời đúng nên là gì?,Câu trả lời đúng là: mốc mở đầu Chiến dịch Tây Nguyên là trận Buôn Ma Thuột ngày 10/3/1975. [1],"[1]: Ngày 10/3/1975 mở màn chiến dịch Tây Nguyên tại Buôn Ma Thuột :: Chuẩn hóa theo focus planner TAY_NGUYEN_1975_START_FOCUSED: Mốc mở màn Chiến dịch Tây Nguyên năm 1975 là trận Buôn Ma Thuột ngày 10/3/1975, tạo đột phá cho Tổng tiến công mùa Xuân 1975.. [TITLE] Ngày 10/3/1975 mở màn chiến dịch Tây Nguyên tại Buôn Ma Thuột [SUMMARY] Ngày 10/3/1975, trận Buôn Ma Thuột mở màn chiến dịch Tây Nguyên, tạo đột phá cho Tổ...",Ngày 10/3/1975 mở màn chiến dịch Tây Nguyên tại Buôn Ma Thuột | Năm 1975: Tổng tiến công mùa Xuân và giải phóng miền Nam | Chiến thắng Phước Long cuối 1974 - đầu 1975 | Đồng Khởi là chuyển biến quan trọng ở miền Nam | Ý nghĩa Cách mạng Tháng Tám 1945,6.75,2.8,1.2,0.75,1.0,1.0,,False,9.0,chiến dịch cuối cùng | Sài Gòn | chính quyền Sài Gòn đầu hàng,,
302,G5K_0302,misconception_correction,,1,200,Có đúng không khi nói Việt Minh 1941? Hãy sửa lại cho chuẩn.,"Có thể nói đúng là **Mặt trận Việt Minh được thành lập ngày 19/5/1941**, gắn với **Hội nghị Trung ương 8** do Nguyễn Ái Quốc chủ trì; hội nghị này xác định **giải phóng dân tộc** là nhiệm vụ hàng đầu. [1][3]","[1]: So sánh Đảng Cộng sản Việt Nam và Việt Minh :: Chuẩn hóa theo canonical fact VIET_MINH_1941_FOUNDING_DATE_EXACT: Mặt trận Việt Minh ra đời trong tháng 5/1941; nguồn dữ liệu ghi mốc 19/5/1941 là ngày thành lập Mặt trận Việt Minh, gắn với Hội nghị Trung ương 8 do Nguyễn Ái Quốc chủ trì và chủ trương đặt nhiệm vụ giải phóng dân tộc lên hàng đầu.. [TITLE] So sánh Đảng Cộng sản Việt Nam và Việt Minh... | [3]: Hội nghị Trung ương 8 năm 1941 và Việt Minh :: Hội nghị Trung ương 8 năm 1941 hoàn chỉnh chuyển hướng chiến lược, đặt giải phóng dân tộc lên hàng đầu và gắn với việc thành lập Việt Minh.",So sánh Đảng Cộng sản Việt Nam và Việt Minh | Việt Nam hóa chiến tranh giai đoạn 1969-1973 | Hội nghị Trung ương 8 năm 1941 và Việt Minh | Tuyên ngôn Độc lập ngày 2/9/1945 | Timeline chuẩn hóa năm 1972,5.2,1.5,1.2,0.5,1.0,1.0,,False,9.0,1930 | Đảng Cộng sản Việt Nam,,
303,G5K_0303,misconception_correction,,1,200,Một bạn học bị nhầm: Biên giới 1950. Câu trả lời đúng nên là gì?,"Câu trả lời đúng là: Chiến dịch Biên giới Thu Đông 1950 có ý nghĩa **khai thông biên giới**, **mở rộng căn cứ** và đưa cuộc kháng chiến chống Pháp chuyển sang **thế chủ động** hơn. [1]","[1]: Chiến dịch Biên giới Thu-Đông 1950 :: Chuẩn hóa theo canonical fact BIEN_GIOI_1950_MEANING: Chiến dịch Biên giới Thu Đông 1950 có ý nghĩa khai thông biên giới, mở rộng căn cứ địa và giúp cuộc kháng chiến chống Pháp chuyển sang thế chủ động hơn.. [TITLE] Chiến dịch Biên giới Thu-Đông 1950 - canonical answer evidence [SUMMARY] Chiến dịch Biên giới Thu-Đông 1950 khai thông biên giới Việt-...",Chiến dịch Biên giới Thu-Đông 1950 | Diễn biến chính thời kỳ 1945-1954 | So sánh Điện Biên Phủ 1954 và Hiệp định Genève 1954 | So sánh Chiến dịch Việt Bắc 1947 và Chiến dịch Biên giới 1950 | So sánh Chiến dịch Biên giới 1950 và Chiến dịch Điện Biên Phủ 1954,1.95,0.0,0.5,0.0,0.45,1.0,no expected factual slot found; weak displayed citation support,True,5.0,đánh nhanh thắng nhanh | bảo vệ căn cứ Việt Bắc | kháng chiến lâu dài,Biên giới 1950,
304,G5K_0304,misconception_correction,,1,200,Có đúng không khi nói Genève 1954? Hãy sửa lại cho chuẩn.,"Nói “Genève 1954” thì chưa thật chuẩn; nên viết **“Hiệp định Genève 1954”** hoặc **“Hiệp định Genève năm 1954”**. Đây là các văn kiện về đình chỉ chiến sự ở Đông Dương, hoàn tất ngày 21/7/1954; với Việt Nam, giới tuyến quân sự tạm thời được xác định ở vĩ tuyến 17. [1][4]","[1]: Hiệp định Genève 1954 :: Ngày 21/7/1954, các văn kiện Genève về đình chỉ chiến sự ở Đông Dương được hoàn tất. Đối với Việt Nam, giới tuyến quân sự tạm thời được xác định ở vĩ tuyến 17. | [4]: Nguồn trực tiếp: Hiệp định Genève 1954 quy định đình chỉ chiến sự và giới tuyến tạm thời :: Hiệp định Genève 1954 về Đông Dương gắn với đình chỉ chiến sự; đối với Việt Nam, giới tuyến quân sự tạm thời được xác định ở vĩ tuyến 17.",Hiệp định Genève 1954 | Tổng tuyển cử thống nhất dự kiến năm 1956 sau Hiệp định Genève | Phân biệt Hiệp định Genève 1954 và Hiệp định Paris 1973 | Nguồn trực tiếp: Hiệp định Genève 1954 quy định đình chỉ chiến sự và giới tuyến tạm thời | Diễn biến chính thời kỳ 1945-1954,1.95,0.0,0.5,0.0,0.45,1.0,no expected factual slot found; weak displayed citation support,True,5.0,Paris 1973 | Mỹ rút quân | chiến tranh chưa kết thúc ngay | 1975,Genève 1954,
305,G5K_0305,misconception_correction,,1,200,Sửa nhận định sai liên quan đến Tổng tuyển cử 1956 theo Genève: Tổng tuyển cử năm 1976.,"Nhận định đúng là: theo Hiệp định Genève năm **1954**, tổng tuyển cử thống nhất dự kiến vào năm **1956** nhưng **không được thực hiện**, nên tình trạng **chia cắt** kéo dài. [1][3]","[1]: Tổng tuyển cử thống nhất dự kiến năm 1956 sau Hiệp định Genève :: Chuẩn hóa theo canonical fact GENEVE_1954_TO_1956_ELECTION_TIMELINE: Từ Genève 1954 đến tổng tuyển cử cần nhớ: Hiệp định Genève năm 1954 xác lập giới tuyến quân sự tạm thời; tổng tuyển cử thống nhất đất nước dự kiến vào năm 1956 nhưng không được thực hiện, khiến tình trạng chia cắt kéo dài.. [TITLE] Tổng tuyển cử thống nhất dự kiến năm 1956 sau Hiệ... | [3]: Nguồn trực tiếp: Hiệp định Genève 1954 quy định đình chỉ chiến sự và giới tuyến tạm thời :: Hiệp định Genève 1954 về Đông Dương gắn với đình chỉ chiến sự; đối với Việt Nam, giới tuyến quân sự tạm thời được xác định ở vĩ tuyến 17.",Tổng tuyển cử thống nhất dự kiến năm 1956 sau Hiệp định Genève | Phân biệt Hiệp định Genève 1954 và Hiệp định Paris 1973 | Nguồn trực tiếp: Hiệp định Genève 1954 quy định đình chỉ chiến sự và giới tuyến tạm thời | Bối cảnh chính của Hiệp định Genève 1954 | Hiệp định Genève 1954 - canonical answer evidence,10.0,4.0,2.0,1.5,1.5,1.0,,False,10.0,,,
306,G5K_0306,natural_paraphrase,,1,200,"Nói tự nhiên giúp tôi về Luận cương chính trị tháng 10/1930, chỉ dựa vào tư liệu nội bộ.","Luận cương chính trị tháng 10/1930 là một văn kiện quan trọng của Đảng, gắn với Trần Phú và Hội nghị Trung ương tháng 10/1930. [1]","[1]: Thông qua Luận cương chính trị tháng 10/1930 :: Chuẩn hóa theo canonical fact LUAN_CUONG_1930_TRAN_PHU: Luận cương chính trị tháng 10/1930 là văn kiện quan trọng của Đảng, gắn với Trần Phú và Hội nghị Trung ương tháng 10/1930.. [TITLE] Thông qua Luận cương chính trị tháng 10/1930 [SUMMARY] Năm 1930, Thông qua Luận cương chính trị tháng 10/1930. [YEAR] 1930 [YEARS] 1930 [DATES] [PERIOD]",Thông qua Luận cương chính trị tháng 10/1930 | Năm 1930: Đảng Cộng sản Việt Nam ra đời và cao trào 1930-1931 | Lời kêu gọi thi đua ái quốc ngày 11/6/1948 | Đảng Cộng sản Việt Nam thành lập năm 1930 | Nguồn trực tiếp: ngày 2/9/1945 là ngày tuyên bố độc lập,10.0,4.0,2.0,1.5,1.5,1.0,,False,10.0,,,
307,G5K_0307,natural_paraphrase,,1,200,"Với câu hỏi 'doi viet nam tuyen truyen giai phong quan va viet minh khac nhau the nao', câu trả lời đúng trọng tâm là gì?","Khác nhau ở chỗ: **Việt Minh** là một **mặt trận chính trị** ra đời năm **1941** để tập hợp lực lượng giải phóng dân tộc, còn **Đội Việt Nam Tuyên truyền Giải phóng quân** thành lập ngày **22/12/1944** là **lực lượng vũ trang cách mạng**; vì vậy, hai tổ chức khác nhau cả về **tính chất** lẫn **thời điểm ra đời**. [1]",[1]: Đội Việt Nam Tuyên truyền Giải phóng quân thành lập ngày 22/12/1944 :: Chuẩn hóa theo canonical fact VNTTGPQ_VS_VIET_MINH: Việt Minh là mặt trận chính trị ra đời năm 1941 để tập hợp lực lượng giải phóng dân tộc; Đội Việt Nam Tuyên truyền Giải phóng quân thành lập ngày 22/12/1944 là lực lượng vũ trang cách mạng. Hai tổ chức khác nhau về tính chất và thời điểm.. [TITLE] Đội Việt Nam Tuyên truyền Giải phóng quân thành lậ...,Đội Việt Nam Tuyên truyền Giải phóng quân thành lập ngày 22/12/1944 | Đường 9 trong Chiến dịch Đường 9 - Nam Lào năm 1971 | Xô viết Nghệ Tĩnh trong cao trào 1930-1931 | Năm 1939: Chiến tranh thế giới thứ hai và Hội nghị Trung ương 6 | Nguồn trực tiếp: Hiệp định Genève 1954 quy định đình chỉ chiến sự và giới tuyến tạm thời,10.0,4.0,2.0,1.5,1.5,1.0,,False,10.0,,,
308,G5K_0308,natural_paraphrase,,1,200,"Tôi đang ôn lịch sử Việt Nam, Trận Buôn Ma Thuột 10/3/1975 nên hiểu đơn giản ra sao?","Ngày 10/3/1975, ở Buôn Ma Thuột thuộc Tây Nguyên, ta mở màn trận đánh then chốt của Chiến dịch Tây Nguyên; hiểu đơn giản là đây là cú đột phá rất quan trọng, tạo đà cho Tổng tiến công mùa Xuân 1975. [1]","[1]: Ngày 10/3/1975 mở màn chiến dịch Tây Nguyên tại Buôn Ma Thuột :: Chuẩn hóa theo canonical fact BUON_MA_THUOT_1975_START_DATE: Ngày 10/3/1975 gắn với trận Buôn Ma Thuột, mốc mở màn then chốt của Chiến dịch Tây Nguyên và tạo đột phá cho Tổng tiến công mùa Xuân 1975.. [TITLE] Ngày 10/3/1975 mở màn chiến dịch Tây Nguyên tại Buôn Ma Thuột [SUMMARY] Ngày 10/3/1975, trận Buôn Ma Thuột mở màn chiến dịch Tây Nguyên, tạo ...",Ngày 10/3/1975 mở màn chiến dịch Tây Nguyên tại Buôn Ma Thuột | Đại hội II năm 1951 và Đảng Lao động Việt Nam | Bối cảnh chính của Chiến dịch Hồ Chí Minh | Xô viết Nghệ Tĩnh trong cao trào 1930-1931 | Đại hội I của Đảng năm 1935,4.0,4.0,0.5,1.5,1.5,1.0,forbidden/wrong entity hit,True,10.0,,30/4/1975,
309,G5K_0309,natural_paraphrase,,1,200,Tóm tắt gọn Mặt trận Dân tộc Giải phóng miền Nam 1960 theo cách dễ nhớ.,"Mặt trận Dân tộc Giải phóng miền Nam Việt Nam ra đời ngày 20/12/1960, là tổ chức tập hợp lực lượng đấu tranh ở miền Nam và trở thành một mốc quan trọng của cách mạng miền Nam. Dễ nhớ nhất: **“20/12/1960 – lập Mặt trận, gom sức dân, đẩy mạnh đấu tranh”**. [1][2]","[1]: Nguồn truy xuất chuẩn hóa: Mặt trận Dân tộc Giải phóng miền Nam Việt Nam: sự ra đời và ý nghĩa :: Ngày 20/12/1960, Mặt trận Dân tộc Giải phóng miền Nam Việt Nam ra đời, là mốc quan trọng của cách mạng miền Nam. Cụm truy vấn hỗ trợ: Mặt trận Dân tộc Giải phóng miền Nam; tác động lịch sử; ý nghĩa; 20/12/1960. | [2]: Mặt trận Dân tộc Giải phóng miền Nam Việt Nam ra đời ngày 20/12/1960 :: Ngày 20/12/1960, Mặt trận Dân tộc Giải phóng miền Nam Việt Nam ra đời, tập hợp lực lượng đấu tranh ở miền Nam.",Nguồn truy xuất chuẩn hóa: Mặt trận Dân tộc Giải phóng miền Nam Việt Nam: sự ra đời và ý nghĩa | Mặt trận Dân tộc Giải phóng miền Nam Việt Nam ra đời ngày 20/12/1960 | Chiến thắng Phước Long cuối 1974 - đầu 1975 | Đồng Khởi là chuyển biến quan trọng ở miền Nam | Năm 1975: Tổng tiến công mùa Xuân và giải phóng miền Nam,9.19,3.7,2.0,1.2,1.29,1.0,,False,10.0,đấu tranh chống Mỹ,,
310,G5K_0310,natural_paraphrase,,1,200,Tóm tắt gọn Năm 1954: Điện Biên Phủ và Genève theo cách dễ nhớ.,"Năm 1954 có thể nhớ ngắn gọn như sau: **Điện Biên Phủ (7/5/1954) là thắng lợi quân sự quyết định, làm phá sản Kế hoạch Nava và tạo sức ép trực tiếp lên đàm phán Genève; sau đó, Hiệp định Genève (21/7/1954) được ký để lập lại hòa bình ở Đông Dương**. [1][2][4]","[1]: Nguồn period Stage20D: diễn biến chính thời kỳ 1945-1954 :: Thời kỳ 1945-1954 gồm các mốc: xây dựng chính quyền sau độc lập, Toàn quốc kháng chiến, Việt Bắc 1947, Biên giới 1950, Điện Biên Phủ 7/5/1954 và Hiệp định Genève 21/7/1954. | [2]: Ý nghĩa Chiến thắng Điện Biên Phủ 1954 :: Chiến thắng Điện Biên Phủ là thắng lợi quân sự quyết định trong cuộc kháng chiến chống thực dân Pháp và can thiệp Mỹ. Tin thất bại của Pháp tại Điện Biên Phủ làm thay đổi căn bản không khí Hội nghị Genève và đưa vấn đề Đông Dương lên bàn nghị sự. Thắng lợi này trực tiếp góp phần dẫn tới việc ký Hiệp định Genève về lập lại hòa bình ở Đông Dương. | [4]: Chiến thắng Điện Biên Phủ - canonical answer evidence :: Ngày 7/5/1954, Chiến dịch Điện Biên Phủ kết thúc thắng lợi. Chiến thắng làm phá sản Kế hoạch Nava và tác động trực tiếp đến đàm phán Genève.",Nguồn period Stage20D: diễn biến chính thời kỳ 1945-1954 | Ý nghĩa Chiến thắng Điện Biên Phủ 1954 | So sánh Điện Biên Phủ 1954 và Chiến dịch Hồ Chí Minh 1975 | Chiến thắng Điện Biên Phủ - canonical answer evidence | Mốc ngày 7/5/1954 trong lịch sử Việt Nam 1945-1954,10.0,4.0,2.0,1.5,1.5,1.0,,False,10.0,,,
311,G5K_0311,natural_paraphrase,,1,200,"Nói tự nhiên giúp tôi về So sánh 30/4/1975 và 2/9/1945, chỉ dựa vào tư liệu nội bộ.","Nếu so sánh ngắn gọn, **2/9/1945** là mốc Hồ Chí Minh đọc Tuyên ngôn Độc lập, khai sinh nước **Việt Nam Dân chủ Cộng hòa**, còn **30/4/1975** là mốc giải phóng miền Nam, chính quyền Sài Gòn đầu hàng, **kết thúc chiến tranh** và mở đường cho thống nhất đất nước. Nói tự nhiên thì một mốc là “ra đời nhà nước độc lập”, mốc kia là “khép lại chiến tranh” [1][4].","[1]: Ý nghĩa Chiến dịch Hồ Chí Minh và Đại thắng mùa Xuân 1975 :: Chuẩn hóa theo canonical fact APR30_1975_VS_SEP2_1945: Ngày 2/9/1945 gắn với Tuyên ngôn Độc lập, khai sinh nước Việt Nam Dân chủ Cộng hòa; ngày 30/4/1975 gắn với giải phóng miền Nam, chính quyền Sài Gòn đầu hàng, kết thúc chiến tranh và mở đường cho thống nhất đất nước. Hai mốc khác ý nghĩa: một mốc khai sinh nhà nước độc lập, một mốc kết thúc chiế... | [4]: Nguồn trực tiếp: ngày 2/9/1945 là ngày tuyên bố độc lập :: Ngày 2/9/1945, Hồ Chí Minh đọc Tuyên ngôn Độc lập tại Quảng trường Ba Đình và tuyên bố thành lập nước Việt Nam Dân chủ Cộng hòa.","Ý nghĩa Chiến dịch Hồ Chí Minh và Đại thắng mùa Xuân 1975 | Năm 1965: Mỹ đưa quân chiến đấu, Chiến tranh cục bộ và Vạn Tường | Năm 1945: Nhật đảo chính Pháp, Tổng khởi nghĩa và Tuyên ngôn Độc lập | Nguồn trực tiếp: ngày 2/9/1945 là ngày tuyên bố độc lập | Bối cảnh chính của Chiến dịch Hồ Chí Minh",10.0,4.0,2.0,1.5,1.5,1.0,,False,10.0,,,
312,G5K_0312,natural_paraphrase,,1,200,"Nói tự nhiên giúp tôi về Nhật đảo chính Pháp ở Đông Dương 1945, chỉ dựa vào tư liệu nội bộ.","Nhật đảo chính Pháp ở Đông Dương diễn ra ngày 9/3/1945, và sự kiện này đã tạo bối cảnh để Đảng ra chỉ thị “Nhật - Pháp bắn nhau và hành động của chúng ta” [1].",[1]: Nhật đảo chính Pháp ở Đông Dương - canonical answer evidence :: Chuẩn hóa theo dữ liệu nội bộ: Nhật đảo chính Pháp ở Đông Dương diễn ra ngày 9/3/1945. Nhật đảo chính Pháp ở Đông Dương ngày 9/3/1945. Sự kiện tạo bối cảnh để Đảng ra chỉ thị Nhật - Pháp bắn nhau và hành động của chúng ta.,"Nhật đảo chính Pháp ở Đông Dương - canonical answer evidence | Đại hội II năm 1951 và Đảng Lao động Việt Nam | Cao trào kháng Nhật cứu nước năm 1945 | Năm 1945: Nhật đảo chính Pháp, Tổng khởi nghĩa và Tuyên ngôn Độc lập | Lời kêu gọi thi đua ái quốc ngày 11/6/1948",10.0,4.0,2.0,1.5,1.5,1.0,,False,10.0,,,
313,G5K_0313,natural_paraphrase,,1,200,Tóm tắt gọn Đồng Khởi và Mặt trận Dân tộc Giải phóng miền Nam theo cách dễ nhớ.,"Dễ nhớ nhất là: **Đồng Khởi 1959-1960** đã làm cách mạng miền Nam chuyển từ thế giữ gìn lực lượng sang thế tiến công, và đến **20/12/1960**, **Mặt trận Dân tộc Giải phóng miền Nam** ra đời, trở thành mốc quan trọng để tập hợp lực lượng đấu tranh ở miền Nam. [1][3] Đồng Khởi 1959-1960 phá thế kìm kẹp, chuyển sang thế tiến công và tạo cơ sở cho Mặt trận Dân tộc Giải phóng miền Nam [1]","[1]: Mặt trận Dân tộc Giải phóng miền Nam Việt Nam: sự ra đời và ý nghĩa :: Chuẩn hóa theo canonical fact DONG_KHOI_TO_NLF_1960: Từ Đồng Khởi đến Mặt trận Dân tộc Giải phóng miền Nam cần nhớ: phong trào Đồng Khởi 1959-1960 đưa cách mạng miền Nam từ thế giữ gìn lực lượng sang thế tiến công; ngày 20/12/1960, Mặt trận Dân tộc Giải phóng miền Nam Việt Nam ra đời.. [TITLE] Mặt trận Dân tộc Giải phóng miền Nam Việt Nam: sự ra đờ... | [3]: Đồng Khởi là chuyển biến quan trọng ở miền Nam :: Đồng Khởi 1959-1960 là chuyển biến quan trọng, đưa cách mạng miền Nam từ thế giữ gìn lực lượng sang thế tiến công.",Mặt trận Dân tộc Giải phóng miền Nam Việt Nam: sự ra đời và ý nghĩa | Mặt trận Dân tộc Giải phóng miền Nam Việt Nam ra đời ngày 20/12/1960 | Đồng Khởi là chuyển biến quan trọng ở miền Nam | Chiến thắng Phước Long cuối 1974 - đầu 1975 | Năm 1975: Tổng tiến công mùa Xuân và giải phóng miền Nam,10.0,4.0,2.0,1.5,1.5,1.0,,False,10.0,,,
314,G5K_0314,natural_paraphrase,,1,200,"Tôi đang ôn lịch sử Việt Nam, Kháng chiến chống Pháp 1946-1954 nên hiểu đơn giản ra sao?",Timeline kháng chiến chống Pháp 1946-1954 có thể tóm tắt: Toàn quốc kháng chiến ngày 19/12/1946; Chiến dịch Biên giới Thu Đông 1950 đưa kháng chiến sang thế chủ động hơn; năm 1954 Chiến thắng Điện Biên Phủ và Hiệp định Genève [1],[1]: Diễn biến chính thời kỳ 1945-1954 :: Chuẩn hóa theo canonical fact ANTI_FRENCH_1946_1954_TIMELINE: Timeline kháng chiến chống Pháp 1946-1954 có thể tóm tắt: Toàn quốc kháng chiến ngày 19/12/1946; Chiến dịch Biên giới Thu Đông 1950 đưa kháng chiến sang thế chủ động hơn; năm 1954 Chiến thắng Điện Biên Phủ và Hiệp định Genève.. [TITLE] Diễn biến chính thời kỳ 1945-1954 [SUMMARY] Thời kỳ ...,"Diễn biến chính thời kỳ 1945-1954 | Đại hội II năm 1951 và Đảng Lao động Việt Nam | Lời kêu gọi thi đua ái quốc ngày 11/6/1948 | Cao trào kháng Nhật cứu nước năm 1945 | Năm 1946: Hiệp định Sơ bộ, Tạm ước và Toàn quốc kháng chiến",10.0,4.0,2.0,1.5,1.5,1.0,,False,10.0,,,
315,G5K_0315,natural_paraphrase,,1,200,"Tôi đang ôn lịch sử Việt Nam, So sánh Chiến dịch Tây Nguyên và Huế - Đà Nẵng năm 1975 nên hiểu đơn giản ra sao?","Hiểu đơn giản, **Tây Nguyên** là đòn mở đầu mang tính **đột phá chiến lược** của mùa Xuân 1975: ngày **10/3/1975**, ta đánh vào **Buôn Ma Thuột** và tạo ra bước ngoặt lớn; từ thắng lợi này, thế tiến công lan rất nhanh ra **Huế - Đà Nẵng**, rồi tiến thẳng về **Sài Gòn**, kết thúc bằng ngày **30/4/1975**. Nói ngắn gọn: **Tây Nguyên là cú mở màn phá thế, còn Huế - Đà Nẵng là bước phát triển thần tốc sau đó để đi đến giải phóng miền Nam**. [1][4][5]","[1]: Ngày 10/3/1975 mở màn chiến dịch Tây Nguyên tại Buôn Ma Thuột :: Chuẩn hóa theo canonical fact TAY_NGUYEN_1975_BREAKTHROUGH: Chiến dịch Tây Nguyên 1975 mở đầu đột phá chiến lược của Tổng tiến công mùa Xuân 1975; thắng lợi ở Buôn Ma Thuột ngày 10/3/1975 tạo đà phát triển nhanh tới Huế - Đà Nẵng và cuối cùng tới Sài Gòn, kết thúc bằng mốc 30/4/1975 trong Chiến dịch Hồ Chí Minh.. [TITLE] Ngày 10/3/1975 mở màn chiến... | [4]: Huế được giải phóng ngày 26/3/1975 :: Ngày 26/3/1975, Huế được giải phóng trong diễn biến nhanh của Tổng tiến công mùa Xuân 1975. | [5]: Năm 1975: Tổng tiến công mùa Xuân và giải phóng miền Nam :: Tháng 3/1975, chiến dịch Tây Nguyên mở đầu thắng lợi lớn của mùa Xuân 1975.",Ngày 10/3/1975 mở màn chiến dịch Tây Nguyên tại Buôn Ma Thuột | Việt Nam hóa chiến tranh giai đoạn 1969-1973 | Đại hội II năm 1951 và Đảng Lao động Việt Nam | Huế được giải phóng ngày 26/3/1975 | Năm 1975: Tổng tiến công mùa Xuân và giải phóng miền Nam,10.0,4.0,2.0,1.5,1.5,1.0,,False,10.0,,,
316,G5K_0316,natural_paraphrase,,1,200,"Tôi đang ôn lịch sử Việt Nam, Hậu phương miền Bắc nên hiểu đơn giản ra sao?","Hậu phương miền Bắc có thể hiểu đơn giản là **hậu phương lớn** của cuộc kháng chiến chống Mỹ: miền Bắc vừa xây dựng lực lượng của mình, vừa **chi viện người và vật chất cho miền Nam** để phục vụ tiền tuyến. [1]","[1]: Năm 1959: Đoàn 559 và đường Trường Sơn :: Chuẩn hóa theo canonical fact NORTH_REAR_BASE_SUPPORT: Miền Bắc giữ vai trò hậu phương lớn trong kháng chiến chống Mỹ vì xây dựng lực lượng và chi viện người, vật chất cho tiền tuyến miền Nam.. [TITLE] Năm 1959: Đoàn 559 và đường Trường Sơn [SUMMARY] Ngày 19/5/1959, Đoàn 559 được thành lập. [YEAR] 1959 [YEARS] 1959 [DATES] [PERIOD] 1959",Năm 1959: Đoàn 559 và đường Trường Sơn | Bắt đầu xây dựng đường Trường Sơn (đường Hồ Chí Minh) – huyết mạch chi viện miền Nam (1959) | Đại hội II năm 1951 và Đảng Lao động Việt Nam | Đồng Khởi là chuyển biến quan trọng ở miền Nam | Xô viết Nghệ Tĩnh trong cao trào 1930-1931,10.0,4.0,2.0,1.5,1.5,1.0,,False,10.0,,,
317,G5K_0317,natural_paraphrase,,1,200,"Tôi đang ôn lịch sử Việt Nam, Mặt trận Việt Minh 1941 nên hiểu đơn giản ra sao?","Hiểu đơn giản, **19/5/1941** là mốc thành lập **Mặt trận Việt Minh**; đây là mặt trận dân tộc thống nhất do Đảng chủ trương lập ra để tập hợp lực lượng yêu nước, và được gắn với **Hội nghị Trung ương 8** năm 1941, khi nhiệm vụ **giải phóng dân tộc** được đặt lên hàng đầu. [1][3]","[1]: So sánh Đảng Cộng sản Việt Nam và Việt Minh :: Chuẩn hóa theo canonical fact VIET_MINH_1941_FOUNDING_DATE_EXACT: Mặt trận Việt Minh ra đời trong tháng 5/1941; nguồn dữ liệu ghi mốc 19/5/1941 là ngày thành lập Mặt trận Việt Minh, gắn với Hội nghị Trung ương 8 do Nguyễn Ái Quốc chủ trì và chủ trương đặt nhiệm vụ giải phóng dân tộc lên hàng đầu.. [TITLE] So sánh Đảng Cộng sản Việt Nam và Việt Minh... | [3]: Hội nghị Trung ương 8 năm 1941 và Việt Minh :: Hội nghị Trung ương 8 năm 1941 hoàn chỉnh chuyển hướng chiến lược, đặt giải phóng dân tộc lên hàng đầu và gắn với việc thành lập Việt Minh.",So sánh Đảng Cộng sản Việt Nam và Việt Minh | Đại hội II năm 1951 và Đảng Lao động Việt Nam | Hội nghị Trung ương 8 năm 1941 và Việt Minh | Lời kêu gọi thi đua ái quốc ngày 11/6/1948 | Xô viết Nghệ Tĩnh trong cao trào 1930-1931,10.0,4.0,2.0,1.5,1.5,1.0,,False,10.0,,,
318,G5K_0318,natural_paraphrase,,1,200,hoi nghi thanh lap dang khac dai hoi ii nam 1951 the nao?,"Hội nghị thành lập Đảng năm 1930 là mốc hợp nhất các tổ chức cộng sản để thành lập Đảng Cộng sản Việt Nam, còn Đại hội II năm 1951 diễn ra trong kháng chiến chống Pháp và quyết định đưa Đảng ra hoạt động công khai với tên Đảng Lao động Việt Nam; vì vậy đây là hai sự kiện khác nhau về thời điểm và chức năng. [1]","[1]: Đại hội đại biểu toàn quốc lần thứ II của Đảng :: Chuẩn hóa theo canonical fact PARTY_FOUNDING_1930_VS_CONGRESS_II_1951: Hội nghị thành lập Đảng đầu năm 1930 gắn với việc hợp nhất các tổ chức cộng sản và thành lập Đảng Cộng sản Việt Nam; Đại hội II năm 1951 diễn ra trong kháng chiến chống Pháp, quyết định đưa Đảng ra hoạt động công khai với tên Đảng Lao động Việt Nam. Hai mốc khác nhau về thời điể...",Đại hội đại biểu toàn quốc lần thứ II của Đảng | Đại hội II năm 1951 và Đảng Lao động Việt Nam | So sánh Đảng Cộng sản Việt Nam và Việt Minh | Hội nghị Trung ương 8 năm 1941 và Việt Minh | Đại hội I của Đảng năm 1935,10.0,4.0,2.0,1.5,1.5,1.0,,False,10.0,,,
319,G5K_0319,natural_paraphrase,,1,200,"Tôi đang ôn lịch sử Việt Nam, Các mốc Việt Nam Dân chủ Cộng hòa lúc mới ra đời nên hiểu đơn giản ra sao?","Có thể hiểu đơn giản như một “chuỗi 3 mốc mở đầu” của nước Việt Nam Dân chủ Cộng hòa: **2/9/1945** là ngày Chủ tịch Hồ Chí Minh đọc Tuyên ngôn Độc lập, khai sinh nước Việt Nam Dân chủ Cộng hòa; **Hiến pháp 1946** là bản Hiến pháp đầu tiên, đánh dấu việc xây dựng nền tảng nhà nước mới; và **19/12/1946** là ngày Toàn quốc kháng chiến bùng nổ, mở đầu cuộc kháng chiến chống Pháp. [1]",[1]: Diễn biến chính thời kỳ 1945-1954 :: Chuẩn hóa theo canonical fact EARLY_VNDCCH_1945_1946_TIMELINE: Các mốc chính của Việt Nam Dân chủ Cộng hòa lúc mới ra đời có thể nhớ: ngày 2/9/1945 Tuyên ngôn Độc lập khai sinh nước Việt Nam Dân chủ Cộng hòa; năm 1946 Quốc hội thông qua Hiến pháp đầu tiên; ngày 19/12/1946 Toàn quốc kháng chiến bùng nổ.. [TITLE] Diễn biến chính thời kỳ 1945-1954 [SU...,Diễn biến chính thời kỳ 1945-1954 | Việt Nam hóa chiến tranh giai đoạn 1969-1973 | Đại hội II năm 1951 và Đảng Lao động Việt Nam | Ý nghĩa Cách mạng Tháng Tám 1945 | Phong trào dân chủ 1936-1939,9.5,4.0,2.0,1.5,1.0,1.0,,False,10.0,,,
320,G5K_0320,natural_paraphrase,,1,502,Tóm tắt gọn Từ Việt Minh đến Đội Việt Nam Tuyên truyền Giải phóng quân theo cách dễ nhớ.,"9Router API mode trả về câu trả lời không đạt kiểm tra citation/context-only, nên hệ thống không hiển thị câu trả lời đó. Local no-cloud mode vẫn khả dụng.",,Đội Việt Nam Tuyên truyền Giải phóng quân thành lập ngày 22/12/1944 | So sánh Đảng Cộng sản Việt Nam và Việt Minh | Hội nghị Trung ương 8 năm 1941 và Việt Minh | Đường 9 trong Chiến dịch Đường 9 - Nam Lào năm 1971 | Việt Nam hóa chiến tranh giai đoạn 1969-1973,2.0,0.0,0.5,0.0,0.0,0.5,HTTP/postcheck error; no usable final answer,True,,1941 | 22/12/1944 | lực lượng vũ trang,,Answer was blocked by runtime/citation-context postcheck.
321,G5K_0321,natural_paraphrase,,1,200,"Với câu hỏi 'dang cong san viet nam thanh lap nam nao', câu trả lời đúng trọng tâm là gì?","Đảng Cộng sản Việt Nam thành lập năm 1930, cụ thể thường lấy mốc ngày 3/2/1930. [1]","[1]: Đảng Cộng sản Việt Nam thành lập năm 1930 :: Chuẩn hóa theo canonical fact PARTY_FOUNDING_CONFERENCE_1930: Hội nghị hợp nhất thành lập Đảng Cộng sản Việt Nam diễn ra đầu năm 1930, thường lấy mốc ngày 3/2/1930; đây là mốc hợp nhất các tổ chức cộng sản và thành lập Đảng Cộng sản Việt Nam.. [TITLE] Đảng Cộng sản Việt Nam thành lập năm 1930 [SUMMARY] Đảng Cộng sản Việt Nam ra đời đầu năm 1930 qua...",Đảng Cộng sản Việt Nam thành lập năm 1930 | So sánh Đảng Cộng sản Việt Nam và Việt Minh | Năm 1930: Đảng Cộng sản Việt Nam ra đời và cao trào 1930-1931 | Đường 9 trong Chiến dịch Đường 9 - Nam Lào năm 1971 | Đồng Khởi là chuyển biến quan trọng ở miền Nam,10.0,4.0,2.0,1.5,1.5,1.0,,False,10.0,,,
322,G5K_0322,natural_paraphrase,,1,200,"Với câu hỏi 'trong lich su viet nam 1930 1975 6/3/1946 gan voi su kien nao', câu trả lời đúng trọng tâm là gì?","Ngày 6/3/1946 gắn với Hiệp định Sơ bộ Việt - Pháp, khi Chính phủ Việt Nam Dân chủ Cộng hòa ký với Pháp trong chủ trương hòa hoãn sau Cách mạng tháng Tám. [1]","[1]: Hiệp định Sơ bộ Việt-Pháp :: Chuẩn hóa theo canonical fact HIEP_DINH_SO_BO_1946_DATE: Ngày 6/3/1946 gắn với Hiệp định Sơ bộ Việt - Pháp; Chính phủ Việt Nam Dân chủ Cộng hòa ký với Pháp trong chủ trương hòa hoãn để xử lý tình thế sau độc lập.. [TITLE] Hiệp định Sơ bộ Việt-Pháp - canonical answer evidence [SUMMARY] Ngày 6/3/1946, Chính phủ Việt Nam Dân chủ Cộng hòa ký Hiệp định ...","Hiệp định Sơ bộ Việt-Pháp | Lời kêu gọi thi đua ái quốc ngày 11/6/1948 | Năm 1946: Hiệp định Sơ bộ, Tạm ước và Toàn quốc kháng chiến | Đường 9 trong Chiến dịch Đường 9 - Nam Lào năm 1971 | Nguồn trực tiếp: Hiệp định Genève 1954 quy định đình chỉ chiến sự và giới tuyến tạm thời",4.0,4.0,0.5,1.5,1.5,1.0,forbidden/wrong entity hit,True,10.0,,Tạm ước 14/9/1946,
323,G5K_0323,natural_paraphrase,,1,200,luan cuong khac cuong linh dau nam 1930 the nao?,"Cương lĩnh chính trị đầu tiên đầu năm 1930 gắn với **Nguyễn Ái Quốc**, nhấn mạnh nhiệm vụ **giải phóng dân tộc, độc lập dân tộc**; còn **Luận cương chính trị** tháng 10/1930 gắn với **Trần Phú**, là văn kiện tiếp tục định hướng đường lối của Đảng sau khi thành lập. [1]","[1]: Thông qua Luận cương chính trị tháng 10/1930 :: Chuẩn hóa theo canonical fact CUONG_LINH_VS_LUAN_CUONG_1930: Cương lĩnh chính trị đầu tiên đầu năm 1930 gắn với Nguyễn Ái Quốc và đặt nền tảng đường lối cách mạng, nhấn mạnh độc lập dân tộc; Luận cương chính trị tháng 10/1930 gắn với Trần Phú và là văn kiện tiếp tục định hướng đường lối của Đảng sau khi thành lập.. [TITLE] Thông qua Luận cương chín...",Thông qua Luận cương chính trị tháng 10/1930 | Năm 1930: Đảng Cộng sản Việt Nam ra đời và cao trào 1930-1931 | So sánh Đảng Cộng sản Việt Nam và Việt Minh | Xô viết Nghệ Tĩnh trong cao trào 1930-1931 | Đảng Cộng sản Việt Nam thành lập năm 1930,10.0,4.0,2.0,1.5,1.5,1.0,,False,10.0,,,
324,G5K_0324,natural_paraphrase,,1,200,Tóm tắt gọn Cách mạng Tháng Tám và kháng chiến chống Pháp theo cách dễ nhớ.,"Năm **1945**, **Cách mạng Tháng Tám** là cuộc tổng khởi nghĩa giành chính quyền, mở ra nước Việt Nam Dân chủ Cộng hòa; giai đoạn **1946-1954** là **kháng chiến chống Pháp**, với các mốc dễ nhớ: **Toàn quốc kháng chiến – Biên giới 1950 – Điện Biên Phủ 1954**. [1]","[1]: Timeline chuẩn hóa giai đoạn 1945-1954 :: Chuẩn hóa theo canonical fact CMT8_VS_ANTI_FRENCH_WAR: Cách mạng Tháng Tám 1945 là cuộc tổng khởi nghĩa giành chính quyền, dẫn tới nước Việt Nam Dân chủ Cộng hòa; kháng chiến chống Pháp là giai đoạn 1946-1954 chống thực dân Pháp, đi qua các mốc Toàn quốc kháng chiến, Biên giới 1950 và Điện Biên Phủ 1954.. [TITLE] Timeline chuẩn hóa giai đoạn 1945-1...",Timeline chuẩn hóa giai đoạn 1945-1954 | Đại hội II năm 1951 và Đảng Lao động Việt Nam | Lời kêu gọi thi đua ái quốc ngày 11/6/1948 | Nguồn trực tiếp: Bình dân học vụ chống nạn mù chữ sau Cách mạng Tháng Tám | Nguồn trực tiếp: Chiến dịch Hòa Bình diễn ra giai đoạn 1951-1952,10.0,4.0,2.0,1.5,1.5,1.0,,False,10.0,,,
325,G5K_0325,natural_paraphrase,,1,200,"Với câu hỏi 'ke theo thu tu thoi gian tu geneve 1954 den dong khoi', câu trả lời đúng trọng tâm là gì?","Theo thứ tự thời gian, mốc **1954** là Hiệp định Genève, trong đó ở Việt Nam xác lập giới tuyến quân sự tạm thời tại **vĩ tuyến 17**; sau đó đến **1959-1960** thì phong trào Đồng Khởi bùng lên, làm chuyển thế cách mạng miền Nam. [1] Đồng Khởi 1959-1960 phá thế kìm kẹp, chuyển sang thế tiến công và tạo cơ sở cho Mặt trận Dân tộc Giải phóng miền Nam [1]",[1]: Phong trào Đồng Khởi :: Chuẩn hóa theo canonical fact GENEVE_1954_TO_DONG_KHOI_TIMELINE: Từ Genève 1954 đến Đồng Khởi có thể nhớ: năm 1954 Genève xác lập giới tuyến quân sự tạm thời ở vĩ tuyến 17; tổng tuyển cử thống nhất dự kiến năm 1956 không được thực hiện; đến 1959-1960 phong trào Đồng Khởi làm chuyển thế cách mạng miền Nam.. [TITLE] Phong trào Đồng Khởi - canonical a...,Phong trào Đồng Khởi | Đồng Khởi là chuyển biến quan trọng ở miền Nam | Phân biệt Hiệp định Genève 1954 và Hiệp định Paris 1973 | Nguồn trực tiếp: Hiệp định Genève 1954 quy định đình chỉ chiến sự và giới tuyến tạm thời | Bối cảnh chính của Phong trào Đồng Khởi,10.0,4.0,2.0,1.5,1.5,1.0,,False,10.0,,,
326,G5K_0326,natural_paraphrase,,1,200,"Với câu hỏi 'cach mang thang tam 1945 theo nguyen nhan va ket qua', câu trả lời đúng trọng tâm là gì?","Nguyên nhân của Cách mạng Tháng Tám 1945 là năm 1945 xuất hiện thời cơ trực tiếp khi Nhật đảo chính Pháp, cao trào kháng Nhật phát triển và Tổng khởi nghĩa được phát động; kết quả là cách mạng đã giành chính quyền về tay nhân dân trên cả nước, dẫn tới sự ra đời của nước Việt Nam Dân chủ Cộng hòa ngày 2/9/1945. [1]","[1]: Ý nghĩa Cách mạng Tháng Tám 1945 :: Chuẩn hóa theo canonical fact CMT8_1945_CAUSE_RESULT_STRUCTURE: Nguyên nhân: năm 1945 xuất hiện thời cơ trực tiếp khi Nhật đảo chính Pháp, cao trào kháng Nhật phát triển và Tổng khởi nghĩa được phát động. Kết quả: Cách mạng Tháng Tám 1945 giành chính quyền về tay nhân dân trên cả nước, dẫn tới sự ra đời của nước Việt Nam Dân chủ Cộng hòa ngày 2/9/1...",Ý nghĩa Cách mạng Tháng Tám 1945 | Ý nghĩa Cách mạng Tháng Tám 1945 | Nguồn trực tiếp: Bình dân học vụ chống nạn mù chữ sau Cách mạng Tháng Tám | Bình dân học vụ sau Cách mạng Tháng Tám | Đường 9 trong Chiến dịch Đường 9 - Nam Lào năm 1971,10.0,4.0,2.0,1.5,1.5,1.0,,False,10.0,,,
327,G5K_0327,natural_paraphrase,,1,200,"Tôi đang ôn lịch sử Việt Nam, Tết Mậu Thân 1968 nên hiểu đơn giản ra sao?","Tết Mậu Thân 1968, hiểu đơn giản là cuộc Tổng tiến công và nổi dậy diễn ra trên nhiều đô thị miền Nam vào năm 1968. [2] Tết Mậu Thân 1968 thúc đẩy cục diện đàm phán, mốc ngoại giao sau đó là Paris 1973; chiến tranh không kết thúc ngay [1]","[1]: Nguồn Stage20G2: Đại hội II năm 1951 và Đảng Lao động Việt Nam :: Đại hội II họp từ 11 đến 19/2/1951; Đại hội quyết định đưa Đảng ra hoạt động công khai với tên Đảng Lao động Việt Nam và xác định nhiệm vụ đưa kháng chiến chống Pháp đến thắng lợi. | [2]: Năm 1968: Tổng tiến công và nổi dậy Tết Mậu Thân :: Năm 1968, Tổng tiến công và nổi dậy Tết Mậu Thân diễn ra trên nhiều đô thị miền Nam.",Nguồn Stage20G2: Đại hội II năm 1951 và Đảng Lao động Việt Nam | Năm 1968: Tổng tiến công và nổi dậy Tết Mậu Thân | Lời kêu gọi thi đua ái quốc ngày 11/6/1948 | Xô viết Nghệ Tĩnh trong cao trào 1930-1931 | Cao trào kháng Nhật cứu nước năm 1945,7.0,3.7,2.0,1.12,0.45,1.0,weak displayed citation support,False,6.0,dư luận/chính trường Mỹ,,
328,G5K_0328,natural_paraphrase,,1,200,"Nói tự nhiên giúp tôi về Từ Paris 1973 đến 30/4/1975, chỉ dựa vào tư liệu nội bộ.","Từ Hiệp định Paris ngày 27/1/1973 đến 30/4/1975 là chặng cuối dẫn tới **giải phóng miền Nam**, khi chiến dịch Hồ Chí Minh kết thúc bằng việc chiếm Dinh Độc Lập và chính quyền Sài Gòn đầu hàng; sự kiện này đồng thời **kết thúc chiến tranh** và mở đường cho **thống nhất đất nước**. [5][1][3] Sau Paris 1973, Mỹ rút quân nhưng chiến tranh chưa kết thúc ngay, còn kéo dài đến 1975 [1]","[1]: Ý nghĩa Chiến dịch Hồ Chí Minh và Đại thắng mùa Xuân 1975 :: Chuẩn hóa theo canonical fact APRIL_30_1975_MEANING: Ngày 30/4/1975 gắn với giải phóng miền Nam, chính quyền Sài Gòn đầu hàng, kết thúc chiến tranh và mở đường cho thống nhất đất nước.. [TITLE] Ý nghĩa Chiến dịch Hồ Chí Minh và Đại thắng mùa Xuân 1975 [SUMMARY] Chiến dịch Hồ Chí Minh là đòn quyết định trong cuộc tấn công quân sự cuối cùng của mùa X... | [3]: Phân biệt 30/4/1975 với mốc Quốc hội hoàn tất thống nhất nhà nước :: Cần phân biệt: ngày 30/4/1975 gắn với giải phóng miền Nam, kết thúc chiến tranh; việc Quốc hội hoàn tất thống nhất nhà nước gắn với năm 1976, không phải ngày 30/4/1975. | [5]: Bối cảnh chính của Hiệp định Paris 1973 :: Ngày 27/1/1973, Hiệp định Paris về chấm dứt chiến tranh, lập lại hòa bình ở Việt Nam được ký kết.",Ý nghĩa Chiến dịch Hồ Chí Minh và Đại thắng mùa Xuân 1975 | Bối cảnh chính của Chiến dịch Hồ Chí Minh | Phân biệt 30/4/1975 với mốc Quốc hội hoàn tất thống nhất nhà nước | Đại hội II năm 1951 và Đảng Lao động Việt Nam | Bối cảnh chính của Hiệp định Paris 1973,9.5,4.0,2.0,1.5,1.0,1.0,,False,10.0,,,
329,G5K_0329,natural_paraphrase,,1,200,"Với câu hỏi 'viet minh thanh lap nam nao', câu trả lời đúng trọng tâm là gì?","Mặt trận Việt Minh được thành lập ngày **19/5/1941**, gắn với **Hội nghị Trung ương 8**, khi Đảng đặt nhiệm vụ **giải phóng dân tộc** lên hàng đầu. [1][2]","[1]: So sánh Đảng Cộng sản Việt Nam và Việt Minh :: Chuẩn hóa theo canonical fact VIET_MINH_1941_FOUNDING_DATE_EXACT: Mặt trận Việt Minh ra đời trong tháng 5/1941; nguồn dữ liệu ghi mốc 19/5/1941 là ngày thành lập Mặt trận Việt Minh, gắn với Hội nghị Trung ương 8 do Nguyễn Ái Quốc chủ trì và chủ trương đặt nhiệm vụ giải phóng dân tộc lên hàng đầu.. [TITLE] So sánh Đảng Cộng sản Việt Nam và Việt Minh... | [2]: Hội nghị Trung ương 8 năm 1941 và Việt Minh :: Hội nghị Trung ương 8 năm 1941 hoàn chỉnh chuyển hướng chiến lược, đặt giải phóng dân tộc lên hàng đầu và gắn với việc thành lập Việt Minh.",So sánh Đảng Cộng sản Việt Nam và Việt Minh | Hội nghị Trung ương 8 năm 1941 và Việt Minh | Đường 9 trong Chiến dịch Đường 9 - Nam Lào năm 1971 | Việt Nam hóa chiến tranh giai đoạn 1969-1973 | Chiến thắng Phước Long cuối 1974 - đầu 1975,6.91,2.8,1.2,0.86,1.05,1.0,,False,9.0,tập hợp lực lượng | lãnh đạo quần chúng | Cách mạng Tháng Tám,,
330,G5K_0330,natural_paraphrase,,1,200,Tóm tắt gọn Phong trào Đồng Khởi theo cách dễ nhớ.,"Phong trào Đồng Khởi (1959–1960) là bước chuyển quan trọng của cách mạng miền Nam, tiêu biểu ở Bến Tre, làm cách mạng miền Nam từ thế giữ gìn lực lượng chuyển sang thế tiến công và làm tan rã từng mảng chính quyền cơ sở của đối phương. [1][4] Đồng Khởi 1959-1960 phá thế kìm kẹp, chuyển sang thế tiến công và tạo cơ sở cho Mặt trận Dân tộc Giải phóng miền Nam [1]","[1]: Nguồn Stage20G2: Đồng Khởi và chuyển biến cách mạng miền Nam :: Đồng Khởi 1959-1960 là chuyển biến quan trọng ở miền Nam, đưa cách mạng miền Nam từ thế giữ gìn lực lượng sang thế tiến công. | [4]: Bối cảnh chính của Phong trào Đồng Khởi :: Phong trào Đồng Khởi, tiêu biểu từ Bến Tre tháng 1/1960, đánh dấu bước phát triển của cách mạng miền Nam và làm tan rã từng mảng chính quyền cơ sở đối phương.",Nguồn Stage20G2: Đồng Khởi và chuyển biến cách mạng miền Nam | Ý nghĩa Cách mạng Tháng Tám 1945 | Cao trào kháng Nhật cứu nước năm 1945 | Bối cảnh chính của Phong trào Đồng Khởi | Đường 9 trong Chiến dịch Đường 9 - Nam Lào năm 1971,9.5,4.0,2.0,1.5,1.0,1.0,,False,10.0,,,
331,G5K_0331,natural_paraphrase,,1,200,"Nói tự nhiên giúp tôi về Phân biệt Buôn Ma Thuột và Huế năm 1975, chỉ dựa vào tư liệu nội bộ.","Nếu nói tự nhiên để phân biệt hai mốc này thì **Buôn Ma Thuột** là mốc mở đầu rất quan trọng của **Chiến dịch Tây Nguyên** vào **10/3/1975**, còn **Huế** là đô thị được giải phóng vào **26/3/1975** trong đà tiến triển nhanh của **Tổng tiến công mùa Xuân 1975**; vì vậy, hai sự kiện khác nhau chủ yếu ở **vai trò trong chuỗi tiến công**: Buôn Ma Thuột là điểm mở đầu tạo đột phá, còn Huế là một thắng lợi tiếp nối sau đó. [1][2][3]","[1]: Tổng hợp sự kiện nên học của năm 1975 :: Chuẩn hóa theo canonical fact BUON_MA_THUOT_VS_HUE_1975: Buôn Ma Thuột là mốc mở đầu thắng lợi nổi bật của Chiến dịch Tây Nguyên ngày 10/3/1975; Huế là mốc được giải phóng ngày 26/3/1975 trong đà phát triển nhanh của Tổng tiến công mùa Xuân 1975. Hai mốc khác nhau về vị trí trong chuỗi tiến công.. [TITLE] Tổng hợp sự kiện nên học của năm 1975 [SUMM... | [2]: Ngày 10/3/1975 mở màn chiến dịch Tây Nguyên tại Buôn Ma Thuột :: Ngày 10/3/1975, trận Buôn Ma Thuột mở màn chiến dịch Tây Nguyên, tạo đột phá cho Tổng tiến công mùa Xuân 1975. | [3]: Huế được giải phóng ngày 26/3/1975 :: Ngày 26/3/1975, Huế được giải phóng trong diễn biến nhanh của Tổng tiến công mùa Xuân 1975.","Tổng hợp sự kiện nên học của năm 1975 | Ngày 10/3/1975 mở màn chiến dịch Tây Nguyên tại Buôn Ma Thuột | Huế được giải phóng ngày 26/3/1975 | Đại hội I của Đảng năm 1935 | Năm 1965: Mỹ đưa quân chiến đấu, Chiến tranh cục bộ và Vạn Tường",10.0,4.0,2.0,1.5,1.5,1.0,,False,10.0,,,
332,G5K_0332,natural_paraphrase,,1,200,"Nói tự nhiên giúp tôi về Chiến dịch Điện Biên Phủ 1954, chỉ dựa vào tư liệu nội bộ.","Chiến dịch Điện Biên Phủ năm 1954 là chiến dịch quyết định trong kháng chiến chống Pháp; ngày 7/5/1954, chiến dịch kết thúc thắng lợi, làm phá sản Kế hoạch Nava và tác động trực tiếp tới đàm phán Hội nghị Genève. [1] [4] Mốc chiến dịch cần nhớ: mở màn 13/3/1954 tại Him Lam, kéo dài 56 ngày đêm và thắng lợi ngày 7/5/1954 [1]","[1]: Chiến thắng Điện Biên Phủ - canonical answer evidence :: Chuẩn hóa theo dữ liệu nội bộ: Chiến dịch Điện Biên Phủ là chiến dịch quyết định năm 1954 trong kháng chiến chống Pháp; chiến dịch kết thúc thắng lợi ngày 7/5/1954, làm phá sản Kế hoạch Nava và tác động trực tiếp tới Hội nghị Genève. Ngày 7/5/1954, Chiến dịch Điện Biên Phủ kết thúc thắng lợi. Chiến thắng làm phá sản Kế hoạch Nava và tác động trực t... | [4]: Mốc ngày 7/5/1954 trong lịch sử Việt Nam 1945-1954 :: Ngày 7/5/1954, Chiến dịch Điện Biên Phủ kết thúc thắng lợi. Chiến thắng làm phá sản Kế hoạch Nava và tác động trực tiếp đến đàm phán Genève. Ý chính liên quan: 7/5/1954; Điện Biên Phủ; Kế hoạch Nava. Mốc thời gian cần nhớ: 7/5/1954. Điện Biên Phủ kết thúc thắng lợi ngày 7/5/1954",Chiến thắng Điện Biên Phủ - canonical answer evidence | Ý nghĩa Chiến thắng Điện Biên Phủ 1954 | So sánh Điện Biên Phủ 1954 và Chiến dịch Hồ Chí Minh 1975 | Mốc ngày 7/5/1954 trong lịch sử Việt Nam 1945-1954 | So sánh Chiến dịch Biên giới 1950 và Chiến dịch Điện Biên Phủ 1954,9.5,4.0,2.0,1.5,1.0,1.0,,False,10.0,,,
333,G5K_0333,natural_paraphrase,,1,200,"Tôi đang ôn lịch sử Việt Nam, Từ Hiệp định Sơ bộ đến Toàn quốc kháng chiến năm 1946 nên hiểu đơn giản ra sao?","Bạn có thể hiểu rất đơn giản là: năm 1946, ta tạm thời thương lượng với Pháp để kéo dài thời gian và giữ hòa bình qua Hiệp định Sơ bộ ngày 6/3/1946, rồi tiếp tục bằng Tạm ước ngày 14/9/1946, nhưng cuối cùng tình hình vẫn bế tắc nên Toàn quốc kháng chiến bùng nổ ngày 19/12/1946. [1]","[1]: Năm 1946: Hiệp định Sơ bộ, Tạm ước và Toàn quốc kháng chiến :: Chuẩn hóa theo canonical fact HIEP_DINH_SO_BO_TO_TOAN_QUOC_1946_TIMELINE: Tuyến sự kiện năm 1946 có thể nhớ theo thứ tự: Hiệp định Sơ bộ Việt - Pháp ngày 6/3/1946, Tạm ước Việt - Pháp ngày 14/9/1946, rồi Toàn quốc kháng chiến bùng nổ ngày 19/12/1946.. [TITLE] Năm 1946: Hiệp định Sơ bộ, Tạm ước và Toàn quốc kháng chiến [SUMMARY] Ngày 6/3/1946, Hiệp ...","Năm 1946: Hiệp định Sơ bộ, Tạm ước và Toàn quốc kháng chiến | Đấu tranh ngoại giao với Pháp trước 19/12/1946 | Toàn quốc kháng chiến bùng nổ | Hình thành đường lối kháng chiến toàn dân, toàn diện, lâu dài, tự lực cánh sinh | Công bố/lan truyền Lời kêu gọi Toàn quốc kháng chiến",10.0,4.0,2.0,1.5,1.5,1.0,,False,10.0,,,
334,G5K_0334,natural_paraphrase,,1,200,"Nói tự nhiên giúp tôi về Chiến dịch Tây Nguyên và Chiến dịch Hồ Chí Minh, chỉ dựa vào tư liệu nội bộ.","Chiến dịch Tây Nguyên mở đầu đột phá chiến lược của Tổng tiến công mùa Xuân 1975, với điểm nổi bật là Buôn Ma Thuột; còn Chiến dịch Hồ Chí Minh là chiến dịch cuối cùng ở Sài Gòn, giành thắng lợi vào ngày 30/4/1975, khi quân giải phóng chiếm Dinh Độc Lập và chính quyền Sài Gòn đầu hàng. [1][2] Chiến dịch Tây Nguyên 1975 mở đột phá chiến lược từ Buôn Ma Thuột ngày 10/3/1975, tạo đà tới Huế - Đà Nẵng [1]","[1]: Ý nghĩa Chiến dịch Hồ Chí Minh và Đại thắng mùa Xuân 1975 :: Chuẩn hóa theo canonical fact TAY_NGUYEN_VS_HCM_CAMPAIGN: Chiến dịch Tây Nguyên 1975 mở đầu đột phá chiến lược của Tổng tiến công mùa Xuân 1975, nổi bật với Buôn Ma Thuột; Chiến dịch Hồ Chí Minh là chiến dịch cuối cùng ở Sài Gòn, kết thúc bằng thắng lợi ngày 30/4/1975. Hai chiến dịch khác nhau về vị trí trong chuỗi tiến công.. [TITLE] Ý nghĩa Chiến... | [2]: Ngày 30/4/1975 - Dinh Độc Lập bị chiếm và chính quyền Sài Gòn đầu hàng :: Ngày 30/4/1975, quân giải phóng chiếm Dinh Độc Lập và buộc Tổng thống Dương Văn Minh tuyên bố đầu hàng không điều kiện. Mốc này báo hiệu toàn thắng của Chiến dịch Hồ Chí Minh và gắn với kết thúc thắng lợi cuộc kháng chiến chống Mỹ, cứu nước.",Ý nghĩa Chiến dịch Hồ Chí Minh và Đại thắng mùa Xuân 1975 | Ngày 30/4/1975 - Dinh Độc Lập bị chiếm và chính quyền Sài Gòn đầu hàng | Nguồn chứng minh 30/4/1975 là mốc kết thúc chiến tranh và thống nhất đất nước | So sánh Điện Biên Phủ 1954 và Chiến dịch Hồ Chí Minh 1975 | Trận Buôn Ma Thuột mở màn then chốt,9.75,4.0,2.0,1.5,1.25,1.0,,False,10.0,,,
335,G5K_0335,natural_paraphrase,,1,200,"Nói tự nhiên giúp tôi về Các mốc chống Mỹ 1960-1973, chỉ dựa vào tư liệu nội bộ.","Các mốc chống Mỹ giai đoạn 1960-1973 có thể nói gọn như sau: năm 1960, Mặt trận Dân tộc Giải phóng miền Nam ra đời; năm 1968, Tết Mậu Thân tạo tác động chính trị lớn; cuối năm 1972, chiến thắng “Điện Biên Phủ trên không” đánh bại B-52; và ngày 27/1/1973, Hiệp định Paris được ký kết. [1]",[1]: Timeline chuẩn hóa giai đoạn 1954-1975 :: Chuẩn hóa theo canonical fact ANTI_US_1960_1973_TIMELINE: Các mốc chống Mỹ 1960-1973 có thể sắp xếp ngắn: năm 1960 Mặt trận Dân tộc Giải phóng miền Nam ra đời; năm 1968 Tết Mậu Thân tạo tác động chính trị lớn; cuối năm 1972 Điện Biên Phủ trên không đánh bại B-52; ngày 27/1/1973 ký Hiệp định Paris.. [TITLE] Timeline chuẩn hóa giai đoạn 1954-1975 [SU...,Timeline chuẩn hóa giai đoạn 1954-1975 | Việt Nam hóa chiến tranh giai đoạn 1969-1973 | Đồng Khởi là chuyển biến quan trọng ở miền Nam | Chiến thắng Phước Long cuối 1974 - đầu 1975 | Đại hội II năm 1951 và Đảng Lao động Việt Nam,10.0,4.0,2.0,1.5,1.5,1.0,,False,10.0,,,
336,G5K_0336,natural_paraphrase,,1,200,"Với câu hỏi '30/4/1975 gan voi su kien gi', câu trả lời đúng trọng tâm là gì?","30/4/1975 gắn với **giải phóng miền Nam**, **kết thúc chiến tranh** và **thống nhất đất nước**. [1]","[1]: Ý nghĩa Chiến dịch Hồ Chí Minh và Đại thắng mùa Xuân 1975 :: Chuẩn hóa theo canonical fact APRIL_30_1975_MEANING: Ngày 30/4/1975 gắn với giải phóng miền Nam, chính quyền Sài Gòn đầu hàng, kết thúc chiến tranh và mở đường cho thống nhất đất nước.. [TITLE] Ý nghĩa Chiến dịch Hồ Chí Minh và Đại thắng mùa Xuân 1975 [SUMMARY] Chiến dịch Hồ Chí Minh là đòn quyết định trong cuộc tấn công quân sự cuối cùng của mùa X...",Ý nghĩa Chiến dịch Hồ Chí Minh và Đại thắng mùa Xuân 1975 | Bối cảnh chính của Chiến dịch Hồ Chí Minh | Phân biệt 30/4/1975 với mốc Quốc hội hoàn tất thống nhất nhà nước | Ngày 10/3/1975 mở màn chiến dịch Tây Nguyên tại Buôn Ma Thuột | Huế được giải phóng ngày 26/3/1975,4.0,4.0,0.5,1.5,1.5,1.0,forbidden/wrong entity hit,True,10.0,,2/9/1945,
337,G5K_0337,natural_paraphrase,,1,200,"Nói tự nhiên giúp tôi về So sánh Đồng Khởi và Tết Mậu Thân 1968, chỉ dựa vào tư liệu nội bộ.","Đồng Khởi gắn với giai đoạn **1959-1960**, là bước chuyển quan trọng ở miền Nam khi đưa cách mạng từ thế giữ gìn lực lượng sang thế tiến công; còn **Tết Mậu Thân 1968** diễn ra năm **1968**, với tác động chính trị lớn, ảnh hưởng dư luận và chính trường Mỹ, đồng thời thúc đẩy đàm phán. Vì vậy, hai sự kiện **khác thời điểm** và cũng khác vai trò: một bên là chuyển biến chiến lược ở miền Nam, bên kia là đòn tiến công có **tác động chính trị** rất mạnh. [1][2][3] Tết Mậu Thân 1968 thúc đẩy cục diện đàm phán, mốc ngoại giao sau đó là Paris 1973; chiến tranh không kết thúc ngay [1]","[1]: So sánh Đồng Khởi và Tết Mậu Thân 1968 :: Chuẩn hóa theo canonical fact DONG_KHOI_VS_TET_1968: Đồng Khởi gắn với giai đoạn 1959-1960, phá thế kìm kẹp ở nông thôn miền Nam và chuyển cách mạng miền Nam sang thế tiến công; Tết Mậu Thân diễn ra năm 1968, tạo tác động chính trị lớn, ảnh hưởng dư luận/chính trường Mỹ và thúc đẩy đàm phán. Hai sự kiện khác thời điểm, bối cảnh và tác động.. [TITLE... | [2]: Đồng Khởi là chuyển biến quan trọng ở miền Nam :: Đồng Khởi 1959-1960 là chuyển biến quan trọng, đưa cách mạng miền Nam từ thế giữ gìn lực lượng sang thế tiến công. | [3]: Năm 1968: Tổng tiến công và nổi dậy Tết Mậu Thân :: Năm 1968, Tổng tiến công và nổi dậy Tết Mậu Thân diễn ra trên nhiều đô thị miền Nam.","So sánh Đồng Khởi và Tết Mậu Thân 1968 | Đồng Khởi là chuyển biến quan trọng ở miền Nam | Năm 1968: Tổng tiến công và nổi dậy Tết Mậu Thân | Năm 1965: Mỹ đưa quân chiến đấu, Chiến tranh cục bộ và Vạn Tường | Năm 1975: Tổng tiến công mùa Xuân và giải phóng miền Nam",10.0,4.0,2.0,1.5,1.5,1.0,,False,10.0,,,
338,G5K_0338,natural_paraphrase,,1,200,"Tôi đang ôn lịch sử Việt Nam, Cách mạng Tháng Tám 1945 nên hiểu đơn giản ra sao?","Bạn có thể hiểu đơn giản: Cách mạng Tháng Tám 1945 là cuộc tổng khởi nghĩa mà nhân dân cả nước **giành chính quyền** từ tay chế độ cũ, từ đó dẫn tới sự ra đời của nước **Việt Nam Dân chủ Cộng hòa** vào ngày **2/9/1945**. [1]","[1]: Ý nghĩa Cách mạng Tháng Tám 1945 :: Chuẩn hóa theo canonical fact CMT8_1945_POLITICAL_RESULT: Kết quả chính trị lớn của Cách mạng Tháng Tám 1945 là nhân dân giành chính quyền trên cả nước, mở đường cho độc lập dân tộc và dẫn tới sự ra đời của nước Việt Nam Dân chủ Cộng hòa ngày 2/9/1945.. [TITLE] Ý nghĩa Cách mạng Tháng Tám 1945 [SUMMARY] Thắng lợi ở Hà Nội, Huế và Sài Gòn có ý nghĩa...",Ý nghĩa Cách mạng Tháng Tám 1945 | Ý nghĩa Cách mạng Tháng Tám 1945 | Đại hội II năm 1951 và Đảng Lao động Việt Nam | Cao trào kháng Nhật cứu nước năm 1945 | Xô viết Nghệ Tĩnh trong cao trào 1930-1931,10.0,4.0,2.0,1.5,1.5,1.0,,False,10.0,,,
339,G5K_0339,natural_paraphrase,,1,200,"Nói tự nhiên giúp tôi về Tuyên ngôn Độc lập 1945, chỉ dựa vào tư liệu nội bộ.","Ngày 2/9/1945, tại Quảng trường Ba Đình, Hồ Chí Minh đã đọc Tuyên ngôn Độc lập, tuyên bố thành lập nước Việt Nam Dân chủ Cộng hòa. [1][5]","[1]: Ý nghĩa Cách mạng Tháng Tám 1945 :: Chuẩn hóa theo canonical fact TUYEN_NGON_DOC_LAP_1945: Ngày 2/9/1945, Hồ Chí Minh đọc Tuyên ngôn Độc lập tại Quảng trường Ba Đình, Hà Nội, khai sinh nước Việt Nam Dân chủ Cộng hòa.. [TITLE] Ý nghĩa Cách mạng Tháng Tám 1945 [SUMMARY] Thắng lợi ở Hà Nội, Huế và Sài Gòn có ý nghĩa quyết định đối với thắng lợi của Cách mạng Tháng Tám trong cả nước. Cuộ... | [5]: Nguồn trực tiếp: ngày 2/9/1945 là ngày tuyên bố độc lập :: Ngày 2/9/1945, Hồ Chí Minh đọc Tuyên ngôn Độc lập tại Quảng trường Ba Đình và tuyên bố thành lập nước Việt Nam Dân chủ Cộng hòa.","Ý nghĩa Cách mạng Tháng Tám 1945 | Ý nghĩa Cách mạng Tháng Tám 1945 | Năm 1945: Nhật đảo chính Pháp, Tổng khởi nghĩa và Tuyên ngôn Độc lập | Năm 1965: Mỹ đưa quân chiến đấu, Chiến tranh cục bộ và Vạn Tường | Nguồn trực tiếp: ngày 2/9/1945 là ngày tuyên bố độc lập",4.0,4.0,0.5,1.5,1.5,1.0,forbidden/wrong entity hit,True,10.0,,30/4/1975,
340,G5K_0340,natural_paraphrase,,1,200,"Nói tự nhiên giúp tôi về Chiến dịch Tây Nguyên 1975, chỉ dựa vào tư liệu nội bộ.","Chiến dịch Tây Nguyên năm 1975 mở màn bằng trận Buôn Ma Thuột ngày 10/3/1975, và thắng lợi này đã tạo ra đột phá cho Tổng tiến công mùa Xuân 1975. Có thể hiểu đây là điểm mở đầu rất quan trọng, góp phần dẫn tới thắng lợi lớn của chiến dịch trong mùa Xuân 1975. [1][3] Chiến dịch Tây Nguyên 1975 mở đột phá chiến lược từ Buôn Ma Thuột ngày 10/3/1975, tạo đà tới Huế - Đà Nẵng [1]","[1]: Nguồn Stage20G2: Buôn Ma Thuột ngày 10/3/1975 :: Ngày 10/3/1975, trận Buôn Ma Thuột mở màn chiến dịch Tây Nguyên, tạo đột phá cho Tổng tiến công mùa Xuân 1975. | [3]: Năm 1975: Tổng tiến công mùa Xuân và giải phóng miền Nam :: Tháng 3/1975, chiến dịch Tây Nguyên mở đầu thắng lợi lớn của mùa Xuân 1975.","Nguồn Stage20G2: Buôn Ma Thuột ngày 10/3/1975 | Lời kêu gọi thi đua ái quốc ngày 11/6/1948 | Năm 1975: Tổng tiến công mùa Xuân và giải phóng miền Nam | Năm 1965: Mỹ đưa quân chiến đấu, Chiến tranh cục bộ và Vạn Tường | Năm 1974: chuyển biến trước Tổng tiến công 1975 và Phước Long",9.15,3.7,2.0,1.29,1.17,1.0,,False,10.0,Sài Gòn,,
341,G5K_0341,natural_paraphrase,,1,200,viet bac thu dong co y nghia gi?,"Việt Bắc Thu Đông 1947 có ý nghĩa quan trọng vì đã đánh bại chiến lược **đánh nhanh thắng nhanh** của Pháp, **bảo vệ căn cứ Việt Bắc** và tạo điều kiện để cuộc **kháng chiến lâu dài** chống Pháp tiếp tục phát triển. [1]","[1]: Chiến dịch Việt Bắc Thu-Đông 1947 :: Chuẩn hóa theo canonical fact VIET_BAC_1947_MEANING: Chiến thắng Việt Bắc Thu Đông 1947 quan trọng vì đánh bại chiến lược đánh nhanh thắng nhanh của Pháp, bảo vệ căn cứ địa Việt Bắc và tạo điều kiện để cuộc kháng chiến chống Pháp tiếp tục lâu dài.. [TITLE] Chiến dịch Việt Bắc Thu-Đông 1947 - canonical answer evidence [SUMMARY] Chiến dịch Việt Bắc T...",Chiến dịch Việt Bắc Thu-Đông 1947 | Diễn biến chính thời kỳ 1945-1954 | Đường 9 trong Chiến dịch Đường 9 - Nam Lào năm 1971 | Việt Nam hóa chiến tranh giai đoạn 1969-1973 | Chiến thắng Phước Long cuối 1974 - đầu 1975,10.0,4.0,2.0,1.5,1.5,1.0,,False,10.0,,,
342,G5K_0342,natural_paraphrase,,1,200,Tóm tắt gọn Từ Đồng Khởi đến Tết Mậu Thân theo cách dễ nhớ.,"Dễ nhớ theo chuỗi **“Đồng Khởi → lập Mặt trận → Mậu Thân”**: **1959-1960** phong trào **Đồng Khởi** làm cách mạng miền Nam chuyển sang thế tiến công; **20/12/1960** **Mặt trận Dân tộc Giải phóng miền Nam** ra đời; đến **1968** diễn ra **Tết Mậu Thân** với cuộc tổng tiến công và nổi dậy trên nhiều đô thị miền Nam. [1][2] Tết Mậu Thân 1968 thúc đẩy cục diện đàm phán, mốc ngoại giao sau đó là Paris 1973; chiến tranh không kết thúc ngay [1]","[1]: Đồng Khởi là chuyển biến quan trọng ở miền Nam :: Chuẩn hóa theo canonical fact DONG_KHOI_TO_TET_MAU_THAN_TIMELINE: Từ Đồng Khởi đến Tết Mậu Thân có thể nhớ theo tuyến: phong trào Đồng Khởi 1959-1960 làm chuyển thế cách mạng miền Nam; ngày 20/12/1960 Mặt trận Dân tộc Giải phóng miền Nam ra đời; năm 1968 diễn ra Tết Mậu Thân với tác động chính trị lớn.. [TITLE] Đồng Khởi là chuyển biến quan trọng ở... | [2]: Năm 1968: Tổng tiến công và nổi dậy Tết Mậu Thân :: Năm 1968, Tổng tiến công và nổi dậy Tết Mậu Thân diễn ra trên nhiều đô thị miền Nam.",Đồng Khởi là chuyển biến quan trọng ở miền Nam | Năm 1968: Tổng tiến công và nổi dậy Tết Mậu Thân | Ý nghĩa Cách mạng Tháng Tám 1945 | Cao trào kháng Nhật cứu nước năm 1945 | Bối cảnh chính của Phong trào Đồng Khởi,10.0,4.0,2.0,1.5,1.5,1.0,,False,10.0,,,
343,G5K_0343,natural_paraphrase,,1,200,"Với câu hỏi 'tu ha noi gianh chinh quyen den tuyen ngon doc lap gom moc nao', câu trả lời đúng trọng tâm là gì?","Mốc đúng trọng tâm là: **ngày 19/8/1945, Hà Nội giành chính quyền trong Cách mạng Tháng Tám; ngày 2/9/1945, Hồ Chí Minh đọc Tuyên ngôn Độc lập, khai sinh nước Việt Nam Dân chủ Cộng hòa**. [1]","[1]: Timeline chuẩn hóa năm 1945 :: Chuẩn hóa theo canonical fact CMT8_HANOI_TO_DECLARATION_TIMELINE: Tuyến sự kiện ngắn: ngày 19/8/1945, quần chúng Hà Nội giành chính quyền trong Cách mạng Tháng Tám; ngày 2/9/1945, Hồ Chí Minh đọc Tuyên ngôn Độc lập tại Ba Đình, khai sinh nước Việt Nam Dân chủ Cộng hòa.. [TITLE] Timeline chuẩn hóa năm 1945 [SUMMARY] Năm 1945 có các mốc chính: Nhật đ...",Timeline chuẩn hóa năm 1945 | Ý nghĩa Cách mạng Tháng Tám 1945 | Ngày 2/9/1945 - Tuyên ngôn Độc lập tại Ba Đình | Chủ tịch Hồ Chí Minh qua đời | Hòa hoãn với Pháp để đẩy quân Tưởng về nước,10.0,4.0,2.0,1.5,1.5,1.0,,False,10.0,,,
344,G5K_0344,natural_paraphrase,,1,200,hiep dinh paris 1973 thuong bi nham voi gi?,"Hiệp định Paris 1973 thường bị nhầm với Hiệp định Genève 1954: Genève 1954 gắn với kháng chiến chống Pháp và vĩ tuyến 17 là giới tuyến quân sự tạm thời, còn Paris 1973 thuộc bối cảnh kháng chiến chống Mỹ, gắn với việc chấm dứt chiến tranh, lập lại hòa bình và Mỹ rút quân. [1] Sau Paris 1973, Mỹ rút quân nhưng chiến tranh chưa kết thúc ngay, còn kéo dài đến 1975 [1]","[1]: So sánh Điện Biên Phủ 1954 và Chiến dịch Hồ Chí Minh 1975 :: Chuẩn hóa theo canonical fact GENEVE_1954_VS_PARIS_1973: Đừng nhầm Genève 1954 với Paris 1973: Genève thuộc bối cảnh kháng chiến chống Pháp, gắn với vĩ tuyến 17 là giới tuyến quân sự tạm thời; Paris 1973 thuộc bối cảnh kháng chiến chống Mỹ, gắn với chấm dứt chiến tranh, lập lại hòa bình và việc Mỹ rút quân.. [TITLE] So sánh Điện Biên Phủ 1954 và Ch...",So sánh Điện Biên Phủ 1954 và Chiến dịch Hồ Chí Minh 1975 | Việt Nam hóa chiến tranh giai đoạn 1969-1973 | Tổng tuyển cử thống nhất dự kiến năm 1956 sau Hiệp định Genève | Đại hội I của Đảng năm 1935 | Năm 1974: chuyển biến trước Tổng tiến công 1975 và Phước Long,10.0,4.0,2.0,1.5,1.5,1.0,,False,10.0,,,
345,G5K_0345,natural_paraphrase,,1,200,Tóm tắt gọn So sánh Biên giới 1950 và Điện Biên Phủ 1954 theo cách dễ nhớ.,"Dễ nhớ nhất: **Biên giới Thu Đông 1950** là chiến dịch trong **kháng chiến chống Pháp**, trọng tâm là **khai thông biên giới**, mở rộng căn cứ và làm kháng chiến chuyển sang thế chủ động hơn; còn **Điện Biên Phủ 1954** cũng thuộc **kháng chiến chống Pháp** nhưng là thắng lợi quyết định, kết thúc vào **7/5/1954**, làm thay đổi cục diện chiến tranh. [1][4]","[1]: So sánh Chiến dịch Biên giới 1950 và Chiến dịch Điện Biên Phủ 1954 :: Chuẩn hóa theo canonical fact BIEN_GIOI_1950_VS_DBP_1954: Chiến dịch Biên giới Thu Đông 1950 thuộc kháng chiến chống Pháp, chủ yếu khai thông biên giới, mở rộng căn cứ và đưa kháng chiến sang thế chủ động hơn; Điện Biên Phủ 1954 cũng thuộc kháng chiến chống Pháp nhưng là chiến thắng quyết định, kết thúc thắng lợi ngày 7/5/1954 và tác động trực tiếp... | [4]: Chiến thắng Điện Biên Phủ - canonical answer evidence :: Ngày 7/5/1954, Chiến dịch Điện Biên Phủ kết thúc thắng lợi. Chiến thắng làm phá sản Kế hoạch Nava và tác động trực tiếp đến đàm phán Genève.",So sánh Chiến dịch Biên giới 1950 và Chiến dịch Điện Biên Phủ 1954 | Ý nghĩa Chiến thắng Điện Biên Phủ 1954 | So sánh Điện Biên Phủ 1954 và Chiến dịch Hồ Chí Minh 1975 | Chiến thắng Điện Biên Phủ - canonical answer evidence | Mốc ngày 7/5/1954 trong lịch sử Việt Nam 1945-1954,10.0,4.0,2.0,1.5,1.5,1.0,,False,10.0,,,
346,G5K_0346,natural_paraphrase,,1,200,Tóm tắt gọn Chiến thắng Việt Bắc Thu Đông 1947 theo cách dễ nhớ.,"Chiến thắng Việt Bắc Thu Đông 1947 có thể nhớ gọn là: ta làm phá sản kế hoạch **“đánh nhanh thắng nhanh”** của Pháp, **bảo vệ căn cứ Việt Bắc**, và tạo điều kiện để cuộc **kháng chiến lâu dài** tiếp tục vững chắc. [1]","[1]: Chiến dịch Việt Bắc Thu-Đông 1947 :: Chuẩn hóa theo canonical fact VIET_BAC_1947_MEANING: Chiến thắng Việt Bắc Thu Đông 1947 quan trọng vì đánh bại chiến lược đánh nhanh thắng nhanh của Pháp, bảo vệ căn cứ địa Việt Bắc và tạo điều kiện để cuộc kháng chiến chống Pháp tiếp tục lâu dài.. [TITLE] Chiến dịch Việt Bắc Thu-Đông 1947 - canonical answer evidence [SUMMARY] Chiến dịch Việt Bắc T...",Chiến dịch Việt Bắc Thu-Đông 1947 | Diễn biến chính thời kỳ 1945-1954 | Đường 9 trong Chiến dịch Đường 9 - Nam Lào năm 1971 | Năm 1975: Tổng tiến công mùa Xuân và giải phóng miền Nam | Năm 1972: Tiến công chiến lược và Điện Biên Phủ trên không,10.0,4.0,2.0,1.5,1.5,1.0,,False,10.0,,,
347,G5K_0347,natural_paraphrase,,1,200,"Tôi đang ôn lịch sử Việt Nam, Tổng tiến công mùa Xuân 1975 nên hiểu đơn giản ra sao?","Tổng tiến công mùa Xuân 1975 có thể hiểu đơn giản là cuộc tiến công quyết định để giải phóng miền Nam, diễn ra theo chuỗi chính: mở đầu ở **Tây Nguyên** với thắng lợi **Buôn Ma Thuột** ngày **10/3/1975**, sau đó phát triển nhanh ra **Huế - Đà Nẵng**, và kết thúc bằng **Chiến dịch Hồ Chí Minh** với mốc **30/4/1975**. [1][3][2]","[1]: Năm 1975: Tổng tiến công mùa Xuân và giải phóng miền Nam :: Chuẩn hóa theo canonical fact SPRING_1975_CAMPAIGN_CHAIN: Chuỗi chiến dịch chính trong Tổng tiến công mùa Xuân 1975 gồm Tây Nguyên mở đầu bằng thắng lợi Buôn Ma Thuột ngày 10/3/1975, tiếp đến Huế - Đà Nẵng, rồi Chiến dịch Hồ Chí Minh kết thúc bằng mốc 30/4/1975.. [TITLE] Năm 1975: Tổng tiến công mùa Xuân và giải phóng miền Nam [SUMMARY] Tháng 3/197... | [2]: Huế được giải phóng ngày 26/3/1975 :: Ngày 26/3/1975, Huế được giải phóng trong diễn biến nhanh của Tổng tiến công mùa Xuân 1975. | [3]: Ngày 10/3/1975 mở màn chiến dịch Tây Nguyên tại Buôn Ma Thuột :: Ngày 10/3/1975, trận Buôn Ma Thuột mở màn chiến dịch Tây Nguyên, tạo đột phá cho Tổng tiến công mùa Xuân 1975.",Năm 1975: Tổng tiến công mùa Xuân và giải phóng miền Nam | Huế được giải phóng ngày 26/3/1975 | Ngày 10/3/1975 mở màn chiến dịch Tây Nguyên tại Buôn Ma Thuột | Chiến thắng Phước Long cuối 1974 - đầu 1975 | Đại hội II năm 1951 và Đảng Lao động Việt Nam,10.0,4.0,2.0,1.5,1.5,1.0,,False,10.0,,,
348,G5K_0348,natural_paraphrase,,1,200,"Tôi đang ôn lịch sử Việt Nam, Hiệp định Paris 1973 nên hiểu đơn giản ra sao?","Hiểu đơn giản, Hiệp định Paris 1973 là thỏa thuận được ký ngày 27/1/1973 để chấm dứt chiến tranh và lập lại hòa bình ở Việt Nam. [1] Sau Paris 1973, Mỹ rút quân nhưng chiến tranh chưa kết thúc ngay, còn kéo dài đến 1975 [1]","[1]: Mốc ngày 27/1/1973 trong lịch sử Việt Nam 1954-1975 :: Ngày 27/1/1973, Hiệp định Paris về chấm dứt chiến tranh, lập lại hòa bình ở Việt Nam được ký kết. Sự kiện này gắn với 27/1/1973, Paris và chấm dứt chiến tranh. Hiệp định Paris được ký ngày 27/1/1973",Mốc ngày 27/1/1973 trong lịch sử Việt Nam 1954-1975 | Việt Nam hóa chiến tranh giai đoạn 1969-1973 | Đại hội II năm 1951 và Đảng Lao động Việt Nam | Xô viết Nghệ Tĩnh trong cao trào 1930-1931 | Năm 1974: chuyển biến trước Tổng tiến công 1975 và Phước Long,9.5,4.0,2.0,1.5,1.0,1.0,,False,10.0,,,
349,G5K_0349,natural_paraphrase,,1,200,"Với câu hỏi 'bao dai thoai vi co phai ngay 2/9/1945 khong', câu trả lời đúng trọng tâm là gì?","Không. Bảo Đại thoái vị không phải ngày 2/9/1945; mốc được nêu là 30/8/1945 tại Huế, còn 2/9/1945 là ngày Hồ Chí Minh đọc Tuyên ngôn Độc lập ở Ba Đình. [1][2]","[1]: Bảo Đại thoái vị tại Huế :: Chuẩn hóa theo canonical fact BAO_DAI_ABDICATION_VS_SEP2_1945: Không. Bảo Đại thoái vị tại Huế vào cuối tháng 8/1945, nguồn nêu mốc ngày 30/8/1945; còn ngày 2/9/1945 là Lễ Tuyên ngôn Độc lập tại Quảng trường Ba Đình, khai sinh nước Việt Nam Dân chủ Cộng hòa.. [TITLE] Bảo Đại thoái vị tại Huế [SUMMARY] Năm 1945, Bảo Đại thoái vị tại Huế. [YEAR] 1945... | [2]: Nguồn trực tiếp: ngày 2/9/1945 là ngày tuyên bố độc lập :: Ngày 2/9/1945, Hồ Chí Minh đọc Tuyên ngôn Độc lập tại Quảng trường Ba Đình và tuyên bố thành lập nước Việt Nam Dân chủ Cộng hòa.",Bảo Đại thoái vị tại Huế | Nguồn trực tiếp: ngày 2/9/1945 là ngày tuyên bố độc lập | Lời kêu gọi thi đua ái quốc ngày 11/6/1948 | Tuyên ngôn Độc lập ngày 2/9/1945 | Đường 9 trong Chiến dịch Đường 9 - Nam Lào năm 1971,10.0,4.0,2.0,1.5,1.5,1.0,,False,10.0,,,
350,G5K_0350,natural_paraphrase,,1,200,"Với câu hỏi 'dien bien phu co anh huong quoc te gi', câu trả lời đúng trọng tâm là gì?","Điện Biên Phủ là **mốc quyết định** trong kháng chiến chống Pháp: chiến thắng này **đánh bại** ý chí xâm lược của Pháp, làm phá sản Kế hoạch Nava, tác động trực tiếp tới **Genève 1954**, đồng thời **suy yếu chủ nghĩa thực dân** và **cổ vũ phong trào giải phóng dân tộc** trên thế giới. [1][3]","[1]: Ý nghĩa Chiến thắng Điện Biên Phủ 1954 :: Chuẩn hóa theo canonical fact DBP_1954_INTERNATIONAL_IMPACT: Điện Biên Phủ 1954 là mốc quyết định trong kháng chiến chống Pháp: thắng lợi này đánh bại ý chí xâm lược của Pháp, làm phá sản Kế hoạch Nava và tác động trực tiếp tới Hội nghị Genève 1954; về quốc tế, nó làm suy yếu chủ nghĩa thực dân và cổ vũ phong trào giải phóng dân tộc.. [TITLE] Ý ngh... | [3]: Chiến thắng Điện Biên Phủ - canonical answer evidence :: Ngày 7/5/1954, Chiến dịch Điện Biên Phủ kết thúc thắng lợi. Chiến thắng làm phá sản Kế hoạch Nava và tác động trực tiếp đến đàm phán Genève.",Ý nghĩa Chiến thắng Điện Biên Phủ 1954 | So sánh Điện Biên Phủ 1954 và Chiến dịch Hồ Chí Minh 1975 | Chiến thắng Điện Biên Phủ - canonical answer evidence | Mốc ngày 7/5/1954 trong lịch sử Việt Nam 1945-1954 | So sánh Chiến dịch Biên giới 1950 và Chiến dịch Điện Biên Phủ 1954,10.0,4.0,2.0,1.5,1.5,1.0,,False,10.0,,,
351,G5K_0351,natural_paraphrase,,1,200,toan quoc khang chien 1946 co y nghia gi?,"Toàn quốc kháng chiến 1946 có ý nghĩa mở đầu cuộc kháng chiến toàn quốc chống Pháp, huy động tinh thần toàn dân kháng chiến và chuyển cuộc đấu tranh sang giai đoạn lâu dài [1]","[1]: Toàn quốc kháng chiến :: Chuẩn hóa theo canonical fact TOAN_QUOC_KHANG_CHIEN_1946_MEANING: Toàn quốc kháng chiến 1946 có ý nghĩa mở đầu cuộc kháng chiến toàn quốc chống Pháp, huy động tinh thần toàn dân kháng chiến và chuyển cuộc đấu tranh sang giai đoạn lâu dài.. [TITLE] Toàn quốc kháng chiến - canonical answer evidence [SUMMARY] Ngày 19/12/1946, cuộc Toàn quốc kháng chiế...","Toàn quốc kháng chiến | Đấu tranh ngoại giao với Pháp trước 19/12/1946 | Toàn quốc kháng chiến bùng nổ | Hình thành đường lối kháng chiến toàn dân, toàn diện, lâu dài, tự lực cánh sinh | Công bố/lan truyền Lời kêu gọi Toàn quốc kháng chiến",4.0,4.0,0.5,1.5,1.5,1.0,forbidden/wrong entity hit,True,10.0,,2/9/1945,
352,G5K_0352,natural_paraphrase,,1,200,Tóm tắt gọn Tết Mậu Thân 1968 theo cách dễ nhớ.,"Tết Mậu Thân 1968 là cuộc Tổng tiến công và nổi dậy diễn ra trên nhiều đô thị miền Nam, gây tác động mạnh đến chiến lược chiến tranh của Mỹ và góp phần thúc đẩy đàm phán. [1] Nói dễ nhớ: “đánh vào đô thị, làm thay đổi cục diện chiến tranh.” Tết Mậu Thân 1968 thúc đẩy cục diện đàm phán, mốc ngoại giao sau đó là Paris 1973; chiến tranh không kết thúc ngay [1]","[1]: Nguồn Stage20G2: timeline mở rộng năm 1968 :: Năm 1968, Tổng tiến công và nổi dậy Tết Mậu Thân diễn ra trên nhiều đô thị miền Nam. Mốc này tác động mạnh đến chiến lược chiến tranh của Mỹ. Tết Mậu Thân 1968 cũng góp phần thúc đẩy cục diện đàm phán.",Nguồn Stage20G2: timeline mở rộng năm 1968 | Đường 9 trong Chiến dịch Đường 9 - Nam Lào năm 1971 | Lời kêu gọi thi đua ái quốc ngày 11/6/1948 | Năm 1975: Tổng tiến công mùa Xuân và giải phóng miền Nam | Năm 1972: Tiến công chiến lược và Điện Biên Phủ trên không,10.0,4.0,2.0,1.5,1.5,1.0,,False,10.0,,,
353,G5K_0353,natural_paraphrase,,1,200,Tóm tắt gọn Chiến dịch Biên giới Thu Đông 1950 theo cách dễ nhớ.,"Chiến dịch Biên giới Thu Đông 1950 là bước quan trọng giúp **khai thông biên giới**, **mở rộng căn cứ** và đưa cuộc kháng chiến chống Pháp tiến lên **thế chủ động** hơn. [1]","[1]: Chiến dịch Biên giới Thu-Đông 1950 :: Chuẩn hóa theo canonical fact BIEN_GIOI_1950_MEANING: Chiến dịch Biên giới Thu Đông 1950 có ý nghĩa khai thông biên giới, mở rộng căn cứ địa và giúp cuộc kháng chiến chống Pháp chuyển sang thế chủ động hơn.. [TITLE] Chiến dịch Biên giới Thu-Đông 1950 - canonical answer evidence [SUMMARY] Chiến dịch Biên giới Thu-Đông 1950 khai thông biên giới Việt-...","Chiến dịch Biên giới Thu-Đông 1950 | Diễn biến chính thời kỳ 1945-1954 | Đường 9 trong Chiến dịch Đường 9 - Nam Lào năm 1971 | Năm 1939, Chiến tranh thế giới thứ hai và chuyển hướng chiến lược | Năm 1974: chuyển biến trước Tổng tiến công 1975 và Phước Long",10.0,4.0,2.0,1.5,1.5,1.0,,False,10.0,,,
354,G5K_0354,natural_paraphrase,,1,200,Tóm tắt gọn So sánh Việt Bắc 1947 và Biên giới 1950 theo cách dễ nhớ.,"Việt Bắc Thu Đông 1947 diễn ra trước, nổi bật ở việc đánh bại chiến lược đánh nhanh thắng nhanh của Pháp và bảo vệ căn cứ địa Việt Bắc; Biên giới Thu Đông 1950 diễn ra sau, nổi bật ở việc khai thông biên giới, mở rộng căn cứ và đưa kháng chiến sang thế chủ động hơn. Đây là hai chiến dịch khác nhau về thời điểm, mục tiêu và tác động [1]","[1]: So sánh Chiến dịch Việt Bắc 1947 và Chiến dịch Biên giới 1950 :: Chuẩn hóa theo canonical fact VIET_BAC_1947_VS_BIEN_GIOI_1950: Việt Bắc Thu Đông 1947 diễn ra trước, nổi bật ở việc đánh bại chiến lược đánh nhanh thắng nhanh của Pháp và bảo vệ căn cứ địa Việt Bắc; Biên giới Thu Đông 1950 diễn ra sau, nổi bật ở việc khai thông biên giới, mở rộng căn cứ và đưa kháng chiến sang thế chủ động hơn. Đây là hai chiến dịc...",So sánh Chiến dịch Việt Bắc 1947 và Chiến dịch Biên giới 1950 | So sánh Đảng Cộng sản Việt Nam và Việt Minh | Diễn biến chính thời kỳ 1945-1954 | So sánh Điện Biên Phủ 1954 và Hiệp định Genève 1954 | So sánh Điện Biên Phủ 1954 và Chiến dịch Hồ Chí Minh 1975,10.0,4.0,2.0,1.5,1.5,1.0,,False,10.0,,,
355,G5K_0355,natural_paraphrase,,1,200,"Nói tự nhiên giúp tôi về Chiến dịch Hồ Chí Minh 1975, chỉ dựa vào tư liệu nội bộ.","Chiến dịch Hồ Chí Minh là chiến dịch quyết định của Tổng tiến công và nổi dậy Xuân 1975, và đã kết thúc bằng việc giải phóng Sài Gòn ngày 30/4/1975. Đây cũng là đòn quyết định trong cuộc tấn công quân sự cuối cùng của mùa Xuân 1975, gắn với việc chiếm Dinh Độc Lập và sự đầu hàng của chính quyền Sài Gòn. [1][2][3]","[1]: Chiến dịch Hồ Chí Minh :: Chiến dịch Hồ Chí Minh là chiến dịch quyết định của Tổng tiến công và nổi dậy Xuân 1975. Chiến dịch kết thúc bằng giải phóng Sài Gòn ngày 30/4/1975. | [2]: Ý nghĩa Chiến dịch Hồ Chí Minh và Đại thắng mùa Xuân 1975 :: Chiến dịch Hồ Chí Minh là đòn quyết định trong cuộc tấn công quân sự cuối cùng của mùa Xuân 1975. Ngày 30/4/1975, Dinh Độc Lập bị chiếm và chính quyền Sài Gòn đầu hàng. Nguồn chứng nhận gắn thắng lợi này với giải phóng miền Nam, thống nhất đất nước và kết thúc cuộc kháng chiến chống Mỹ, cứu nước. | [3]: Ngày 30/4/1975 - Dinh Độc Lập bị chiếm và chính quyền Sài Gòn đầu hàng :: Ngày 30/4/1975, quân giải phóng chiếm Dinh Độc Lập và buộc Tổng thống Dương Văn Minh tuyên bố đầu hàng không điều kiện. Mốc này báo hiệu toàn thắng của Chiến dịch Hồ Chí Minh và gắn với kết thúc thắng lợi cuộc kháng chiến chống Mỹ, cứu nước.",Chiến dịch Hồ Chí Minh | Ý nghĩa Chiến dịch Hồ Chí Minh và Đại thắng mùa Xuân 1975 | Ngày 30/4/1975 - Dinh Độc Lập bị chiếm và chính quyền Sài Gòn đầu hàng | Nguồn chứng minh 30/4/1975 là mốc kết thúc chiến tranh và thống nhất đất nước | So sánh Điện Biên Phủ 1954 và Chiến dịch Hồ Chí Minh 1975,9.24,3.7,2.0,1.25,1.29,1.0,,False,10.0,Tây Nguyên,,
356,G5K_0356,natural_paraphrase,,1,200,"Nói tự nhiên giúp tôi về Từ Nhật đảo chính Pháp đến Tuyên ngôn Độc lập, chỉ dựa vào tư liệu nội bộ.","Từ **9/3/1945** khi Nhật đảo chính Pháp ở Đông Dương, tình hình cách mạng chuyển sang thời kỳ mới, rồi đến **Tổng khởi nghĩa tháng 8** giành chính quyền trong cả nước, và cuối cùng là ngày **2/9/1945** Hồ Chí Minh đọc **Tuyên ngôn Độc lập**, khai sinh nước Việt Nam Dân chủ Cộng hòa. [1]","[1]: Timeline chuẩn hóa năm 1945 :: Chuẩn hóa theo canonical fact NHAT_DAO_CHINH_TO_DOC_LAP_TIMELINE: Timeline từ Nhật đảo chính Pháp đến Tuyên ngôn Độc lập: ngày 9/3/1945 Nhật đảo chính Pháp ở Đông Dương; tháng 8/1945 diễn ra Tổng khởi nghĩa giành chính quyền; ngày 2/9/1945 Hồ Chí Minh đọc Tuyên ngôn Độc lập, khai sinh nước Việt Nam Dân chủ Cộng hòa.. [TITLE] Timeline chuẩn hóa năm ...","Timeline chuẩn hóa năm 1945 | Đội Việt Nam Tuyên truyền Giải phóng quân thành lập ngày 22/12/1944 | Đại hội II năm 1951 và Đảng Lao động Việt Nam | Năm 1945: Nhật đảo chính Pháp, Tổng khởi nghĩa và Tuyên ngôn Độc lập | Cao trào kháng Nhật cứu nước năm 1945",10.0,4.0,2.0,1.5,1.5,1.0,,False,10.0,,,
357,G5K_0357,natural_paraphrase,,1,200,22/12/1944 gan voi luc luong nao?,"Ngày 22/12/1944 gắn với **Đội Việt Nam Tuyên truyền Giải phóng quân**; đây là ngày đơn vị này được thành lập tại rừng Trần Hưng Đạo, Cao Bằng. [1][2]","[1]: Đội Việt Nam Tuyên truyền Giải phóng quân :: Chuẩn hóa theo canonical fact VNTTGPQ_1944_FOUNDING_DATE: Đội Việt Nam Tuyên truyền Giải phóng quân thành lập ngày 22/12/1944 tại rừng Trần Hưng Đạo, Cao Bằng; đơn vị này gắn với vai trò chỉ huy của Võ Nguyên Giáp.. [TITLE] Đội Việt Nam Tuyên truyền Giải phóng quân - canonical answer evidence [SUMMARY] Đội Việt Nam Tuyên truyền Giải phóng quân thàn... | [2]: Đội Việt Nam Tuyên truyền Giải phóng quân thành lập ngày 22/12/1944 :: Ngày 22/12/1944, Đội Việt Nam Tuyên truyền Giải phóng quân được thành lập tại rừng Trần Hưng Đạo, Cao Bằng.",Đội Việt Nam Tuyên truyền Giải phóng quân | Đội Việt Nam Tuyên truyền Giải phóng quân thành lập ngày 22/12/1944 | Mặt trận Dân tộc Giải phóng miền Nam Việt Nam ra đời ngày 20/12/1960 | So sánh Đảng Cộng sản Việt Nam và Việt Minh | Nguồn trực tiếp: Hiệp định Genève 1954 quy định đình chỉ chiến sự và giới tuyến tạm thời,10.0,4.0,2.0,1.5,1.5,1.0,,False,10.0,,,
358,G5K_0358,natural_paraphrase,,1,200,"Với câu hỏi 'sap xep ngan cac moc chinh trong tuyen su kien tu viet bac 1947 den bien gioi 1950', câu trả lời đúng trọng tâm là gì?","Thứ tự ngắn gọn là: **Việt Bắc 1947** trước, rồi đến **Biên giới 1950**, và mốc này đánh dấu kháng chiến chuyển sang **thế chủ động** hơn. [1] Việt Bắc Thu Đông 1947 bảo vệ căn cứ; Biên giới Thu Đông 1950 khai thông biên giới, mở rộng căn cứ và tạo thế chủ động [1]","[1]: Chiến dịch Biên giới Thu-Đông 1950 :: Chuẩn hóa theo canonical fact VIET_BAC_1947_TO_BIEN_GIOI_1950_TIMELINE: Thứ tự đúng là Việt Bắc Thu Đông 1947 diễn ra trước, giúp bảo vệ căn cứ và đánh bại chiến lược đánh nhanh thắng nhanh; sau đó Chiến dịch Biên giới Thu Đông 1950 khai thông biên giới, mở rộng căn cứ và đưa kháng chiến sang thế chủ động hơn.. [TITLE] Chiến dịch Biên giới Thu-Đông...",Chiến dịch Biên giới Thu-Đông 1950 | Đường 9 trong Chiến dịch Đường 9 - Nam Lào năm 1971 | Diễn biến chính thời kỳ 1945-1954 | Bối cảnh chính của Hiệp định Genève 1954 | Bình dân học vụ chống nạn mù chữ sau Cách mạng Tháng Tám,10.0,4.0,2.0,1.5,1.5,1.0,,False,10.0,,,
359,G5K_0359,natural_paraphrase,,1,200,"Nói tự nhiên giúp tôi về Hiệp định Paris 1973, chỉ dựa vào tư liệu nội bộ.","Hiệp định Paris là hiệp định được ký ngày 27/1/1973, nhằm chấm dứt chiến tranh và lập lại hòa bình ở Việt Nam. Nói ngắn gọn, đây là một mốc rất quan trọng vì gắn với việc kết thúc cuộc chiến bằng con đường ký kết ở Paris. [1] Sau Paris 1973, Mỹ rút quân nhưng chiến tranh chưa kết thúc ngay, còn kéo dài đến 1975 [1]","[1]: Mốc ngày 27/1/1973 trong lịch sử Việt Nam 1954-1975 :: Ngày 27/1/1973, Hiệp định Paris về chấm dứt chiến tranh, lập lại hòa bình ở Việt Nam được ký kết. Sự kiện này gắn với 27/1/1973, Paris và chấm dứt chiến tranh. Hiệp định Paris được ký ngày 27/1/1973","Mốc ngày 27/1/1973 trong lịch sử Việt Nam 1954-1975 | Việt Nam hóa chiến tranh giai đoạn 1969-1973 | Năm 1965: Mỹ đưa quân chiến đấu, Chiến tranh cục bộ và Vạn Tường | Năm 1974: chuyển biến trước Tổng tiến công 1975 và Phước Long | Năm 1972: Tiến công chiến lược và Điện Biên Phủ trên không",8.82,3.7,2.0,1.12,1.0,1.0,,False,10.0,quyền dân tộc,,
360,G5K_0360,natural_paraphrase,,1,200,vi tuyen 17 theo geneve la gi?,"Theo Hiệp định Genève 1954, vĩ tuyến 17 là **giới tuyến quân sự tạm thời** để chia cắt hai miền Việt Nam sau chiến tranh, **không phải biên giới vĩnh viễn**; quy định này gắn với việc **kết thúc chiến tranh** ở Đông Dương và dự kiến **tổng tuyển cử** để thống nhất đất nước. [1][2][3]","[1]: So sánh Hiệp định Genève 1954 và Hiệp định Paris 1973 :: Chuẩn hóa theo canonical fact GENEVE_1954_17TH_PARALLEL: Hiệp định Genève 1954 là mốc quan trọng vì góp phần kết thúc chiến tranh ở Đông Dương, quy định vĩ tuyến 17 là giới tuyến quân sự tạm thời, không phải biên giới vĩnh viễn, và gắn với dự kiến tổng tuyển cử thống nhất đất nước.. [TITLE] So sánh Hiệp định Genève 1954 và Hiệp định Paris 1973 [SUM... | [2]: Nội dung và ý nghĩa Hiệp định Genève 1954 :: Hiệp định Genève 1954 gắn với việc lập lại hòa bình ở Đông Dương. Nguồn chứng nhận nêu các nước tham gia tuyên bố tôn trọng độc lập, chủ quyền, thống nhất và toàn vẹn lãnh thổ của Việt Nam, Lào và Campuchia. Hiệp định cũng quy định Việt Nam tạm thời chia cắt qua vĩ tuyến 17. | [3]: Vĩ tuyến 17 trở thành giới tuyến quân sự tạm thời :: Năm 1954, Vĩ tuyến 17 trở thành giới tuyến quân sự tạm thời.",So sánh Hiệp định Genève 1954 và Hiệp định Paris 1973 | Nội dung và ý nghĩa Hiệp định Genève 1954 | Vĩ tuyến 17 trở thành giới tuyến quân sự tạm thời | Quy định vĩ tuyến 17 là giới tuyến quân sự tạm thời | Hình thành giới tuyến quân sự tạm thời ở vĩ tuyến 17,10.0,4.0,2.0,1.5,1.5,1.0,,False,10.0,,,
361,G5K_0361,natural_paraphrase,,1,200,hoi nghi thanh lap dang 1930 khac hoi nghi trung uong 8 nam 1941 the nao?,"Khác nhau ở mục tiêu và kết quả: hội nghị năm 1930 là hội nghị hợp nhất các tổ chức cộng sản, dẫn tới thành lập Đảng Cộng sản Việt Nam; còn Hội nghị Trung ương 8 năm 1941 tập trung đặt nhiệm vụ giải phóng dân tộc lên hàng đầu và quyết định thành lập Việt Minh để tập hợp lực lượng cứu quốc. [1][3]","[1]: So sánh Việt Minh và Đảng Cộng sản Việt Nam :: Chuẩn hóa theo canonical fact PARTY_FOUNDING_1930_VS_TW8_1941: Hội nghị thành lập Đảng đầu năm 1930 gắn với việc hợp nhất các tổ chức cộng sản và thành lập Đảng Cộng sản Việt Nam; Hội nghị Trung ương 8 năm 1941 đặt nhiệm vụ giải phóng dân tộc lên hàng đầu và gắn với việc thành lập Việt Minh.. [TITLE] So sánh Việt Minh và Đảng Cộng sản Việt Nam [SUM... | [3]: Hội nghị Trung ương 8 năm 1941 và Việt Minh :: Hội nghị Trung ương 8 năm 1941 hoàn chỉnh chuyển hướng chiến lược, đặt giải phóng dân tộc lên hàng đầu và gắn với việc thành lập Việt Minh.",So sánh Việt Minh và Đảng Cộng sản Việt Nam | So sánh Đảng Cộng sản Việt Nam và Việt Minh | Hội nghị Trung ương 8 năm 1941 và Việt Minh | Năm 1939: Chiến tranh thế giới thứ hai và Hội nghị Trung ương 6 | Đảng Cộng sản Việt Nam thành lập năm 1930,10.0,4.0,2.0,1.5,1.5,1.0,,False,10.0,,,
362,G5K_0362,natural_paraphrase,,1,502,"Với câu hỏi 'dien bien phu tren khong co phai chong phap khong', câu trả lời đúng trọng tâm là gì?","9Router API mode trả về câu trả lời không đạt kiểm tra citation/context-only, nên hệ thống không hiển thị câu trả lời đó. Local no-cloud mode vẫn khả dụng.",,Điện Biên Phủ trên không | Năm 1972: Tiến công chiến lược và Điện Biên Phủ trên không | Bối cảnh chính của Điện Biên Phủ trên không | Diễn biến chính thời kỳ 1945-1954 | So sánh Điện Biên Phủ 1954 và Hiệp định Genève 1954,2.0,0.0,0.5,0.0,0.0,0.5,HTTP/postcheck error; no usable final answer,True,,1954 chống Pháp | 1972 chống Mỹ | B-52,,Answer was blocked by runtime/citation-context postcheck.
363,G5K_0363,natural_paraphrase,,1,200,"Tôi đang ôn lịch sử Việt Nam, Điện Biên Phủ trên không 1972 nên hiểu đơn giản ra sao?","Điện Biên Phủ 1954 là chiến thắng chống Pháp ở Tây Bắc, kết thúc ngày 7/5/1954; còn Điện Biên Phủ trên không 1972 là thắng lợi chống Mỹ, đánh bại cuộc tập kích B-52 trong 12 ngày đêm Hà Nội - Hải Phòng [1] Điện Biên Phủ trên không 1972 đánh bại B-52 trong 12 ngày đêm, tạo sức ép quan trọng dẫn tới Paris 1973 [1]","[1]: Điện Biên Phủ trên không :: Chuẩn hóa theo canonical fact DBP_1954_VS_AIR_1972: Điện Biên Phủ 1954 là chiến thắng chống Pháp ở Tây Bắc, kết thúc ngày 7/5/1954; còn Điện Biên Phủ trên không 1972 là thắng lợi chống Mỹ, đánh bại cuộc tập kích B-52 trong 12 ngày đêm Hà Nội - Hải Phòng.. [TITLE] Điện Biên Phủ trên không - canonical answer evidence [SUMMARY] Cuối tháng 12/1972, quâ...",Điện Biên Phủ trên không | Đại hội II năm 1951 và Đảng Lao động Việt Nam | Năm 1972: Tiến công chiến lược và Điện Biên Phủ trên không | Xô viết Nghệ Tĩnh trong cao trào 1930-1931 | Năm 1930: Đảng Cộng sản Việt Nam ra đời và cao trào 1930-1931,9.5,4.0,2.0,1.5,1.0,1.0,,False,10.0,,,
364,G5K_0364,natural_paraphrase,,1,502,tra loi 1 cau dien bien phu ket thuc ngay nao?,"9Router API mode trả về câu trả lời không đạt kiểm tra citation/context-only, nên hệ thống không hiển thị câu trả lời đó. Local no-cloud mode vẫn khả dụng.",,Chiến thắng Điện Biên Phủ | Ý nghĩa Chiến thắng Điện Biên Phủ 1954 | So sánh Điện Biên Phủ 1954 và Chiến dịch Hồ Chí Minh 1975 | Mốc ngày 7/5/1954 trong lịch sử Việt Nam 1945-1954 | So sánh Chiến dịch Biên giới 1950 và Chiến dịch Điện Biên Phủ 1954,2.0,0.0,0.5,0.0,0.0,0.5,HTTP/postcheck error; no usable final answer,True,,7/5/1954,,Answer was blocked by runtime/citation-context postcheck.
365,G5K_0365,natural_paraphrase,,1,200,dai hoi ii nam 1951 la moc gi?,Đại hội II năm 1951 là mốc Đảng quyết định ra hoạt động công khai với tên **Đảng Lao động Việt Nam**. [1],[1]: Đại hội đại biểu toàn quốc lần thứ II của Đảng :: Chuẩn hóa theo focus planner DAI_HOI_II_1951_DATE: Đại hội II của Đảng diễn ra năm 1951; Đại hội quyết định đưa Đảng ra hoạt động công khai với tên Đảng Lao động Việt Nam.. [TITLE] Đại hội đại biểu toàn quốc lần thứ II của Đảng - canonical answer evidence [SUMMARY] Đại hội II năm 1951 quyết định đưa Đảng ra hoạt động công khai với tên Đảng Lao động...,Đại hội đại biểu toàn quốc lần thứ II của Đảng | Đại hội II năm 1951 và Đảng Lao động Việt Nam | Đại hội I của Đảng năm 1935 | Đường 9 trong Chiến dịch Đường 9 - Nam Lào năm 1971 | Đảng Cộng sản Việt Nam thành lập năm 1930,10.0,4.0,2.0,1.5,1.5,1.0,,False,10.0,,,
366,G5K_0366,natural_paraphrase,,1,200,cuoc khang chien o nam bo bat dau ngay nao?,"Nam Bộ kháng chiến bắt đầu ngày 23/9/1945, khi thực dân Pháp trở lại xâm lược ở Sài Gòn - Nam Bộ [1]","[1]: Nam Bộ kháng chiến :: Chuẩn hóa theo canonical fact NAM_BO_KHANG_CHIEN_1945_START_DATE: Nam Bộ kháng chiến bắt đầu ngày 23/9/1945, khi thực dân Pháp trở lại xâm lược ở Sài Gòn - Nam Bộ.. [TITLE] Nam Bộ kháng chiến - canonical answer evidence [SUMMARY] Ngày 23/9/1945, nhân dân Nam Bộ bước vào kháng chiến chống thực dân Pháp quay lại xâm lược. [YEAR] 1945 [YEARS] 1945 [DA...","Nam Bộ kháng chiến | Nam Bộ kháng chiến bắt đầu ngày 23/9/1945 | Năm 1946: Hiệp định Sơ bộ, Tạm ước và Toàn quốc kháng chiến | Năm 1965: Mỹ đưa quân chiến đấu, Chiến tranh cục bộ và Vạn Tường | Năm 1972: Tiến công chiến lược và Điện Biên Phủ trên không",10.0,4.0,2.0,1.5,1.5,1.0,,False,10.0,,,
367,G5K_0367,natural_paraphrase,,1,200,ho chi minh doc tuyen ngon doc lap khi nao?,"Hồ Chí Minh đọc Tuyên ngôn Độc lập vào ngày **2/9/1945** tại **Quảng trường Ba Đình**, và sự kiện này đã tuyên bố thành lập nước **Việt Nam Dân chủ Cộng hòa**. [1]","[1]: Ý nghĩa Cách mạng Tháng Tám 1945 :: Chuẩn hóa theo canonical fact TUYEN_NGON_DOC_LAP_1945: Ngày 2/9/1945, Hồ Chí Minh đọc Tuyên ngôn Độc lập tại Quảng trường Ba Đình, Hà Nội, khai sinh nước Việt Nam Dân chủ Cộng hòa.. [TITLE] Ý nghĩa Cách mạng Tháng Tám 1945 [SUMMARY] Thắng lợi ở Hà Nội, Huế và Sài Gòn có ý nghĩa quyết định đối với thắng lợi của Cách mạng Tháng Tám trong cả nước. Cuộ...","Ý nghĩa Cách mạng Tháng Tám 1945 | Năm 1945: Nhật đảo chính Pháp, Tổng khởi nghĩa và Tuyên ngôn Độc lập | Nguồn trực tiếp: ngày 2/9/1945 là ngày tuyên bố độc lập | Nguồn trực tiếp: Hiệp định Genève 1954 quy định đình chỉ chiến sự và giới tuyến tạm thời | Tuyên ngôn Độc lập ngày 2/9/1945",9.75,4.0,2.0,1.5,1.25,1.0,,False,10.0,,,
368,G5K_0368,natural_paraphrase,,1,200,Tóm tắt gọn Đường Trường Sơn theo cách dễ nhớ.,"Đường Trường Sơn là tuyến đường vận tải chiến lược mở từ năm 1959, gắn với ngày 19/5/1959 và sự ra đời của Đoàn 559; có thể nhớ ngắn gọn: “1959 – Đoàn 559 – chi viện miền Nam”. [1][2]","[1]: Đường Trường Sơn :: Ngày 19/5/1959 gắn với việc thành lập Đoàn 559, mở đường chi viện chiến lược Trường Sơn. Sự kiện này gắn với 19/5/1959, Đoàn 559 và Trường Sơn. ngày 19/5/1959 gắn với Đoàn 559 | [2]: Bắt đầu xây dựng đường Trường Sơn (đường Hồ Chí Minh) – huyết mạch chi viện miền Nam (1959) :: Năm 1959, Bộ Tổng Tham mưu Quân đội Nhân dân Việt Nam bắt đầu xây dựng tuyến đường vận tải chiến lược dọc theo dãy Trường Sơn – về sau nổi tiếng với tên đường Hồ Chí Minh.",Đường Trường Sơn | Bắt đầu xây dựng đường Trường Sơn (đường Hồ Chí Minh) – huyết mạch chi viện miền Nam (1959) | Mốc ngày 19/5/1959 trong lịch sử Việt Nam 1954-1975 | Bối cảnh chính của Đường Trường Sơn và Đoàn 559 | Năm 1959: Đoàn 559 và đường Trường Sơn,4.8,1.5,1.2,0.5,0.6,1.0,weak displayed citation support,True,8.5,người và vật chất | hậu phương miền Bắc | tiền tuyến miền Nam | Không,,
369,G5K_0369,natural_paraphrase,,1,200,Tóm tắt gọn Mở màn Chiến dịch Điện Biên Phủ 1954 theo cách dễ nhớ.,"Mở màn Chiến dịch Điện Biên Phủ là **ngày 13/3/1954**, với **trận Him Lam**; chiến dịch kéo dài **56 ngày đêm** và kết thúc thắng lợi vào **7/5/1954**. [1]","[1]: Mở màn Chiến dịch Điện Biên Phủ :: Chuẩn hóa theo canonical fact DBP_1954_MILESTONES: Các mốc ổn định của Chiến dịch Điện Biên Phủ: mở màn ngày 13/3/1954 với trận Him Lam, diễn ra 56 ngày đêm, và kết thúc thắng lợi ngày 7/5/1954.. [TITLE] Mở màn Chiến dịch Điện Biên Phủ - canonical answer evidence [SUMMARY] Ngày 13/3/1954, Chiến dịch Điện Biên Phủ mở màn với trận Him Lam. [YEAR] 195...",Mở màn Chiến dịch Điện Biên Phủ | Ý nghĩa Chiến thắng Điện Biên Phủ 1954 | So sánh Điện Biên Phủ 1954 và Chiến dịch Hồ Chí Minh 1975 | Trận đánh đồi Him Lam mở màn chiến dịch Điện Biên Phủ | Phân biệt Chiến dịch Điện Biên Phủ với trận Him Lam mở màn,10.0,4.0,2.0,1.5,1.5,1.0,,False,10.0,,,
370,G5K_0370,natural_paraphrase,,1,200,hien phap dau tien cua viet nam dan chu cong hoa nam nao?,Hiến pháp đầu tiên của Việt Nam Dân chủ Cộng hòa là năm **1946**; Quốc hội thông qua vào ngày **9/11/1946**. [1],"[1]: Hiến pháp năm 1946 :: Chuẩn hóa theo canonical fact HIEN_PHAP_1946_FIRST_CONSTITUTION: Năm 1946 gắn với Hiến pháp đầu tiên của nước Việt Nam Dân chủ Cộng hòa; Quốc hội thông qua Hiến pháp ngày 9/11/1946.. [TITLE] Hiến pháp năm 1946 - canonical answer evidence [SUMMARY] Ngày 9/11/1946, Quốc hội thông qua bản Hiến pháp đầu tiên của nước Việt Nam Dân chủ Cộng hòa. [YEAR] 1...",Hiến pháp năm 1946 | Thông qua Hiến pháp năm 1946 | Hiến pháp 1946 của Việt Nam Dân chủ Cộng hòa | Hiến pháp 1946: thiết kế thể chế đầu tiên của Việt Nam Dân chủ Cộng hòa | Mốc ngày 9/11/1946 trong lịch sử Việt Nam 1945-1954,10.0,4.0,2.0,1.5,1.5,1.0,,False,10.0,,,
371,G5K_0371,natural_paraphrase,,1,200,"Với câu hỏi 'trong lich su viet nam 1930 1975 19/8/1945 gan voi su kien nao', câu trả lời đúng trọng tâm là gì?",Ngày 19/8/1945 gắn với sự kiện quần chúng Hà Nội giành chính quyền trong Cách mạng Tháng Tám. [1],"[1]: Mốc ngày 19/8/1945 trong lịch sử Việt Nam 1930-1945 :: Chuẩn hóa theo canonical fact HANOI_AUG19_1945_DATE: Ngày 19/8/1945 gắn với sự kiện quần chúng Hà Nội giành chính quyền trong Cách mạng Tháng Tám.. [TITLE] Mốc ngày 19/8/1945 trong lịch sử Việt Nam 1930-1945 [SUMMARY] Ngày 19/8/1945, quần chúng Hà Nội xuống đường giành chính quyền. Đây là mốc tiêu biểu trong cao trào giành chính quyền của Cách mạng...",Mốc ngày 19/8/1945 trong lịch sử Việt Nam 1930-1945 | Đường 9 trong Chiến dịch Đường 9 - Nam Lào năm 1971 | Nguồn trực tiếp: Hiệp định Genève 1954 quy định đình chỉ chiến sự và giới tuyến tạm thời | Xô viết Nghệ Tĩnh trong cao trào 1930-1931 | Năm 1975: Tổng tiến công mùa Xuân và giải phóng miền Nam,10.0,4.0,2.0,1.5,1.5,1.0,,False,10.0,,,
372,G5K_0372,natural_paraphrase,,1,200,Tóm tắt gọn Sửa nhầm ngày Hồ Chí Minh đọc Tuyên ngôn Độc lập theo cách dễ nhớ.,"Không. Dễ nhớ nhất là: **“2/9/1945, tại Quảng trường Ba Đình, Hồ Chí Minh đọc Tuyên ngôn Độc lập, khai sinh nước Việt Nam Dân chủ Cộng hòa.”** [1]","[1]: Ý nghĩa Cách mạng Tháng Tám 1945 :: Chuẩn hóa theo canonical fact TUYEN_NGON_DOC_LAP_1945: Ngày 2/9/1945, Hồ Chí Minh đọc Tuyên ngôn Độc lập tại Quảng trường Ba Đình, Hà Nội, khai sinh nước Việt Nam Dân chủ Cộng hòa.. [TITLE] Ý nghĩa Cách mạng Tháng Tám 1945 [SUMMARY] Thắng lợi ở Hà Nội, Huế và Sài Gòn có ý nghĩa quyết định đối với thắng lợi của Cách mạng Tháng Tám trong cả nước. Cuộ...","Ý nghĩa Cách mạng Tháng Tám 1945 | Lời kêu gọi thi đua ái quốc ngày 11/6/1948 | Nguồn trực tiếp: ngày 2/9/1945 là ngày tuyên bố độc lập | Tuyên ngôn Độc lập ngày 2/9/1945 | Năm 1945: Nhật đảo chính Pháp, Tổng khởi nghĩa và Tuyên ngôn Độc lập",10.0,4.0,2.0,1.5,1.5,1.0,,False,10.0,,,
373,G5K_0373,natural_paraphrase,,1,200,"Tôi đang ôn lịch sử Việt Nam, So sánh Xô viết Nghệ Tĩnh và Cách mạng Tháng Tám nên hiểu đơn giản ra sao?","Hiểu đơn giản: **Xô viết Nghệ Tĩnh** là đỉnh cao của cao trào **1930-1931**, diễn ra chủ yếu ở Nghệ An - Hà Tĩnh như một phong trào đấu tranh quần chúng chống chính quyền thực dân phong kiến; còn **Cách mạng Tháng Tám 1945** là cuộc **giành chính quyền** trên cả nước, đưa đến sự ra đời của nước Việt Nam Dân chủ Cộng hòa. Vì vậy, hai sự kiện **khác thời điểm**, khác phạm vi và khác kết quả chính trị: một bên là phong trào cách mạng trong **1930-1931**, một bên là tổng khởi nghĩa thắng lợi năm **1945**. [1][2]","[1]: Xô viết Nghệ Tĩnh trong cao trào 1930-1931 :: Chuẩn hóa theo canonical fact XO_VIET_NGHE_TINH_VS_CMT8: Xô viết Nghệ Tĩnh thuộc cao trào 1930-1931, diễn ra mạnh ở Nghệ An - Hà Tĩnh với hình thức đấu tranh quần chúng chống chính quyền thực dân phong kiến; Cách mạng Tháng Tám 1945 là tổng khởi nghĩa giành chính quyền trên cả nước, dẫn tới sự ra đời của nước Việt Nam Dân chủ Cộng hòa. Hai sự kiện ... | [2]: So sánh Xô viết Nghệ Tĩnh và Cách mạng Tháng Tám 1945 :: Một bên là cao trào 1930-1931, một bên là tổng khởi nghĩa giành chính quyền năm 1945. Điểm cần phân biệt là phạm vi, thời điểm và vai trò của Xô viết Nghệ Tĩnh so với Cách mạng Tháng Tám 1945. Khi trả lời cần nêu rõ các từ khóa: Xô viết Nghệ Tĩnh; Cách mạng Tháng Tám.",Xô viết Nghệ Tĩnh trong cao trào 1930-1931 | So sánh Xô viết Nghệ Tĩnh và Cách mạng Tháng Tám 1945 | Ý nghĩa Cách mạng Tháng Tám 1945 | Đại hội II năm 1951 và Đảng Lao động Việt Nam | Cao trào kháng Nhật cứu nước năm 1945,9.7,4.0,2.0,1.5,1.2,1.0,,False,10.0,,,
374,G5K_0374,natural_paraphrase,,1,200,sap xep ngan tuyen su kien dien bien phu 1954 den hiep dinh geneve?,Sắp xếp ngắn gọn: **7/5/1954 – Điện Biên Phủ kết thúc thắng lợi**; sau đó thắng lợi này tác động trực tiếp đến đàm phán **Genève**; đến **tháng 7/1954** thì **Hiệp định Genève** về Đông Dương được ký. [1],"[1]: Chiến thắng Điện Biên Phủ :: Chuẩn hóa theo canonical fact DBP_1954_TO_GENEVE_TIMELINE: Tuyến Điện Biên Phủ đến Genève cần nhớ: Chiến thắng Điện Biên Phủ kết thúc ngày 7/5/1954, tạo tác động trực tiếp tới đàm phán, rồi Hiệp định Genève về Đông Dương được ký trong tháng 7/1954.. [TITLE] Chiến thắng Điện Biên Phủ - canonical answer evidence [SUMMARY] Ngày 7/5/1954, Chiến dịch Đi...",Chiến thắng Điện Biên Phủ | Ý nghĩa Chiến thắng Điện Biên Phủ 1954 | So sánh Điện Biên Phủ 1954 và Chiến dịch Hồ Chí Minh 1975 | Mốc ngày 7/5/1954 trong lịch sử Việt Nam 1945-1954 | So sánh Chiến dịch Biên giới 1950 và Chiến dịch Điện Biên Phủ 1954,10.0,4.0,2.0,1.5,1.5,1.0,,False,10.0,,,
375,G5K_0375,natural_paraphrase,,1,200,"Với câu hỏi 'phan biet giup toi hien phap 1946 voi tuyen ngon doc lap', câu trả lời đúng trọng tâm là gì?","Khác nhau ở chỗ: **Tuyên ngôn Độc lập** ngày **2/9/1945** là văn kiện tuyên bố độc lập, khai sinh nước Việt Nam Dân chủ Cộng hòa, còn **Hiến pháp 1946** là bản hiến pháp đầu tiên, được Quốc hội thông qua để đặt nền tảng thể chế cho nhà nước mới. [1]","[1]: Timeline chuẩn hóa năm 1945 :: Chuẩn hóa theo canonical fact HIEN_PHAP_1946_VS_TUYEN_NGON: Tuyên ngôn Độc lập ngày 2/9/1945 là văn kiện tuyên bố độc lập, khai sinh nước Việt Nam Dân chủ Cộng hòa; Hiến pháp 1946 là bản hiến pháp đầu tiên, được Quốc hội thông qua để đặt nền tảng thể chế cho nhà nước mới.. [TITLE] Timeline chuẩn hóa năm 1945 [SUMMARY] Năm 1945 có các mốc chính: Nhậ...","Timeline chuẩn hóa năm 1945 | Đường 9 trong Chiến dịch Đường 9 - Nam Lào năm 1971 | Ý nghĩa Cách mạng Tháng Tám 1945 | Năm 1945: Nhật đảo chính Pháp, Tổng khởi nghĩa và Tuyên ngôn Độc lập | Năm 1946: Hiệp định Sơ bộ, Tạm ước và Toàn quốc kháng chiến",10.0,4.0,2.0,1.5,1.5,1.0,,False,10.0,,,
376,G5K_0376,natural_paraphrase,,1,200,"Tôi đang ôn lịch sử Việt Nam, Tổng tuyển cử 1956 theo Genève nên hiểu đơn giản ra sao?","Hiểu đơn giản: sau Hiệp định Genève **1954**, Việt Nam dự kiến sẽ có tổng tuyển cử thống nhất vào **1956**, nhưng cuộc bầu cử này **không được thực hiện**, nên tình trạng **chia cắt** tiếp tục kéo dài. [1]","[1]: Tổng tuyển cử thống nhất dự kiến năm 1956 sau Hiệp định Genève :: Chuẩn hóa theo canonical fact GENEVE_1954_TO_1956_ELECTION_TIMELINE: Từ Genève 1954 đến tổng tuyển cử cần nhớ: Hiệp định Genève năm 1954 xác lập giới tuyến quân sự tạm thời; tổng tuyển cử thống nhất đất nước dự kiến vào năm 1956 nhưng không được thực hiện, khiến tình trạng chia cắt kéo dài.. [TITLE] Tổng tuyển cử thống nhất dự kiến năm 1956 sau Hiệ...","Tổng tuyển cử thống nhất dự kiến năm 1956 sau Hiệp định Genève | Đại hội II năm 1951 và Đảng Lao động Việt Nam | Xô viết Nghệ Tĩnh trong cao trào 1930-1931 | Cao trào kháng Nhật cứu nước năm 1945 | Năm 1945: Nhật đảo chính Pháp, Tổng khởi nghĩa và Tuyên ngôn Độc lập",10.0,4.0,2.0,1.5,1.5,1.0,,False,10.0,,,
377,G5K_0377,natural_paraphrase,,1,200,so sanh nam bo khang chien voi toan quoc khang chien?,"Nam Bộ kháng chiến và Toàn quốc kháng chiến khác nhau chủ yếu ở **thời điểm** và **phạm vi**: Nam Bộ kháng chiến nổ ra ngày **23/9/1945** ở Sài Gòn – Nam Bộ, còn Toàn quốc kháng chiến bùng nổ ngày **19/12/1946** và mở đầu cuộc kháng chiến trên phạm vi cả nước chống Pháp [1].","[1]: Mốc ngày 19/12/1946 trong lịch sử Việt Nam 1945-1954 :: Chuẩn hóa theo canonical fact NAM_BO_VS_TOAN_QUOC_KHANG_CHIEN: Nam Bộ kháng chiến bắt đầu ngày 23/9/1945 ở Sài Gòn - Nam Bộ khi Pháp trở lại xâm lược; Toàn quốc kháng chiến bùng nổ ngày 19/12/1946, mở đầu cuộc kháng chiến toàn quốc chống Pháp. Hai mốc khác nhau về phạm vi và thời điểm.. [TITLE] Mốc ngày 19/12/1946 trong lịch sử Việt Nam 1945-1954 [...","Mốc ngày 19/12/1946 trong lịch sử Việt Nam 1945-1954 | Đấu tranh ngoại giao với Pháp trước 19/12/1946 | Toàn quốc kháng chiến bùng nổ | Hình thành đường lối kháng chiến toàn dân, toàn diện, lâu dài, tự lực cánh sinh | Công bố/lan truyền Lời kêu gọi Toàn quốc kháng chiến",10.0,4.0,2.0,1.5,1.5,1.0,,False,10.0,,,
378,G5K_0378,natural_paraphrase,,1,502,"Nói tự nhiên giúp tôi về Huế được giải phóng ngày 26/3/1975, chỉ dựa vào tư liệu nội bộ.","9Router API mode trả về câu trả lời không đạt kiểm tra citation/context-only, nên hệ thống không hiển thị câu trả lời đó. Local no-cloud mode vẫn khả dụng.",,Giải phóng Huế | Huế được giải phóng ngày 26/3/1975 | Lời kêu gọi thi đua ái quốc ngày 11/6/1948 | Bối cảnh chính của Chiến dịch Hồ Chí Minh | Nguồn trực tiếp: ngày 2/9/1945 là ngày tuyên bố độc lập,2.0,0.0,0.5,0.0,0.0,0.5,HTTP/postcheck error; no usable final answer,True,,26/3/1975 | Huế | giải phóng,,Answer was blocked by runtime/citation-context postcheck.
379,G5K_0379,natural_paraphrase,,1,200,"Với câu hỏi 'viet minh khac mat tran dan toc giai phong mien nam the nao', câu trả lời đúng trọng tâm là gì?","Không. Việt Minh ra đời năm 1941, không phải năm 1960; Mặt trận Dân tộc Giải phóng miền Nam (MTDTGPMN) ra đời ngày 20/12/1960, không phải năm 1941. Hai tổ chức khác bối cảnh lịch sử, thời điểm ra đời và phạm vi nhiệm vụ [1]","[1]: So sánh Việt Minh và Đảng Cộng sản Việt Nam :: Chuẩn hóa theo canonical fact VIET_MINH_VS_NLF: Không. Việt Minh ra đời năm 1941, không phải năm 1960; Mặt trận Dân tộc Giải phóng miền Nam (MTDTGPMN) ra đời ngày 20/12/1960, không phải năm 1941. Hai tổ chức khác bối cảnh lịch sử, thời điểm ra đời và phạm vi nhiệm vụ.. [TITLE] So sánh Việt Minh và Đảng Cộng sản Việt Nam [SUMMARY] Đảng Cộng sản Việt...",So sánh Việt Minh và Đảng Cộng sản Việt Nam | Việt Nam hóa chiến tranh giai đoạn 1969-1973 | Đường 9 trong Chiến dịch Đường 9 - Nam Lào năm 1971 | Mặt trận Dân tộc Giải phóng miền Nam Việt Nam ra đời ngày 20/12/1960 | Đồng Khởi là chuyển biến quan trọng ở miền Nam,7.7,2.8,2.0,0.9,1.0,1.0,,False,9.0,Việt Minh 1941 | MTDTGPMN 1960,,
380,G5K_0380,natural_paraphrase,,1,200,"Tôi đang ôn lịch sử Việt Nam, Toàn quốc kháng chiến 1946 nên hiểu đơn giản ra sao?","Bạn có thể hiểu đơn giản như sau: **23/9/1945** là mốc **Nam Bộ kháng chiến** nổ ra ở Sài Gòn - Nam Bộ, còn **19/12/1946** là mốc **Toàn quốc kháng chiến** bùng nổ trên cả nước. **Khác nhau** ở chỗ một mốc là kháng chiến phạm vi Nam Bộ trước, còn mốc kia là cuộc kháng chiến toàn quốc chống Pháp [1].","[1]: Mốc ngày 19/12/1946 trong lịch sử Việt Nam 1945-1954 :: Chuẩn hóa theo canonical fact NAM_BO_VS_TOAN_QUOC_KHANG_CHIEN: Nam Bộ kháng chiến bắt đầu ngày 23/9/1945 ở Sài Gòn - Nam Bộ khi Pháp trở lại xâm lược; Toàn quốc kháng chiến bùng nổ ngày 19/12/1946, mở đầu cuộc kháng chiến toàn quốc chống Pháp. Hai mốc khác nhau về phạm vi và thời điểm.. [TITLE] Mốc ngày 19/12/1946 trong lịch sử Việt Nam 1945-1954 [...","Mốc ngày 19/12/1946 trong lịch sử Việt Nam 1945-1954 | Đấu tranh ngoại giao với Pháp trước 19/12/1946 | Toàn quốc kháng chiến bùng nổ | Hình thành đường lối kháng chiến toàn dân, toàn diện, lâu dài, tự lực cánh sinh | Công bố/lan truyền Lời kêu gọi Toàn quốc kháng chiến",8.0,2.8,2.0,1.0,1.2,1.0,,False,10.0,chống thực dân Pháp,,
381,G5K_0381,memory_multiturn,G5K_MEM_TUYEN_NGON_01,1,200,Tuyên ngôn Độc lập năm 1945 là sự kiện gì?,"Tuyên ngôn Độc lập năm 1945 là sự kiện ngày 2/9/1945, tại Quảng trường Ba Đình, Hồ Chí Minh đọc Tuyên ngôn Độc lập, tuyên bố thành lập nước Việt Nam Dân chủ Cộng hòa. [1][3]","[1]: Ý nghĩa Cách mạng Tháng Tám 1945 :: Chuẩn hóa theo canonical fact TUYEN_NGON_DOC_LAP_1945: Ngày 2/9/1945, Hồ Chí Minh đọc Tuyên ngôn Độc lập tại Quảng trường Ba Đình, Hà Nội, khai sinh nước Việt Nam Dân chủ Cộng hòa.. [TITLE] Ý nghĩa Cách mạng Tháng Tám 1945 [SUMMARY] Thắng lợi ở Hà Nội, Huế và Sài Gòn có ý nghĩa quyết định đối với thắng lợi của Cách mạng Tháng Tám trong cả nước. Cuộ... | [3]: Nguồn trực tiếp: ngày 2/9/1945 là ngày tuyên bố độc lập :: Ngày 2/9/1945, Hồ Chí Minh đọc Tuyên ngôn Độc lập tại Quảng trường Ba Đình và tuyên bố thành lập nước Việt Nam Dân chủ Cộng hòa.","Ý nghĩa Cách mạng Tháng Tám 1945 | Năm 1945: Nhật đảo chính Pháp, Tổng khởi nghĩa và Tuyên ngôn Độc lập | Nguồn trực tiếp: ngày 2/9/1945 là ngày tuyên bố độc lập | Tuyên ngôn Độc lập ngày 2/9/1945 | Đường 9 trong Chiến dịch Đường 9 - Nam Lào năm 1971",4.0,4.0,0.5,1.5,1.5,1.0,forbidden/wrong entity hit,True,10.0,,30/4/1975,
382,G5K_0382,memory_multiturn,G5K_MEM_TUYEN_NGON_01,2,200,Nó được đọc ở đâu?,"Ngày 2/9/1945, Chủ tịch Hồ Chí Minh đọc Tuyên ngôn Độc lập tại Quảng trường Ba Đình, Hà Nội, khai sinh nước Việt Nam Dân chủ Cộng hòa. [1]","[1]: Ý nghĩa Cách mạng Tháng Tám 1945 :: Chuẩn hóa theo canonical fact TUYEN_NGON_DOC_LAP_1945: Ngày 2/9/1945, Hồ Chí Minh đọc Tuyên ngôn Độc lập tại Quảng trường Ba Đình, Hà Nội, khai sinh nước Việt Nam Dân chủ Cộng hòa.. [TITLE] Ý nghĩa Cách mạng Tháng Tám 1945 [SUMMARY] Thắng lợi ở Hà Nội, Huế và Sài Gòn có ý nghĩa quyết định đối với thắng lợi của Cách mạng Tháng Tám trong cả nước. Cuộ...",Ý nghĩa Cách mạng Tháng Tám 1945 | Ngày 2/9/1945 - Tuyên ngôn Độc lập tại Ba Đình | Ra mắt Chính phủ lâm thời nước VNDCCH | Lễ Tuyên ngôn Độc lập tại Quảng trường Ba Đình | Hồ Chí Minh đọc Tuyên ngôn Độc lập tại Hà Nội,4.0,4.0,0.5,1.5,1.5,1.0,forbidden/wrong entity hit,True,10.0,,30/4/1975,
383,G5K_0383,memory_multiturn,G5K_MEM_TUYEN_NGON_01,3,200,Văn kiện đó khai sinh nhà nước nào?,"Tuyên ngôn Độc lập năm 1945 là sự kiện ngày 2/9/1945, khi Hồ Chí Minh đọc Tuyên ngôn Độc lập tại Quảng trường Ba Đình, và văn kiện đó khai sinh nước Việt Nam Dân chủ Cộng hòa. [1]","[1]: Ý nghĩa Cách mạng Tháng Tám 1945 :: Chuẩn hóa theo canonical fact TUYEN_NGON_DOC_LAP_1945: Ngày 2/9/1945, Hồ Chí Minh đọc Tuyên ngôn Độc lập tại Quảng trường Ba Đình, Hà Nội, khai sinh nước Việt Nam Dân chủ Cộng hòa.. [TITLE] Ý nghĩa Cách mạng Tháng Tám 1945 [SUMMARY] Thắng lợi ở Hà Nội, Huế và Sài Gòn có ý nghĩa quyết định đối với thắng lợi của Cách mạng Tháng Tám trong cả nước. Cuộ...","Ý nghĩa Cách mạng Tháng Tám 1945 | Ý nghĩa Cách mạng Tháng Tám 1945 | Năm 1945: Nhật đảo chính Pháp, Tổng khởi nghĩa và Tuyên ngôn Độc lập | Tổng tuyển cử thống nhất dự kiến năm 1956 sau Hiệp định Genève | Hội nghị Trung ương 8 năm 1941 và Việt Minh",4.0,4.0,0.5,1.5,1.5,1.0,forbidden/wrong entity hit,True,10.0,,30/4/1975,
384,G5K_0384,memory_multiturn,G5K_MEM_DUONG_TRUONG_SON_02,1,200,Đường Trường Sơn là gì trong kháng chiến chống Mỹ?,"Đường Trường Sơn trong kháng chiến chống Mỹ là tuyến đường vận tải chiến lược dọc theo dãy Trường Sơn, được xây dựng từ năm 1959 để chi viện cho chiến trường miền Nam; về sau còn nổi tiếng với tên đường Hồ Chí Minh. Sự kiện này gắn với việc thành lập Đoàn 559 ngày 19/5/1959, mở đường chi viện chiến lược Trường Sơn. [2][1]","[1]: Đường Trường Sơn :: Ngày 19/5/1959 gắn với việc thành lập Đoàn 559, mở đường chi viện chiến lược Trường Sơn. Sự kiện này gắn với 19/5/1959, Đoàn 559 và Trường Sơn. ngày 19/5/1959 gắn với Đoàn 559 | [2]: Bắt đầu xây dựng đường Trường Sơn (đường Hồ Chí Minh) – huyết mạch chi viện miền Nam (1959) :: Năm 1959, Bộ Tổng Tham mưu Quân đội Nhân dân Việt Nam bắt đầu xây dựng tuyến đường vận tải chiến lược dọc theo dãy Trường Sơn – về sau nổi tiếng với tên đường Hồ Chí Minh.",Đường Trường Sơn | Bắt đầu xây dựng đường Trường Sơn (đường Hồ Chí Minh) – huyết mạch chi viện miền Nam (1959) | Mốc ngày 19/5/1959 trong lịch sử Việt Nam 1954-1975 | Bối cảnh chính của Đường Trường Sơn và Đoàn 559 | Năm 1959: Đoàn 559 và đường Trường Sơn,4.55,1.5,1.2,0.25,0.6,1.0,weak displayed citation support,True,8.5,chi viện miền Nam | người và vật chất | hậu phương miền Bắc | tiền tuyến miền Nam | Không,,
385,G5K_0385,memory_multiturn,G5K_MEM_DUONG_TRUONG_SON_02,2,200,Nó phục vụ việc chi viện cho đâu?,"Đường Trường Sơn là tuyến vận tải chiến lược đưa người và vật chất chi viện cho miền Nam, nối hậu phương miền Bắc với tiền tuyến miền Nam trong kháng chiến chống Mỹ. [1]","[1]: Năm 1959: Đoàn 559 và đường Trường Sơn :: Chuẩn hóa theo canonical fact TRUONG_SON_SUPPORT: Không. Đường Trường Sơn không phải là một hiệp định ngoại giao; đây là tuyến vận tải chiến lược đưa người và vật chất chi viện cho miền Nam, nối hậu phương miền Bắc với tiền tuyến miền Nam trong kháng chiến chống Mỹ.. [TITLE] Năm 1959: Đoàn 559 và đường Trường Sơn [SUMMARY] Ngày 19/5/1959, Đoàn 559 ...",Năm 1959: Đoàn 559 và đường Trường Sơn | Bắt đầu xây dựng đường Trường Sơn (đường Hồ Chí Minh) – huyết mạch chi viện miền Nam (1959) | Đường Trường Sơn - canonical answer evidence | Mốc ngày 19/5/1959 trong lịch sử Việt Nam 1954-1975 | Bối cảnh chính của Đường Trường Sơn và Đoàn 559,8.15,2.8,2.0,1.0,1.35,1.0,,False,10.0,chi viện miền Nam | Không,,
386,G5K_0386,memory_multiturn,G5K_MEM_DUONG_TRUONG_SON_02,3,200,Có đúng nó là một hiệp định ngoại giao không?,"Không. Đường Trường Sơn là một **tuyến vận tải chiến lược** dùng để **chi viện miền Nam** bằng cách đưa **người và vật chất** từ **hậu phương miền Bắc** vào **tiền tuyến miền Nam** trong kháng chiến chống Mỹ, chứ không phải là một hiệp định ngoại giao. [1]","[1]: Năm 1959: Đoàn 559 và đường Trường Sơn :: Chuẩn hóa theo canonical fact TRUONG_SON_SUPPORT: Không. Đường Trường Sơn không phải là một hiệp định ngoại giao; đây là tuyến vận tải chiến lược đưa người và vật chất chi viện cho miền Nam, nối hậu phương miền Bắc với tiền tuyến miền Nam trong kháng chiến chống Mỹ.. [TITLE] Năm 1959: Đoàn 559 và đường Trường Sơn [SUMMARY] Ngày 19/5/1959, Đoàn 559 ...",Năm 1959: Đoàn 559 và đường Trường Sơn | Bắt đầu xây dựng đường Trường Sơn (đường Hồ Chí Minh) – huyết mạch chi viện miền Nam (1959) | Đường Trường Sơn - canonical answer evidence | Mốc ngày 19/5/1959 trong lịch sử Việt Nam 1954-1975 | Bối cảnh chính của Đường Trường Sơn và Đoàn 559,9.85,4.0,2.0,1.5,1.35,1.0,,False,10.0,,,
387,G5K_0387,memory_multiturn,G5K_MEM_DAI_HOI_II_03,1,200,Đại hội II của Đảng năm 1951 cần nhớ điểm gì?,"Đại hội II của Đảng năm 1951 cần nhớ mốc họp từ 11 đến 19/2/1951, quyết định đưa Đảng ra hoạt động công khai với tên Đảng Lao động Việt Nam và xác định nhiệm vụ đưa kháng chiến chống Pháp đến thắng lợi. [1]",[1]: Nguồn Stage20G2: Đại hội II năm 1951 và Đảng Lao động Việt Nam :: Đại hội II họp từ 11 đến 19/2/1951; Đại hội quyết định đưa Đảng ra hoạt động công khai với tên Đảng Lao động Việt Nam và xác định nhiệm vụ đưa kháng chiến chống Pháp đến thắng lợi.,Nguồn Stage20G2: Đại hội II năm 1951 và Đảng Lao động Việt Nam | Đại hội I của Đảng năm 1935 | Hội nghị Trung ương 8 năm 1941 và Việt Minh | Lời kêu gọi thi đua ái quốc ngày 11/6/1948 | Năm 1930: Đảng Cộng sản Việt Nam ra đời và cao trào 1930-1931,7.8,2.8,2.0,1.0,1.0,1.0,,False,10.0,1930,,
388,G5K_0388,memory_multiturn,G5K_MEM_DAI_HOI_II_03,2,200,Bối cảnh kháng chiến của đại hội đó là gì?,"Đại hội II của Đảng diễn ra năm 1951, tức là trong giai đoạn kháng chiến chống Pháp; tại Đại hội này, Đảng quyết định ra hoạt động công khai với tên Đảng Lao động Việt Nam. [1]",[1]: Đại hội đại biểu toàn quốc lần thứ II của Đảng :: Chuẩn hóa theo focus planner DAI_HOI_II_1951_ANTI_FRENCH_CONTEXT: Đại hội II của Đảng diễn ra năm 1951 trong bối cảnh kháng chiến chống Pháp; điểm đáng nhớ là Đại hội quyết định đưa Đảng ra hoạt động công khai với tên Đảng Lao động Việt Nam.. [TITLE] Đại hội đại biểu toàn quốc lần thứ II của Đảng - canonical answer evidence [SUMMARY] Đại hội II năm...,"Đại hội đại biểu toàn quốc lần thứ II của Đảng | Đại hội II năm 1951 và Đảng Lao động Việt Nam | Lời kêu gọi thi đua ái quốc ngày 11/6/1948 | Đại hội I của Đảng năm 1935 | Năm 1946: Hiệp định Sơ bộ, Tạm ước và Toàn quốc kháng chiến",7.8,2.8,2.0,1.0,1.0,1.0,,False,10.0,1930,,
389,G5K_0389,memory_multiturn,G5K_MEM_DAI_HOI_II_03,3,200,Nó khác hội nghị thành lập Đảng năm 1930 ở đâu?,"Đại hội II năm 1951 cần nhớ là đã quyết định đưa Đảng ra hoạt động công khai với tên **Đảng Lao động Việt Nam**. Khác với **1930**, khi Hội nghị thành lập Đảng chỉ là mốc hợp nhất các tổ chức cộng sản để thành lập **Đảng Cộng sản Việt Nam**; còn **1951** là Đại hội II trong kháng chiến chống Pháp, đổi sang hoạt động công khai với tên mới. [1]","[1]: Đại hội đại biểu toàn quốc lần thứ II của Đảng :: Chuẩn hóa theo canonical fact PARTY_FOUNDING_1930_VS_CONGRESS_II_1951: Hội nghị thành lập Đảng đầu năm 1930 gắn với việc hợp nhất các tổ chức cộng sản và thành lập Đảng Cộng sản Việt Nam; Đại hội II năm 1951 diễn ra trong kháng chiến chống Pháp, quyết định đưa Đảng ra hoạt động công khai với tên Đảng Lao động Việt Nam. Hai mốc khác nhau về thời điể...",Đại hội đại biểu toàn quốc lần thứ II của Đảng | Đại hội II năm 1951 và Đảng Lao động Việt Nam | So sánh Đảng Cộng sản Việt Nam và Việt Minh | Đại hội I của Đảng năm 1935 | Đảng Cộng sản Việt Nam thành lập năm 1930,10.0,4.0,2.0,1.5,1.5,1.0,,False,10.0,,,
390,G5K_0390,memory_multiturn,G5K_MEM_GENEVE_04,1,200,Hiệp định Genève 1954 quy định gì về vĩ tuyến 17?,"Hiệp định Genève 1954 quy định vĩ tuyến 17 là **giới tuyến quân sự tạm thời**, **không phải biên giới vĩnh viễn**, nhằm **kết thúc chiến tranh** ở Đông Dương và gắn với dự kiến **tổng tuyển cử** để thống nhất đất nước. [1][2]","[1]: So sánh Hiệp định Genève 1954 và Hiệp định Paris 1973 :: Chuẩn hóa theo canonical fact GENEVE_1954_17TH_PARALLEL: Hiệp định Genève 1954 là mốc quan trọng vì góp phần kết thúc chiến tranh ở Đông Dương, quy định vĩ tuyến 17 là giới tuyến quân sự tạm thời, không phải biên giới vĩnh viễn, và gắn với dự kiến tổng tuyển cử thống nhất đất nước.. [TITLE] So sánh Hiệp định Genève 1954 và Hiệp định Paris 1973 [SUM... | [2]: Nội dung và ý nghĩa Hiệp định Genève 1954 :: Hiệp định Genève 1954 gắn với việc lập lại hòa bình ở Đông Dương. Nguồn chứng nhận nêu các nước tham gia tuyên bố tôn trọng độc lập, chủ quyền, thống nhất và toàn vẹn lãnh thổ của Việt Nam, Lào và Campuchia. Hiệp định cũng quy định Việt Nam tạm thời chia cắt qua vĩ tuyến 17.",So sánh Hiệp định Genève 1954 và Hiệp định Paris 1973 | Nội dung và ý nghĩa Hiệp định Genève 1954 | Vĩ tuyến 17 trở thành giới tuyến quân sự tạm thời | Quy định vĩ tuyến 17 là giới tuyến quân sự tạm thời | Hình thành giới tuyến quân sự tạm thời ở vĩ tuyến 17,10.0,4.0,2.0,1.5,1.5,1.0,,False,10.0,,,
391,G5K_0391,memory_multiturn,G5K_MEM_GENEVE_04,2,200,Giới tuyến đó có phải biên giới vĩnh viễn không?,"Không. Theo Hiệp định Genève 1954, đó chỉ là **giới tuyến quân sự tạm thời** ở vĩ tuyến 17, chứ không phải biên giới vĩnh viễn.",,"Năm 1939, Chiến tranh thế giới thứ hai và chuyển hướng chiến lược | Năm 1939: Chiến tranh thế giới thứ hai và Hội nghị Trung ương 6 | Năm 1959: Đoàn 559 và đường Trường Sơn | Nguồn trực tiếp: Hiệp định Genève 1954 quy định đình chỉ chiến sự và giới tuyến tạm thời | Diễn biến chính thời kỳ 1945-1954",6.7,2.8,2.0,0.9,0.0,1.0,missing citation,False,8.0,kết thúc chiến tranh | tổng tuyển cử,,
392,G5K_0392,memory_multiturn,G5K_MEM_GENEVE_04,3,200,Sau hiệp định đó dự kiến tổng tuyển cử vào năm nào?,"Không, giới tuyến ở Hiệp định Genève 1954 chỉ là **giới tuyến quân sự tạm thời** ở vĩ tuyến 17, không phải biên giới vĩnh viễn [5]. Theo hiệp định đó, **tổng tuyển cử dự kiến vào năm 1956** [1].","[1]: Nguồn Stage20G2: tổng tuyển cử thống nhất dự kiến năm 1956 :: Sau Hiệp định Genève 1954, tổng tuyển cử thống nhất đất nước dự kiến vào năm 1956 nhưng không được thực hiện, trong bối cảnh Việt Nam tạm thời bị chia cắt. | [5]: Nguồn trực tiếp: Hiệp định Genève 1954 quy định đình chỉ chiến sự và giới tuyến tạm thời :: Hiệp định Genève 1954 về Đông Dương gắn với đình chỉ chiến sự; đối với Việt Nam, giới tuyến quân sự tạm thời được xác định ở vĩ tuyến 17.","Nguồn Stage20G2: tổng tuyển cử thống nhất dự kiến năm 1956 | Năm 1974: chuyển biến trước Tổng tiến công 1975 và Phước Long | Năm 1946: Hiệp định Sơ bộ, Tạm ước và Toàn quốc kháng chiến | Năm 1959: Đoàn 559 và đường Trường Sơn | Nguồn trực tiếp: Hiệp định Genève 1954 quy định đình chỉ chiến sự và giới tuyến tạm thời",8.97,3.7,2.0,1.2,1.07,1.0,,False,10.0,kết thúc chiến tranh,,
393,G5K_0393,memory_multiturn,G5K_MEM_DBP_05,1,200,Chiến dịch Điện Biên Phủ năm 1954 có các mốc chính nào?,"Chiến dịch Điện Biên Phủ năm 1954 có các mốc chính: mở màn ngày 13/3/1954 với trận Him Lam, kéo dài 56 ngày đêm, và kết thúc thắng lợi ngày 7/5/1954. [1][4]","[1]: Mở màn Chiến dịch Điện Biên Phủ :: Chuẩn hóa theo canonical fact DBP_1954_MILESTONES: Các mốc ổn định của Chiến dịch Điện Biên Phủ: mở màn ngày 13/3/1954 với trận Him Lam, diễn ra 56 ngày đêm, và kết thúc thắng lợi ngày 7/5/1954.. [TITLE] Mở màn Chiến dịch Điện Biên Phủ - canonical answer evidence [SUMMARY] Ngày 13/3/1954, Chiến dịch Điện Biên Phủ mở màn với trận Him Lam. [YEAR] 195... | [4]: Chiến thắng Điện Biên Phủ - canonical answer evidence :: Ngày 7/5/1954, Chiến dịch Điện Biên Phủ kết thúc thắng lợi. Chiến thắng làm phá sản Kế hoạch Nava và tác động trực tiếp đến đàm phán Genève.",Mở màn Chiến dịch Điện Biên Phủ | Ý nghĩa Chiến thắng Điện Biên Phủ 1954 | So sánh Điện Biên Phủ 1954 và Chiến dịch Hồ Chí Minh 1975 | Chiến thắng Điện Biên Phủ - canonical answer evidence | Mốc ngày 7/5/1954 trong lịch sử Việt Nam 1945-1954,10.0,4.0,2.0,1.5,1.5,1.0,,False,10.0,,,
394,G5K_0394,memory_multiturn,G5K_MEM_DBP_05,2,502,Chiến dịch đó kết thúc ngày nào?,"9Router API mode trả về câu trả lời không đạt kiểm tra citation/context-only, nên hệ thống không hiển thị câu trả lời đó. Local no-cloud mode vẫn khả dụng.",,Chiến thắng Điện Biên Phủ | Ý nghĩa Chiến thắng Điện Biên Phủ 1954 | So sánh Điện Biên Phủ 1954 và Chiến dịch Hồ Chí Minh 1975 | Mốc ngày 7/5/1954 trong lịch sử Việt Nam 1945-1954 | So sánh Chiến dịch Biên giới 1950 và Chiến dịch Điện Biên Phủ 1954,2.0,0.0,0.5,0.0,0.0,0.5,HTTP/postcheck error; no usable final answer,True,,13/3/1954 | Him Lam | 56 ngày đêm | 7/5/1954,,Answer was blocked by runtime/citation-context postcheck.
395,G5K_0395,memory_multiturn,G5K_MEM_DBP_05,3,200,"Sau thắng lợi đó, hiệp định nào là mốc ngoại giao quan trọng?","Chiến thắng Điện Biên Phủ 1954 đã tác động trực tiếp làm thay đổi cục diện đàm phán, buộc Pháp phải đi tới Hiệp định Genève 1954, qua đó góp phần **kết thúc chiến tranh** ở Đông Dương; hiệp định này quy định **vĩ tuyến 17** là **giới tuyến quân sự tạm thời**, **không phải biên giới vĩnh viễn**, và dự kiến **tổng tuyển cử** để thống nhất đất nước. [2][1]","[1]: So sánh Hiệp định Genève 1954 và Hiệp định Paris 1973 :: Chuẩn hóa theo canonical fact GENEVE_1954_17TH_PARALLEL: Hiệp định Genève 1954 là mốc quan trọng vì góp phần kết thúc chiến tranh ở Đông Dương, quy định vĩ tuyến 17 là giới tuyến quân sự tạm thời, không phải biên giới vĩnh viễn, và gắn với dự kiến tổng tuyển cử thống nhất đất nước.. [TITLE] So sánh Hiệp định Genève 1954 và Hiệp định Paris 1973 [SUM... | [2]: Ý nghĩa Chiến thắng Điện Biên Phủ 1954 :: Chiến thắng Điện Biên Phủ là thắng lợi quân sự quyết định trong cuộc kháng chiến chống thực dân Pháp và can thiệp Mỹ. Tin thất bại của Pháp tại Điện Biên Phủ làm thay đổi căn bản không khí Hội nghị Genève và đưa vấn đề Đông Dương lên bàn nghị sự. Thắng lợi này trực tiếp góp phần dẫn tới việc ký Hiệp định Genève về lập lại hòa bình ở Đông Dương.",So sánh Hiệp định Genève 1954 và Hiệp định Paris 1973 | Ý nghĩa Chiến thắng Điện Biên Phủ 1954 | So sánh Điện Biên Phủ 1954 và Chiến dịch Hồ Chí Minh 1975 | Chiến thắng Điện Biên Phủ - canonical answer evidence | Mốc ngày 7/5/1954 trong lịch sử Việt Nam 1945-1954,6.75,2.8,1.2,0.75,1.0,1.0,,False,9.0,Him Lam | 56 ngày đêm,,
396,G5K_0396,memory_multiturn,G5K_MEM_SPRING_1975_06,1,200,Tổng tiến công mùa Xuân 1975 gồm chuỗi chiến dịch nào?,"Tổng tiến công mùa Xuân 1975 gồm chuỗi chiến dịch chính: mở đầu là chiến dịch Tây Nguyên, với thắng lợi Buôn Ma Thuột ngày 10/3/1975; tiếp đó là Huế - Đà Nẵng; và kết thúc bằng Chiến dịch Hồ Chí Minh, giải phóng Sài Gòn vào 30/4/1975. [1][3]","[1]: Năm 1975: Tổng tiến công mùa Xuân và giải phóng miền Nam :: Chuẩn hóa theo canonical fact SPRING_1975_CAMPAIGN_CHAIN: Chuỗi chiến dịch chính trong Tổng tiến công mùa Xuân 1975 gồm Tây Nguyên mở đầu bằng thắng lợi Buôn Ma Thuột ngày 10/3/1975, tiếp đến Huế - Đà Nẵng, rồi Chiến dịch Hồ Chí Minh kết thúc bằng mốc 30/4/1975.. [TITLE] Năm 1975: Tổng tiến công mùa Xuân và giải phóng miền Nam [SUMMARY] Tháng 3/197... | [3]: Ngày 10/3/1975 mở màn chiến dịch Tây Nguyên tại Buôn Ma Thuột :: Ngày 10/3/1975, trận Buôn Ma Thuột mở màn chiến dịch Tây Nguyên, tạo đột phá cho Tổng tiến công mùa Xuân 1975.",Năm 1975: Tổng tiến công mùa Xuân và giải phóng miền Nam | Huế được giải phóng ngày 26/3/1975 | Ngày 10/3/1975 mở màn chiến dịch Tây Nguyên tại Buôn Ma Thuột | Chiến thắng Phước Long cuối 1974 - đầu 1975 | Năm 1974: chuyển biến trước Tổng tiến công 1975 và Phước Long,10.0,4.0,2.0,1.5,1.5,1.0,,False,10.0,,,
397,G5K_0397,memory_multiturn,G5K_MEM_SPRING_1975_06,2,200,Mở đầu nổi bật của chuỗi đó là mốc nào?,"Chuỗi chiến dịch chính trong Tổng tiến công mùa Xuân 1975 gồm Tây Nguyên mở đầu bằng thắng lợi Buôn Ma Thuột ngày 10/3/1975, tiếp đến Huế - Đà Nẵng, rồi Chiến dịch Hồ Chí Minh kết thúc bằng mốc 30/4/1975 [1]","[1]: Năm 1975: Tổng tiến công mùa Xuân và giải phóng miền Nam :: Chuẩn hóa theo canonical fact SPRING_1975_CAMPAIGN_CHAIN: Chuỗi chiến dịch chính trong Tổng tiến công mùa Xuân 1975 gồm Tây Nguyên mở đầu bằng thắng lợi Buôn Ma Thuột ngày 10/3/1975, tiếp đến Huế - Đà Nẵng, rồi Chiến dịch Hồ Chí Minh kết thúc bằng mốc 30/4/1975.. [TITLE] Năm 1975: Tổng tiến công mùa Xuân và giải phóng miền Nam [SUMMARY] Tháng 3/197...",Năm 1975: Tổng tiến công mùa Xuân và giải phóng miền Nam | Ý nghĩa Chiến dịch Hồ Chí Minh và Đại thắng mùa Xuân 1975 | Ngày 30/4/1975 - Dinh Độc Lập bị chiếm và chính quyền Sài Gòn đầu hàng | Nguồn chứng minh 30/4/1975 là mốc kết thúc chiến tranh và thống nhất đất nước | So sánh Điện Biên Phủ 1954 và Chiến dịch Hồ Chí Minh 1975,10.0,4.0,2.0,1.5,1.5,1.0,,False,10.0,,,
398,G5K_0398,memory_multiturn,G5K_MEM_SPRING_1975_06,3,200,Nó kết thúc bằng sự kiện ngày nào?,"Tổng tiến công mùa Xuân 1975 gồm chuỗi chiến dịch: Tây Nguyên, Huế - Đà Nẵng, rồi Chiến dịch Hồ Chí Minh; nó mở đầu bằng thắng lợi Buôn Ma Thuột ngày 10/3/1975 và kết thúc vào ngày 30/4/1975. [1][3]","[1]: Năm 1975: Tổng tiến công mùa Xuân và giải phóng miền Nam :: Chuẩn hóa theo canonical fact SPRING_1975_CAMPAIGN_CHAIN: Chuỗi chiến dịch chính trong Tổng tiến công mùa Xuân 1975 gồm Tây Nguyên mở đầu bằng thắng lợi Buôn Ma Thuột ngày 10/3/1975, tiếp đến Huế - Đà Nẵng, rồi Chiến dịch Hồ Chí Minh kết thúc bằng mốc 30/4/1975.. [TITLE] Năm 1975: Tổng tiến công mùa Xuân và giải phóng miền Nam [SUMMARY] Tháng 3/197... | [3]: Ngày 10/3/1975 mở màn chiến dịch Tây Nguyên tại Buôn Ma Thuột :: Ngày 10/3/1975, trận Buôn Ma Thuột mở màn chiến dịch Tây Nguyên, tạo đột phá cho Tổng tiến công mùa Xuân 1975.",Năm 1975: Tổng tiến công mùa Xuân và giải phóng miền Nam | Huế được giải phóng ngày 26/3/1975 | Ngày 10/3/1975 mở màn chiến dịch Tây Nguyên tại Buôn Ma Thuột | Chiến thắng Phước Long cuối 1974 - đầu 1975 | Năm 1974: chuyển biến trước Tổng tiến công 1975 và Phước Long,10.0,4.0,2.0,1.5,1.5,1.0,,False,10.0,,,
399,G5K_0399,memory_multiturn,G5K_MEM_SPRING_1975_06,4,200,Chiến dịch cuối cùng trong chuỗi đó là gì?,"Chiến dịch cuối cùng trong chuỗi Tổng tiến công mùa Xuân 1975 là **Chiến dịch Hồ Chí Minh**, diễn ra sau **Tây Nguyên** (mở đầu bằng **Buôn Ma Thuột** ngày **10/3/1975**) và **Huế - Đà Nẵng**, rồi kết thúc bằng mốc **30/4/1975**. [1][2]","[1]: Năm 1975: Tổng tiến công mùa Xuân và giải phóng miền Nam :: Chuẩn hóa theo canonical fact SPRING_1975_CAMPAIGN_CHAIN: Chuỗi chiến dịch chính trong Tổng tiến công mùa Xuân 1975 gồm Tây Nguyên mở đầu bằng thắng lợi Buôn Ma Thuột ngày 10/3/1975, tiếp đến Huế - Đà Nẵng, rồi Chiến dịch Hồ Chí Minh kết thúc bằng mốc 30/4/1975.. [TITLE] Năm 1975: Tổng tiến công mùa Xuân và giải phóng miền Nam [SUMMARY] Tháng 3/197... | [2]: Ý nghĩa Chiến dịch Hồ Chí Minh và Đại thắng mùa Xuân 1975 :: Chiến dịch Hồ Chí Minh là đòn quyết định trong cuộc tấn công quân sự cuối cùng của mùa Xuân 1975. Ngày 30/4/1975, Dinh Độc Lập bị chiếm và chính quyền Sài Gòn đầu hàng. Nguồn chứng nhận gắn thắng lợi này với giải phóng miền Nam, thống nhất đất nước và kết thúc cuộc kháng chiến chống Mỹ, cứu nước.",Năm 1975: Tổng tiến công mùa Xuân và giải phóng miền Nam | Ý nghĩa Chiến dịch Hồ Chí Minh và Đại thắng mùa Xuân 1975 | Ngày 30/4/1975 - Dinh Độc Lập bị chiếm và chính quyền Sài Gòn đầu hàng | Nguồn chứng minh 30/4/1975 là mốc kết thúc chiến tranh và thống nhất đất nước | So sánh Điện Biên Phủ 1954 và Chiến dịch Hồ Chí Minh 1975,10.0,4.0,2.0,1.5,1.5,1.0,,False,10.0,,,
400,G5K_0400,memory_multiturn,G5K_MEM_PARIS_07,1,200,Hiệp định Paris 1973 gắn với việc gì của Mỹ?,"Hiệp định Paris 1973 gắn với việc Mỹ rút quân khỏi Việt Nam và chấm dứt chiến tranh, lập lại hòa bình ở Việt Nam. [3][1] Sau Paris 1973, Mỹ rút quân nhưng chiến tranh chưa kết thúc ngay, còn kéo dài đến 1975 [1]","[1]: Mốc ngày 27/1/1973 trong lịch sử Việt Nam 1954-1975 :: Ngày 27/1/1973, Hiệp định Paris về chấm dứt chiến tranh, lập lại hòa bình ở Việt Nam được ký kết. Sự kiện này gắn với 27/1/1973, Paris và chấm dứt chiến tranh. Hiệp định Paris được ký ngày 27/1/1973 | [3]: Phân biệt Hiệp định Genève 1954 và Hiệp định Paris 1973 :: Hiệp định Genève 1954 gắn với đình chỉ chiến sự ở Đông Dương sau kháng chiến chống Pháp; Hiệp định Paris 1973 gắn với chấm dứt chiến tranh, lập lại hòa bình ở Việt Nam và việc Mỹ rút quân.",Mốc ngày 27/1/1973 trong lịch sử Việt Nam 1954-1975 | Việt Nam hóa chiến tranh giai đoạn 1969-1973 | Phân biệt Hiệp định Genève 1954 và Hiệp định Paris 1973 | Bối cảnh chính của Hiệp định Paris 1973 | Nguồn trực tiếp: cục diện sau Hiệp định Paris,9.75,4.0,2.0,1.5,1.25,1.0,,False,10.0,,,
401,G5K_0401,memory_multiturn,G5K_MEM_PARIS_07,2,200,Sau mốc đó chiến tranh đã kết thúc ngay chưa?,"Không. Hiệp định Paris 1973 gắn với việc **Mỹ rút quân** khỏi miền Nam Việt Nam theo tiến trình thực hiện hiệp định, nhưng **chiến tranh chưa kết thúc ngay**; xung đột còn tiếp diễn và kéo dài đến **năm 1975**. [1]","[1]: So sánh Hiệp định Genève 1954 và Hiệp định Paris 1973 :: Chuẩn hóa theo canonical fact PARIS_1973_US_WITHDRAWAL: Không. Sau Hiệp định Paris 1973, Mỹ rút quân khỏi miền Nam Việt Nam theo tiến trình thực hiện hiệp định; tuy vậy chiến tranh chưa kết thúc hoàn toàn ngay mà còn kéo dài đến thắng lợi năm 1975.. [TITLE] So sánh Hiệp định Genève 1954 và Hiệp định Paris 1973 [SUMMARY] Hiệp định Genève 1954 gắn vớ...","So sánh Hiệp định Genève 1954 và Hiệp định Paris 1973 | Việt Nam hóa chiến tranh giai đoạn 1969-1973 | Năm 1972: Tiến công chiến lược và Điện Biên Phủ trên không | Năm 1946: Hiệp định Sơ bộ, Tạm ước và Toàn quốc kháng chiến | Năm 1974: chuyển biến trước Tổng tiến công 1975 và Phước Long",10.0,4.0,2.0,1.5,1.5,1.0,,False,10.0,,,
402,G5K_0402,memory_multiturn,G5K_MEM_PARIS_07,3,200,Tuyến sau đó đi tới mốc nào năm 1975?,"Hiệp định Paris được ký ngày 27/1/1973, gắn với việc Mỹ rút quân và việc tôn trọng các quyền dân tộc cơ bản của Việt Nam. Theo dữ kiện cung cấp, sau mốc này cục diện tiếp tục chuyển biến trong giai đoạn 1973–1974, nhưng không nêu rõ mốc cụ thể nào ở năm 1975. [1]","[1]: Nguồn trực tiếp: cục diện sau Hiệp định Paris :: Chuẩn hóa theo canonical fact PARIS_1973_SIGNING: Hiệp định Paris được ký ngày 27/1/1973 về chấm dứt chiến tranh, lập lại hòa bình ở Việt Nam; mốc này gắn với việc Mỹ rút quân và việc tôn trọng các quyền dân tộc cơ bản của Việt Nam, nhưng chiến tranh chưa kết thúc hoàn toàn ngay.. [TITLE] Nguồn trực tiếp: cục diện sau Hiệp định Paris [SUMMARY] Cục ...",Nguồn trực tiếp: cục diện sau Hiệp định Paris | Đường 9 trong Chiến dịch Đường 9 - Nam Lào năm 1971 | Việt Nam hóa chiến tranh giai đoạn 1969-1973 | Năm 1974: chuyển biến trước Tổng tiến công 1975 và Phước Long | Năm 1972: Tiến công chiến lược và Điện Biên Phủ trên không,9.07,3.7,2.0,1.12,1.25,1.0,,False,10.0,chiến tranh chưa kết thúc ngay,,
403,G5K_0403,memory_multiturn,G5K_MEM_VIET_BAC_BIEN_GIOI_08,1,200,Từ Việt Bắc 1947 đến Biên giới 1950 nên nhớ thứ tự nào?,"Nên nhớ theo thứ tự: **Việt Bắc 1947 trước, rồi Biên giới 1950**; mốc **Biên giới 1950** gắn với việc khai thông biên giới, mở rộng căn cứ và đưa kháng chiến sang **thế chủ động** hơn. [1] Việt Bắc Thu Đông 1947 bảo vệ căn cứ; Biên giới Thu Đông 1950 khai thông biên giới, mở rộng căn cứ và tạo thế chủ động [1]","[1]: Chiến dịch Biên giới Thu-Đông 1950 :: Chuẩn hóa theo canonical fact VIET_BAC_1947_TO_BIEN_GIOI_1950_TIMELINE: Thứ tự đúng là Việt Bắc Thu Đông 1947 diễn ra trước, giúp bảo vệ căn cứ và đánh bại chiến lược đánh nhanh thắng nhanh; sau đó Chiến dịch Biên giới Thu Đông 1950 khai thông biên giới, mở rộng căn cứ và đưa kháng chiến sang thế chủ động hơn.. [TITLE] Chiến dịch Biên giới Thu-Đông...","Chiến dịch Biên giới Thu-Đông 1950 | Năm 1939: Chiến tranh thế giới thứ hai và Hội nghị Trung ương 6 | Năm 1939, Chiến tranh thế giới thứ hai và chuyển hướng chiến lược | Năm 1974: chuyển biến trước Tổng tiến công 1975 và Phước Long | Năm 1972: Tiến công chiến lược và Điện Biên Phủ trên không",10.0,4.0,2.0,1.5,1.5,1.0,,False,10.0,,,
404,G5K_0404,memory_multiturn,G5K_MEM_VIET_BAC_BIEN_GIOI_08,2,200,Mốc sau trong tuyến đó cho thấy chuyển biến gì?,"Mốc Đồng Khởi 1959-1960 cho thấy cách mạng miền Nam đã chuyển từ thế giữ gìn lực lượng sang thế tiến công, đây là một chuyển biến rất quan trọng. [1]","[1]: Nguồn Stage20G2: Đồng Khởi và chuyển biến cách mạng miền Nam :: Đồng Khởi 1959-1960 là chuyển biến quan trọng ở miền Nam, đưa cách mạng miền Nam từ thế giữ gìn lực lượng sang thế tiến công.",Nguồn Stage20G2: Đồng Khởi và chuyển biến cách mạng miền Nam | Việt Nam hóa chiến tranh giai đoạn 1969-1973 | Chiến thắng Phước Long cuối 1974 - đầu 1975 | Huế được giải phóng ngày 26/3/1975 | Năm 1974: chuyển biến trước Tổng tiến công 1975 và Phước Long,1.95,0.0,0.5,0.0,0.45,1.0,no expected factual slot found; weak displayed citation support,True,0.5,Việt Bắc 1947 | Biên giới 1950 | thế chủ động,,
405,G5K_0405,memory_multiturn,G5K_MEM_VIET_BAC_BIEN_GIOI_08,3,200,Nó thuộc cuộc kháng chiến nào?,"Mốc đó cho thấy cách mạng miền Nam đã chuyển từ thế giữ gìn lực lượng sang thế tiến công, đồng thời cục diện đang chuyển biến có lợi cho cách mạng miền Nam [2][5]. Nếu hỏi “thuộc cuộc kháng chiến nào” thì nó gắn với giai đoạn kháng chiến ở miền Nam, nằm trong diễn biến dẫn tới Tổng tiến công mùa Xuân 1975 [4][5].","[2]: Đồng Khởi là chuyển biến quan trọng ở miền Nam :: Đồng Khởi 1959-1960 là chuyển biến quan trọng, đưa cách mạng miền Nam từ thế giữ gìn lực lượng sang thế tiến công. | [4]: Huế được giải phóng ngày 26/3/1975 :: Ngày 26/3/1975, Huế được giải phóng trong diễn biến nhanh của Tổng tiến công mùa Xuân 1975. | [5]: Năm 1974: chuyển biến trước Tổng tiến công 1975 và Phước Long :: Năm 1974, cục diện sau Hiệp định Paris tiếp tục chuyển biến có lợi cho cách mạng miền Nam.",Đường 9 trong Chiến dịch Đường 9 - Nam Lào năm 1971 | Đồng Khởi là chuyển biến quan trọng ở miền Nam | Chiến thắng Phước Long cuối 1974 - đầu 1975 | Huế được giải phóng ngày 26/3/1975 | Năm 1974: chuyển biến trước Tổng tiến công 1975 và Phước Long,1.95,0.0,0.5,0.0,0.45,1.0,no expected factual slot found; weak displayed citation support,True,0.5,Việt Bắc 1947 | Biên giới 1950 | thế chủ động,,
406,G5K_0406,memory_multiturn,G5K_MEM_CMT8_09,1,200,Cách mạng Tháng Tám 1945 tạo ra kết quả chính trị lớn nào?,"Nguyên nhân là năm 1945 xuất hiện thời cơ trực tiếp khi Nhật đảo chính Pháp, cao trào kháng Nhật phát triển và Tổng khởi nghĩa được phát động. Kết quả chính trị lớn của Cách mạng Tháng Tám 1945 là giành chính quyền về tay nhân dân trên cả nước, lật đổ ách thống trị cũ và dẫn tới sự ra đời của nước Việt Nam Dân chủ Cộng hòa ngày 2/9/1945. [1][2]","[1]: Ý nghĩa Cách mạng Tháng Tám 1945 :: Chuẩn hóa theo canonical fact CMT8_1945_CAUSE_RESULT_STRUCTURE: Nguyên nhân: năm 1945 xuất hiện thời cơ trực tiếp khi Nhật đảo chính Pháp, cao trào kháng Nhật phát triển và Tổng khởi nghĩa được phát động. Kết quả: Cách mạng Tháng Tám 1945 giành chính quyền về tay nhân dân trên cả nước, dẫn tới sự ra đời của nước Việt Nam Dân chủ Cộng hòa ngày 2/9/1... | [2]: Ý nghĩa Cách mạng Tháng Tám 1945 :: Cách mạng Tháng Tám 1945 lật đổ ách thống trị cũ, giành chính quyền về tay nhân dân và mở ra kỷ nguyên độc lập dân tộc.",Ý nghĩa Cách mạng Tháng Tám 1945 | Ý nghĩa Cách mạng Tháng Tám 1945 | Đồng Khởi là chuyển biến quan trọng ở miền Nam | Cao trào kháng Nhật cứu nước năm 1945 | Năm 1930: Đảng Cộng sản Việt Nam ra đời và cao trào 1930-1931,10.0,4.0,2.0,1.5,1.5,1.0,,False,10.0,,,
407,G5K_0407,memory_multiturn,G5K_MEM_CMT8_09,2,200,Kết quả đó dẫn tới nhà nước nào?,"Kết quả đó dẫn tới việc hoàn tất thống nhất nhà nước vào năm 1976, tức Nhà nước Việt Nam thống nhất. [1]","[1]: Phân biệt 30/4/1975 với mốc Quốc hội hoàn tất thống nhất nhà nước :: Cần phân biệt: ngày 30/4/1975 gắn với giải phóng miền Nam và kết thúc chiến tranh. Việc Quốc hội hoàn tất thống nhất nhà nước gắn với năm 1976, không phải ngày 30/4/1975.","Phân biệt 30/4/1975 với mốc Quốc hội hoàn tất thống nhất nhà nước | Chiến thắng Phước Long cuối 1974 - đầu 1975 | Ý nghĩa Cách mạng Tháng Tám 1945 | Năm 1939, Chiến tranh thế giới thứ hai và chuyển hướng chiến lược | Năm 1972: Tiến công chiến lược và Điện Biên Phủ trên không",4.65,1.5,1.2,0.5,0.45,1.0,weak displayed citation support,True,8.5,giành chính quyền | Việt Nam Dân chủ Cộng hòa,,
408,G5K_0408,memory_multiturn,G5K_MEM_CMT8_09,3,200,Mốc 2/9/1945 liên quan thế nào đến sự kiện này?,"Kết quả đó dẫn tới sự ra đời của **Việt Nam Dân chủ Cộng hòa**. Mốc **2/9/1945** là ngày **Hồ Chí Minh** đọc **Tuyên ngôn Độc lập** tại **Quảng trường Ba Đình**, chính thức tuyên bố thành lập nhà nước này. [1]","[1]: Ý nghĩa Cách mạng Tháng Tám 1945 :: Chuẩn hóa theo canonical fact TUYEN_NGON_DOC_LAP_1945: Ngày 2/9/1945, Hồ Chí Minh đọc Tuyên ngôn Độc lập tại Quảng trường Ba Đình, Hà Nội, khai sinh nước Việt Nam Dân chủ Cộng hòa.. [TITLE] Ý nghĩa Cách mạng Tháng Tám 1945 [SUMMARY] Thắng lợi ở Hà Nội, Huế và Sài Gòn có ý nghĩa quyết định đối với thắng lợi của Cách mạng Tháng Tám trong cả nước. Cuộ...",Ý nghĩa Cách mạng Tháng Tám 1945 | Nguồn trực tiếp: ngày 2/9/1945 là ngày tuyên bố độc lập | Tuyên ngôn Độc lập ngày 2/9/1945 | Nguồn trực tiếp: tình thế ngàn cân treo sợi tóc sau 2/9/1945 | Ý nghĩa Cách mạng Tháng Tám 1945,7.92,2.8,2.0,1.0,1.12,1.0,,False,10.0,giành chính quyền,,
409,G5K_0409,memory_multiturn,G5K_MEM_VIET_MINH_10,1,200,Việt Minh năm 1941 có vai trò gì?,"Năm 1941, Mặt trận Việt Minh (thành lập ngày 19/5/1941) có vai trò tập hợp lực lượng yêu nước, lãnh đạo quần chúng đấu tranh giành chính quyền; tổ chức này gắn với Hội nghị Trung ương 8 và góp phần trực tiếp vào thắng lợi của Cách mạng Tháng Tám. [1][2]","[1]: So sánh Đảng Cộng sản Việt Nam và Việt Minh :: Chuẩn hóa theo canonical fact VIET_MINH_1941_ROLE: Việt Minh ra đời trong tháng 5/1941; nguồn dữ liệu ghi mốc 19/5/1941 là ngày thành lập Mặt trận Việt Minh, gắn với Hội nghị Trung ương 8 do Nguyễn Ái Quốc chủ trì. Tổ chức này tập hợp lực lượng yêu nước, tổ chức và lãnh đạo quần chúng đấu tranh giành chính quyền, góp phần trực tiếp vào thắng lợi củ... | [2]: Hội nghị Trung ương 8 năm 1941 và Việt Minh :: Hội nghị Trung ương 8 năm 1941 hoàn chỉnh chuyển hướng chiến lược, đặt giải phóng dân tộc lên hàng đầu và gắn với việc thành lập Việt Minh.",So sánh Đảng Cộng sản Việt Nam và Việt Minh | Hội nghị Trung ương 8 năm 1941 và Việt Minh | Việt Nam hóa chiến tranh giai đoạn 1969-1973 | Xô viết Nghệ Tĩnh trong cao trào 1930-1931 | Đảng Cộng sản Việt Nam thành lập năm 1930,9.85,4.0,2.0,1.5,1.35,1.0,,False,10.0,,,
410,G5K_0410,memory_multiturn,G5K_MEM_VIET_MINH_10,2,200,Tổ chức đó gắn với hội nghị nào?,"Năm 1941, Mặt trận Việt Minh có vai trò **tập hợp lực lượng yêu nước, lãnh đạo quần chúng đấu tranh giành chính quyền**, góp phần trực tiếp vào thắng lợi của **Cách mạng Tháng Tám**. Tổ chức này được thành lập ngày **19/5/1941** và gắn với **Hội nghị Trung ương 8**. [1][2]","[1]: So sánh Đảng Cộng sản Việt Nam và Việt Minh :: Chuẩn hóa theo canonical fact VIET_MINH_1941_ROLE: Việt Minh ra đời trong tháng 5/1941; nguồn dữ liệu ghi mốc 19/5/1941 là ngày thành lập Mặt trận Việt Minh, gắn với Hội nghị Trung ương 8 do Nguyễn Ái Quốc chủ trì. Tổ chức này tập hợp lực lượng yêu nước, tổ chức và lãnh đạo quần chúng đấu tranh giành chính quyền, góp phần trực tiếp vào thắng lợi củ... | [2]: Hội nghị Trung ương 8 năm 1941 và Việt Minh :: Hội nghị Trung ương 8 năm 1941 hoàn chỉnh chuyển hướng chiến lược, đặt giải phóng dân tộc lên hàng đầu và gắn với việc thành lập Việt Minh.",So sánh Đảng Cộng sản Việt Nam và Việt Minh | Hội nghị Trung ương 8 năm 1941 và Việt Minh | Đường 9 trong Chiến dịch Đường 9 - Nam Lào năm 1971 | Việt Nam hóa chiến tranh giai đoạn 1969-1973 | Đại hội II năm 1951 và Đảng Lao động Việt Nam,9.85,4.0,2.0,1.5,1.35,1.0,,False,10.0,,,
411,G5K_0411,memory_multiturn,G5K_MEM_VIET_MINH_10,3,200,Nó có phải Mặt trận Dân tộc Giải phóng miền Nam năm 1960 không?,"Không. **Việt Minh 1941** và **MTDTGPMN 1960** là hai tổ chức **khác bối cảnh lịch sử** và **khác thời điểm ra đời**: Việt Minh được thành lập năm 1941, còn **Mặt trận Dân tộc Giải phóng miền Nam** ra đời ngày **20/12/1960**. Vì vậy, Việt Minh không phải MTDTGPMN 1960. [1][2]","[1]: So sánh Việt Minh và Đảng Cộng sản Việt Nam :: Chuẩn hóa theo canonical fact VIET_MINH_VS_NLF: Không. Việt Minh ra đời năm 1941, không phải năm 1960; Mặt trận Dân tộc Giải phóng miền Nam (MTDTGPMN) ra đời ngày 20/12/1960, không phải năm 1941. Hai tổ chức khác bối cảnh lịch sử, thời điểm ra đời và phạm vi nhiệm vụ.. [TITLE] So sánh Việt Minh và Đảng Cộng sản Việt Nam [SUMMARY] Đảng Cộng sản Việt... | [2]: Mặt trận Dân tộc Giải phóng miền Nam Việt Nam ra đời ngày 20/12/1960 :: Ngày 20/12/1960, Mặt trận Dân tộc Giải phóng miền Nam Việt Nam ra đời, tập hợp lực lượng đấu tranh ở miền Nam.",So sánh Việt Minh và Đảng Cộng sản Việt Nam | Mặt trận Dân tộc Giải phóng miền Nam Việt Nam ra đời ngày 20/12/1960 | Đội Việt Nam Tuyên truyền Giải phóng quân thành lập ngày 22/12/1944 | So sánh Đảng Cộng sản Việt Nam và Việt Minh | Đồng Khởi là chuyển biến quan trọng ở miền Nam,5.61,1.71,1.2,0.64,1.05,1.0,,False,9.0,tập hợp lực lượng | lãnh đạo quần chúng | Cách mạng Tháng Tám | Hội nghị Trung ương 8,,
412,G5K_0412,memory_multiturn,G5K_MEM_NAM_BO_11,1,200,Nam Bộ kháng chiến khác Toàn quốc kháng chiến ra sao?,"Nam Bộ kháng chiến bắt đầu ngày 23/9/1945 ở Sài Gòn - Nam Bộ khi Pháp trở lại xâm lược, còn Toàn quốc kháng chiến bùng nổ ngày 19/12/1946 trên phạm vi cả nước; vì vậy, **khác nhau** chủ yếu ở thời điểm và phạm vi: một bên là cuộc kháng chiến ở Nam Bộ trước, một bên là cuộc kháng chiến toàn quốc sau đó. [1]","[1]: Mốc ngày 19/12/1946 trong lịch sử Việt Nam 1945-1954 :: Chuẩn hóa theo canonical fact NAM_BO_VS_TOAN_QUOC_KHANG_CHIEN: Nam Bộ kháng chiến bắt đầu ngày 23/9/1945 ở Sài Gòn - Nam Bộ khi Pháp trở lại xâm lược; Toàn quốc kháng chiến bùng nổ ngày 19/12/1946, mở đầu cuộc kháng chiến toàn quốc chống Pháp. Hai mốc khác nhau về phạm vi và thời điểm.. [TITLE] Mốc ngày 19/12/1946 trong lịch sử Việt Nam 1945-1954 [...","Mốc ngày 19/12/1946 trong lịch sử Việt Nam 1945-1954 | Đấu tranh ngoại giao với Pháp trước 19/12/1946 | Toàn quốc kháng chiến bùng nổ | Hình thành đường lối kháng chiến toàn dân, toàn diện, lâu dài, tự lực cánh sinh | Công bố/lan truyền Lời kêu gọi Toàn quốc kháng chiến",10.0,4.0,2.0,1.5,1.5,1.0,,False,10.0,,,
413,G5K_0413,memory_multiturn,G5K_MEM_NAM_BO_11,2,200,Mốc sớm hơn là ngày nào?,"Mốc sớm hơn là ngày 19/5/1959, khi Đoàn 559 được thành lập. [3]","[3]: Năm 1959: Đoàn 559 và đường Trường Sơn :: Ngày 19/5/1959, Đoàn 559 được thành lập.","Nguồn Stage20G2: Đồng Khởi và chuyển biến cách mạng miền Nam | Huế được giải phóng ngày 26/3/1975 | Năm 1959: Đoàn 559 và đường Trường Sơn | Năm 1945: Nhật đảo chính Pháp, Tổng khởi nghĩa và Tuyên ngôn Độc lập | Năm 1975: Tổng tiến công mùa Xuân và giải phóng miền Nam",7.8,2.8,2.0,1.0,1.0,1.0,,False,10.0,khác nhau,,
414,G5K_0414,memory_multiturn,G5K_MEM_NAM_BO_11,3,200,Mốc sau mở đầu kháng chiến trên phạm vi nào?,Mốc ngày 23/9/1945 mở đầu kháng chiến trên phạm vi **Nam Bộ**; đây là thời điểm nhân dân Nam Bộ bước vào kháng chiến chống thực dân Pháp quay lại xâm lược [1].,"[1]: Mốc ngày 23/9/1945 trong lịch sử Việt Nam 1945-1954 :: Ngày 23/9/1945, nhân dân Nam Bộ bước vào kháng chiến chống thực dân Pháp quay lại xâm lược. Sự kiện này gắn với 23/9/1945, Nam Bộ và kháng chiến. Nam Bộ kháng chiến bắt đầu ngày 23/9/1945",Mốc ngày 23/9/1945 trong lịch sử Việt Nam 1945-1954 | Mặt trận Dân tộc Giải phóng miền Nam Việt Nam ra đời ngày 20/12/1960 | Năm 1959: Đoàn 559 và đường Trường Sơn | Năm 1975: Tổng tiến công mùa Xuân và giải phóng miền Nam | Năm 1968: Tổng tiến công và nổi dậy Tết Mậu Thân,7.87,2.8,2.0,1.0,1.07,1.0,,False,10.0,khác nhau,,
415,G5K_0415,memory_multiturn,G5K_MEM_TAY_NGUYEN_12,1,200,Chiến dịch Tây Nguyên và Chiến dịch Hồ Chí Minh khác nhau ở đâu?,"Chiến dịch Tây Nguyên mở đầu đột phá chiến lược của Tổng tiến công mùa Xuân 1975, nổi bật với Buôn Ma Thuột; còn Chiến dịch Hồ Chí Minh là chiến dịch cuối cùng ở Sài Gòn, mang tính quyết định và kết thúc bằng thắng lợi ngày 30/4/1975. Vì vậy, khác nhau chủ yếu ở vị trí trong chuỗi tiến công: Tây Nguyên là mở đầu, còn Chiến dịch Hồ Chí Minh là đòn kết thúc. [1][2] Chiến dịch Tây Nguyên 1975 mở đột phá chiến lược từ Buôn Ma Thuột ngày 10/3/1975, tạo đà tới Huế - Đà Nẵng [1]","[1]: Ý nghĩa Chiến dịch Hồ Chí Minh và Đại thắng mùa Xuân 1975 :: Chuẩn hóa theo canonical fact TAY_NGUYEN_VS_HCM_CAMPAIGN: Chiến dịch Tây Nguyên 1975 mở đầu đột phá chiến lược của Tổng tiến công mùa Xuân 1975, nổi bật với Buôn Ma Thuột; Chiến dịch Hồ Chí Minh là chiến dịch cuối cùng ở Sài Gòn, kết thúc bằng thắng lợi ngày 30/4/1975. Hai chiến dịch khác nhau về vị trí trong chuỗi tiến công.. [TITLE] Ý nghĩa Chiến... | [2]: Ngày 30/4/1975 - Dinh Độc Lập bị chiếm và chính quyền Sài Gòn đầu hàng :: Ngày 30/4/1975, quân giải phóng chiếm Dinh Độc Lập và buộc Tổng thống Dương Văn Minh tuyên bố đầu hàng không điều kiện. Mốc này báo hiệu toàn thắng của Chiến dịch Hồ Chí Minh và gắn với kết thúc thắng lợi cuộc kháng chiến chống Mỹ, cứu nước.",Ý nghĩa Chiến dịch Hồ Chí Minh và Đại thắng mùa Xuân 1975 | Ngày 30/4/1975 - Dinh Độc Lập bị chiếm và chính quyền Sài Gòn đầu hàng | Nguồn chứng minh 30/4/1975 là mốc kết thúc chiến tranh và thống nhất đất nước | So sánh Điện Biên Phủ 1954 và Chiến dịch Hồ Chí Minh 1975 | Trận Buôn Ma Thuột mở màn then chốt,9.75,4.0,2.0,1.5,1.25,1.0,,False,10.0,,,
416,G5K_0416,memory_multiturn,G5K_MEM_TAY_NGUYEN_12,2,200,Chiến dịch nào mở đầu đột phá chiến lược?,"Chiến dịch mở đầu đột phá chiến lược là **chiến dịch Tây Nguyên**, cụ thể mở màn bằng **trận Buôn Ma Thuột ngày 10/3/1975**. [1]","[1]: Nguồn Stage20G2: Buôn Ma Thuột ngày 10/3/1975 :: Ngày 10/3/1975, trận Buôn Ma Thuột mở màn chiến dịch Tây Nguyên, tạo đột phá cho Tổng tiến công mùa Xuân 1975.","Nguồn Stage20G2: Buôn Ma Thuột ngày 10/3/1975 | Năm 1939, Chiến tranh thế giới thứ hai và chuyển hướng chiến lược | Năm 1939: Chiến tranh thế giới thứ hai và Hội nghị Trung ương 6 | Hội nghị Trung ương 8 năm 1941 và Việt Minh | Chiến thắng Bình Giã 1964",8.05,2.8,2.0,1.0,1.25,1.0,,False,10.0,Tây Nguyên mở đầu,,
417,G5K_0417,memory_multiturn,G5K_MEM_TAY_NGUYEN_12,3,200,Chiến dịch cuối cùng kết thúc bằng mốc nào?,"Chuỗi Tổng tiến công mùa Xuân 1975 gồm **Tây Nguyên** mở đầu bằng thắng lợi **Buôn Ma Thuột** ngày **10/3/1975**, tiếp đến **Huế - Đà Nẵng**, và cuối cùng là **Chiến dịch Hồ Chí Minh**; chuỗi này kết thúc bằng mốc **30/4/1975**, đánh dấu **toàn thắng, giải phóng miền Nam và thống nhất đất nước**. [1][2]","[1]: Năm 1975: Tổng tiến công mùa Xuân và giải phóng miền Nam :: Chuẩn hóa theo canonical fact SPRING_1975_CAMPAIGN_CHAIN: Chuỗi chiến dịch chính trong Tổng tiến công mùa Xuân 1975 gồm Tây Nguyên mở đầu bằng thắng lợi Buôn Ma Thuột ngày 10/3/1975, tiếp đến Huế - Đà Nẵng, rồi Chiến dịch Hồ Chí Minh kết thúc bằng mốc 30/4/1975.. [TITLE] Năm 1975: Tổng tiến công mùa Xuân và giải phóng miền Nam [SUMMARY] Tháng 3/197... | [2]: Ý nghĩa Chiến dịch Hồ Chí Minh và Đại thắng mùa Xuân 1975 :: Chiến dịch Hồ Chí Minh là đòn quyết định trong cuộc tấn công quân sự cuối cùng của mùa Xuân 1975. Ngày 30/4/1975, Dinh Độc Lập bị chiếm và chính quyền Sài Gòn đầu hàng. Nguồn chứng nhận gắn thắng lợi này với giải phóng miền Nam, thống nhất đất nước và kết thúc cuộc kháng chiến chống Mỹ, cứu nước.",Năm 1975: Tổng tiến công mùa Xuân và giải phóng miền Nam | Ý nghĩa Chiến dịch Hồ Chí Minh và Đại thắng mùa Xuân 1975 | Ngày 30/4/1975 - Dinh Độc Lập bị chiếm và chính quyền Sài Gòn đầu hàng | Nguồn chứng minh 30/4/1975 là mốc kết thúc chiến tranh và thống nhất đất nước | So sánh Điện Biên Phủ 1954 và Chiến dịch Hồ Chí Minh 1975,10.0,4.0,2.0,1.5,1.5,1.0,,False,10.0,,,
418,G5K_0418,memory_multiturn,G5K_MEM_HUE_13,1,200,Huế được giải phóng vào mốc nào năm 1975?,"Huế được giải phóng ngày 26/3/1975, trong diễn biến nhanh của Tổng tiến công mùa Xuân 1975; đây là một mốc quan trọng trên con đường giải phóng miền Nam, kết thúc chiến tranh và mở đường cho thống nhất đất nước. [2][1]","[1]: Ý nghĩa Chiến dịch Hồ Chí Minh và Đại thắng mùa Xuân 1975 :: Chuẩn hóa theo canonical fact APRIL_30_1975_MEANING: Ngày 30/4/1975 gắn với giải phóng miền Nam, chính quyền Sài Gòn đầu hàng, kết thúc chiến tranh và mở đường cho thống nhất đất nước.. [TITLE] Ý nghĩa Chiến dịch Hồ Chí Minh và Đại thắng mùa Xuân 1975 [SUMMARY] Chiến dịch Hồ Chí Minh là đòn quyết định trong cuộc tấn công quân sự cuối cùng của mùa X... | [2]: Huế được giải phóng ngày 26/3/1975 :: Ngày 26/3/1975, Huế được giải phóng trong diễn biến nhanh của Tổng tiến công mùa Xuân 1975.",Ý nghĩa Chiến dịch Hồ Chí Minh và Đại thắng mùa Xuân 1975 | Huế được giải phóng ngày 26/3/1975 | Năm 1975: Tổng tiến công mùa Xuân và giải phóng miền Nam | Ngày 10/3/1975 mở màn chiến dịch Tây Nguyên tại Buôn Ma Thuột | Chiến thắng Phước Long cuối 1974 - đầu 1975,4.0,4.0,0.5,1.5,1.5,1.0,forbidden/wrong entity hit,True,10.0,,Đà Nẵng 29/3/1975,
419,G5K_0419,memory_multiturn,G5K_MEM_HUE_13,2,200,Mốc đó nằm trong diễn biến chung nào?,"Ngày 30/4/1975 có ý nghĩa là ngày **giải phóng miền Nam**, khi chính quyền Sài Gòn đầu hàng, qua đó **kết thúc chiến tranh** và mở đường cho **thống nhất đất nước**. Mốc này nằm trong diễn biến của **Chiến dịch Hồ Chí Minh** và **Đại thắng mùa Xuân 1975**. [1][2]","[1]: Ý nghĩa Chiến dịch Hồ Chí Minh và Đại thắng mùa Xuân 1975 :: Chuẩn hóa theo canonical fact APRIL_30_1975_MEANING: Ngày 30/4/1975 gắn với giải phóng miền Nam, chính quyền Sài Gòn đầu hàng, kết thúc chiến tranh và mở đường cho thống nhất đất nước.. [TITLE] Ý nghĩa Chiến dịch Hồ Chí Minh và Đại thắng mùa Xuân 1975 [SUMMARY] Chiến dịch Hồ Chí Minh là đòn quyết định trong cuộc tấn công quân sự cuối cùng của mùa X... | [2]: Ngày 30/4/1975 - Dinh Độc Lập bị chiếm và chính quyền Sài Gòn đầu hàng :: Ngày 30/4/1975, quân giải phóng chiếm Dinh Độc Lập và buộc Tổng thống Dương Văn Minh tuyên bố đầu hàng không điều kiện. Mốc này báo hiệu toàn thắng của Chiến dịch Hồ Chí Minh và gắn với kết thúc thắng lợi cuộc kháng chiến chống Mỹ, cứu nước.",Ý nghĩa Chiến dịch Hồ Chí Minh và Đại thắng mùa Xuân 1975 | Ngày 30/4/1975 - Dinh Độc Lập bị chiếm và chính quyền Sài Gòn đầu hàng | Nguồn chứng minh 30/4/1975 là mốc kết thúc chiến tranh và thống nhất đất nước | So sánh Điện Biên Phủ 1954 và Chiến dịch Hồ Chí Minh 1975 | Chiến dịch Hồ Chí Minh,4.0,2.8,0.5,1.0,1.0,1.0,forbidden/wrong entity hit,True,10.0,Huế,Đà Nẵng 29/3/1975,
420,G5K_0420,memory_multiturn,G5K_MEM_BIEN_GIOI_DBP_14,1,200,So sánh Biên giới 1950 với Điện Biên Phủ 1954.,"Biên giới Thu Đông 1950 và Điện Biên Phủ 1954 đều thuộc kháng chiến chống Pháp, nhưng khác nhau về vai trò và mức độ quyết định: Biên giới 1950 chủ yếu nhằm khai thông biên giới, mở rộng căn cứ và đưa kháng chiến sang thế chủ động hơn, còn Điện Biên Phủ 1954 là thắng lợi quyết định, kết thúc vào ngày 7/5/1954 và tác động trực tiếp tới đàm phán Genève, làm phá sản Kế hoạch Nava. [1][4]","[1]: So sánh Chiến dịch Biên giới 1950 và Chiến dịch Điện Biên Phủ 1954 :: Chuẩn hóa theo canonical fact BIEN_GIOI_1950_VS_DBP_1954: Chiến dịch Biên giới Thu Đông 1950 thuộc kháng chiến chống Pháp, chủ yếu khai thông biên giới, mở rộng căn cứ và đưa kháng chiến sang thế chủ động hơn; Điện Biên Phủ 1954 cũng thuộc kháng chiến chống Pháp nhưng là chiến thắng quyết định, kết thúc thắng lợi ngày 7/5/1954 và tác động trực tiếp... | [4]: Chiến thắng Điện Biên Phủ - canonical answer evidence :: Ngày 7/5/1954, Chiến dịch Điện Biên Phủ kết thúc thắng lợi. Chiến thắng làm phá sản Kế hoạch Nava và tác động trực tiếp đến đàm phán Genève.",So sánh Chiến dịch Biên giới 1950 và Chiến dịch Điện Biên Phủ 1954 | Ý nghĩa Chiến thắng Điện Biên Phủ 1954 | So sánh Điện Biên Phủ 1954 và Chiến dịch Hồ Chí Minh 1975 | Chiến thắng Điện Biên Phủ - canonical answer evidence | Mốc ngày 7/5/1954 trong lịch sử Việt Nam 1945-1954,10.0,4.0,2.0,1.5,1.5,1.0,,False,10.0,,,
421,G5K_0421,memory_multiturn,G5K_MEM_BIEN_GIOI_DBP_14,2,200,Mốc nào là thắng lợi quyết định năm 1954?,"Mốc thắng lợi quyết định năm 1954 là Chiến dịch Điện Biên Phủ: mở màn ngày 13/3/1954 với trận Him Lam, diễn ra 56 ngày đêm và kết thúc thắng lợi vào ngày 7/5/1954. [1]","[1]: Mở màn Chiến dịch Điện Biên Phủ :: Chuẩn hóa theo canonical fact DBP_1954_MILESTONES: Các mốc ổn định của Chiến dịch Điện Biên Phủ: mở màn ngày 13/3/1954 với trận Him Lam, diễn ra 56 ngày đêm, và kết thúc thắng lợi ngày 7/5/1954.. [TITLE] Mở màn Chiến dịch Điện Biên Phủ - canonical answer evidence [SUMMARY] Ngày 13/3/1954, Chiến dịch Điện Biên Phủ mở màn với trận Him Lam. [YEAR] 195...",Mở màn Chiến dịch Điện Biên Phủ | Chiến thắng Phước Long cuối 1974 - đầu 1975 | Đại hội II năm 1951 và Đảng Lao động Việt Nam | Tổng tuyển cử thống nhất dự kiến năm 1956 sau Hiệp định Genève | Năm 1975: Tổng tiến công mùa Xuân và giải phóng miền Nam,5.4,1.6,1.2,0.6,1.0,1.0,,False,9.0,Biên giới Thu Đông 1950 | khai thông biên giới | kháng chiến chống Pháp,,
422,G5K_0422,memory_multiturn,G5K_MEM_BIEN_GIOI_DBP_14,3,200,Mốc nào khai thông biên giới?,"Mốc khai thông biên giới là **Chiến dịch Biên giới Thu-Đông 1950**, vì chiến dịch này có ý nghĩa **khai thông biên giới**, **mở rộng căn cứ địa** và giúp ta chuyển sang **thế chủ động** trong kháng chiến chống Pháp. [1]","[1]: Chiến dịch Biên giới Thu-Đông 1950 :: Chuẩn hóa theo canonical fact BIEN_GIOI_1950_MEANING: Chiến dịch Biên giới Thu Đông 1950 có ý nghĩa khai thông biên giới, mở rộng căn cứ địa và giúp cuộc kháng chiến chống Pháp chuyển sang thế chủ động hơn.. [TITLE] Chiến dịch Biên giới Thu-Đông 1950 - canonical answer evidence [SUMMARY] Chiến dịch Biên giới Thu-Đông 1950 khai thông biên giới Việt-...",Chiến dịch Biên giới Thu-Đông 1950 | Diễn biến chính thời kỳ 1945-1954 | Đồng Khởi là chuyển biến quan trọng ở miền Nam | Huế được giải phóng ngày 26/3/1975 | Ngày 10/3/1975 mở màn chiến dịch Tây Nguyên tại Buôn Ma Thuột,8.9,3.7,2.0,1.2,1.0,1.0,,False,10.0,Điện Biên Phủ 1954,,
423,G5K_0423,memory_multiturn,G5K_MEM_CUONG_LINH_15,1,200,Cương lĩnh đầu năm 1930 và Luận cương tháng 10/1930 khác nhau thế nào?,"Cương lĩnh chính trị đầu năm 1930 là văn kiện mở đầu do Nguyễn Ái Quốc khởi thảo, đặt nền tảng đường lối cách mạng và nhấn mạnh độc lập dân tộc; còn Luận cương chính trị tháng 10/1930 là văn kiện do Trần Phú gắn với việc tiếp tục định hướng đường lối của Đảng sau khi thành lập. Vì vậy, khác nhau chủ yếu ở thời điểm ra đời, người gắn với văn kiện và vai trò của mỗi văn kiện trong tiến trình cách mạng 1930. [1]","[1]: Thông qua Luận cương chính trị tháng 10/1930 :: Chuẩn hóa theo canonical fact CUONG_LINH_VS_LUAN_CUONG_1930: Cương lĩnh chính trị đầu tiên đầu năm 1930 gắn với Nguyễn Ái Quốc và đặt nền tảng đường lối cách mạng, nhấn mạnh độc lập dân tộc; Luận cương chính trị tháng 10/1930 gắn với Trần Phú và là văn kiện tiếp tục định hướng đường lối của Đảng sau khi thành lập.. [TITLE] Thông qua Luận cương chín...",Thông qua Luận cương chính trị tháng 10/1930 | So sánh Cương lĩnh đầu tiên và Luận cương chính trị tháng 10/1930 | Ngày 10/3/1975 mở màn chiến dịch Tây Nguyên tại Buôn Ma Thuột | Xô viết Nghệ Tĩnh trong cao trào 1930-1931 | Năm 1930: Đảng Cộng sản Việt Nam ra đời và cao trào 1930-1931,10.0,4.0,2.0,1.5,1.5,1.0,,False,10.0,,,
424,G5K_0424,memory_multiturn,G5K_MEM_CUONG_LINH_15,2,200,Văn kiện nào gắn với Trần Phú?,"Cương lĩnh chính trị đầu năm 1930 gắn với Nguyễn Ái Quốc, nhấn mạnh nhiệm vụ giải phóng dân tộc và đặt nền tảng đường lối cách mạng; còn Luận cương chính trị tháng 10/1930 gắn với Trần Phú, tiếp tục định hướng đường lối của Đảng sau khi thành lập. Văn kiện gắn với Trần Phú là **Luận cương chính trị tháng 10/1930**. [1]","[1]: Thông qua Luận cương chính trị tháng 10/1930 :: Chuẩn hóa theo canonical fact CUONG_LINH_VS_LUAN_CUONG_1930: Cương lĩnh chính trị đầu tiên đầu năm 1930 gắn với Nguyễn Ái Quốc và đặt nền tảng đường lối cách mạng, nhấn mạnh độc lập dân tộc; Luận cương chính trị tháng 10/1930 gắn với Trần Phú và là văn kiện tiếp tục định hướng đường lối của Đảng sau khi thành lập.. [TITLE] Thông qua Luận cương chín...","Thông qua Luận cương chính trị tháng 10/1930 | Trần Phú được bầu làm Tổng Bí thư đầu tiên của Đảng | Trận Phước Long (12-1974 – 1-1975) – quân ta tiêu diệt lực lượng VNCH, thử phản ứng Mỹ | Đảng Cộng sản Đông Dương chính thức ra đời | Phong trào Xô Viết Nghệ Tĩnh",10.0,4.0,2.0,1.5,1.5,1.0,,False,10.0,,,
425,G5K_0425,memory_multiturn,G5K_MEM_ANTI_US_16,1,200,Các mốc chống Mỹ từ 1960 đến 1973 nên nhớ ra sao?,Các mốc chống Mỹ từ 1960 đến 1973 nên nhớ theo trục này: năm **1960** Mặt trận Dân tộc Giải phóng miền Nam ra đời; năm **1968** có Tết Mậu Thân; năm **1972** có “Điện Biên Phủ trên không” đánh bại B-52; và ngày **27/1/1973** ký Hiệp định Paris. [1],[1]: Timeline chuẩn hóa giai đoạn 1954-1975 :: Chuẩn hóa theo canonical fact ANTI_US_1960_1973_TIMELINE: Các mốc chống Mỹ 1960-1973 có thể sắp xếp ngắn: năm 1960 Mặt trận Dân tộc Giải phóng miền Nam ra đời; năm 1968 Tết Mậu Thân tạo tác động chính trị lớn; cuối năm 1972 Điện Biên Phủ trên không đánh bại B-52; ngày 27/1/1973 ký Hiệp định Paris.. [TITLE] Timeline chuẩn hóa giai đoạn 1954-1975 [SU...,Timeline chuẩn hóa giai đoạn 1954-1975 | Việt Nam hóa chiến tranh giai đoạn 1969-1973 | Đồng Khởi là chuyển biến quan trọng ở miền Nam | Chiến thắng Phước Long cuối 1974 - đầu 1975 | Đại hội II năm 1951 và Đảng Lao động Việt Nam,10.0,4.0,2.0,1.5,1.5,1.0,,False,10.0,,,
426,G5K_0426,memory_multiturn,G5K_MEM_ANTI_US_16,2,200,Mốc 1968 trong tuyến đó là gì?,"Tết Mậu Thân 1968 là cuộc tổng tiến công tạo tác động chính trị lớn, ảnh hưởng dư luận Mỹ và thúc đẩy đàm phán; Hiệp định Paris 1973 là văn kiện ngoại giao về chấm dứt chiến tranh, lập lại hòa bình và gắn với việc Mỹ rút quân. Hai mốc liên hệ nhưng khác bản chất [1]","[1]: Ý nghĩa Hiệp định Paris 1973 :: Chuẩn hóa theo canonical fact TET_MAU_THAN_VS_PARIS_1973: Tết Mậu Thân 1968 là cuộc tổng tiến công tạo tác động chính trị lớn, ảnh hưởng dư luận Mỹ và thúc đẩy đàm phán; Hiệp định Paris 1973 là văn kiện ngoại giao về chấm dứt chiến tranh, lập lại hòa bình và gắn với việc Mỹ rút quân. Hai mốc liên hệ nhưng khác bản chất.. [TITLE] Ý nghĩa Hiệp định P...",Ý nghĩa Hiệp định Paris 1973 | Phân biệt Hiệp định Genève 1954 và Hiệp định Paris 1973 | Bối cảnh chính của Hiệp định Paris 1973 | Nguồn trực tiếp: cục diện sau Hiệp định Paris | Năm 1968: Tổng tiến công và nổi dậy Tết Mậu Thân,6.75,2.8,1.2,0.75,1.0,1.0,,False,9.0,1960 | 1972,,
427,G5K_0427,memory_multiturn,G5K_MEM_ANTI_FRENCH_17,1,200,Kháng chiến chống Pháp 1946-1954 có các mốc chính nào?,Timeline kháng chiến chống Pháp 1946-1954 có thể tóm tắt: Toàn quốc kháng chiến ngày 19/12/1946; Chiến dịch Biên giới Thu Đông 1950 đưa kháng chiến sang thế chủ động hơn; năm 1954 Chiến thắng Điện Biên Phủ và Hiệp định Genève [1],[1]: Diễn biến chính thời kỳ 1945-1954 :: Chuẩn hóa theo canonical fact ANTI_FRENCH_1946_1954_TIMELINE: Timeline kháng chiến chống Pháp 1946-1954 có thể tóm tắt: Toàn quốc kháng chiến ngày 19/12/1946; Chiến dịch Biên giới Thu Đông 1950 đưa kháng chiến sang thế chủ động hơn; năm 1954 Chiến thắng Điện Biên Phủ và Hiệp định Genève.. [TITLE] Diễn biến chính thời kỳ 1945-1954 [SUMMARY] Thời kỳ ...,"Diễn biến chính thời kỳ 1945-1954 | Đại hội II năm 1951 và Đảng Lao động Việt Nam | Lời kêu gọi thi đua ái quốc ngày 11/6/1948 | Cao trào kháng Nhật cứu nước năm 1945 | Năm 1946: Hiệp định Sơ bộ, Tạm ước và Toàn quốc kháng chiến",10.0,4.0,2.0,1.5,1.5,1.0,,False,10.0,,,
428,G5K_0428,memory_multiturn,G5K_MEM_ANTI_FRENCH_17,2,200,Mốc cuối của tuyến đó là chiến thắng nào?,Mốc cuối của tuyến đó là **chiến thắng Phước Long** vào cuối năm 1974 - đầu năm 1975. [1],"[1]: Nguồn Stage20G2: Chiến thắng Phước Long và quyết tâm giải phóng miền Nam :: Chiến thắng Phước Long cuối năm 1974 - đầu năm 1975 có ý nghĩa thăm dò phản ứng của Mỹ, cho thấy khả năng giải phóng địa bàn cấp tỉnh và tác động đến quyết tâm giải phóng miền Nam.",Nguồn Stage20G2: Chiến thắng Phước Long và quyết tâm giải phóng miền Nam | Đường 9 trong Chiến dịch Đường 9 - Nam Lào năm 1971 | Ngày 10/3/1975 mở màn chiến dịch Tây Nguyên tại Buôn Ma Thuột | Chiến thắng Bình Giã 1964 | Huế được giải phóng ngày 26/3/1975,4.65,1.5,1.2,0.5,0.45,1.0,weak displayed citation support,True,8.5,Biên giới 1950 | Điện Biên Phủ 1954,,
429,G5K_0429,memory_multiturn,G5K_MEM_HCM_CAMPAIGN_18,1,200,Chiến dịch Hồ Chí Minh có phải mở đầu mùa Xuân 1975 không?,"Không. **Chiến dịch Hồ Chí Minh là chiến dịch cuối cùng** của cuộc Tổng tiến công và nổi dậy mùa Xuân 1975; chiến dịch này diễn ra đến **30/4/1975**, khi **Sài Gòn** được giải phóng và **chính quyền Sài Gòn đầu hàng**. Mở đầu mùa Xuân 1975 là **Chiến dịch Tây Nguyên**, với điểm then chốt là Buôn Ma Thuột. [1][2]","[1]: Ý nghĩa Chiến dịch Hồ Chí Minh và Đại thắng mùa Xuân 1975 :: Chuẩn hóa theo canonical fact HO_CHI_MINH_CAMPAIGN_FINAL: Không. Tổng tiến công mùa Xuân 1975 mở đầu bằng Chiến dịch Tây Nguyên, nổi bật là Buôn Ma Thuột; Chiến dịch Hồ Chí Minh là chiến dịch cuối cùng và quyết định, kết thúc bằng mốc 30/4/1975 khi Sài Gòn được giải phóng và chính quyền Sài Gòn đầu hàng.. [TITLE] Ý nghĩa Chiến dịch Hồ Chí Minh và Đ... | [2]: Ngày 30/4/1975 - Dinh Độc Lập bị chiếm và chính quyền Sài Gòn đầu hàng :: Ngày 30/4/1975, quân giải phóng chiếm Dinh Độc Lập và buộc Tổng thống Dương Văn Minh tuyên bố đầu hàng không điều kiện. Mốc này báo hiệu toàn thắng của Chiến dịch Hồ Chí Minh và gắn với kết thúc thắng lợi cuộc kháng chiến chống Mỹ, cứu nước.",Ý nghĩa Chiến dịch Hồ Chí Minh và Đại thắng mùa Xuân 1975 | Ngày 30/4/1975 - Dinh Độc Lập bị chiếm và chính quyền Sài Gòn đầu hàng | Nguồn chứng minh 30/4/1975 là mốc kết thúc chiến tranh và thống nhất đất nước | So sánh Điện Biên Phủ 1954 và Chiến dịch Hồ Chí Minh 1975 | Trận Buôn Ma Thuột mở màn then chốt,10.0,4.0,2.0,1.5,1.5,1.0,,False,10.0,,,
430,G5K_0430,memory_multiturn,G5K_MEM_HCM_CAMPAIGN_18,2,200,Vậy chiến dịch đó giữ vai trò gì?,"Không, Chiến dịch Hồ Chí Minh không phải là mở đầu mùa Xuân 1975; mùa Xuân 1975 mở đầu từ Tây Nguyên, nổi bật là Buôn Ma Thuột. Chiến dịch Hồ Chí Minh là chiến dịch cuối cùng, giữ vai trò quyết định trong Tổng tiến công và nổi dậy mùa Xuân 1975, dẫn đến mốc 30/4/1975 khi Sài Gòn được giải phóng và chính quyền Sài Gòn đầu hàng. [1][2]","[1]: Ý nghĩa Chiến dịch Hồ Chí Minh và Đại thắng mùa Xuân 1975 :: Chuẩn hóa theo canonical fact HO_CHI_MINH_CAMPAIGN_FINAL: Không. Tổng tiến công mùa Xuân 1975 mở đầu bằng Chiến dịch Tây Nguyên, nổi bật là Buôn Ma Thuột; Chiến dịch Hồ Chí Minh là chiến dịch cuối cùng và quyết định, kết thúc bằng mốc 30/4/1975 khi Sài Gòn được giải phóng và chính quyền Sài Gòn đầu hàng.. [TITLE] Ý nghĩa Chiến dịch Hồ Chí Minh và Đ... | [2]: Ngày 30/4/1975 - Dinh Độc Lập bị chiếm và chính quyền Sài Gòn đầu hàng :: Ngày 30/4/1975, quân giải phóng chiếm Dinh Độc Lập và buộc Tổng thống Dương Văn Minh tuyên bố đầu hàng không điều kiện. Mốc này báo hiệu toàn thắng của Chiến dịch Hồ Chí Minh và gắn với kết thúc thắng lợi cuộc kháng chiến chống Mỹ, cứu nước.",Ý nghĩa Chiến dịch Hồ Chí Minh và Đại thắng mùa Xuân 1975 | Ngày 30/4/1975 - Dinh Độc Lập bị chiếm và chính quyền Sài Gòn đầu hàng | Nguồn chứng minh 30/4/1975 là mốc kết thúc chiến tranh và thống nhất đất nước | So sánh Điện Biên Phủ 1954 và Chiến dịch Hồ Chí Minh 1975 | Trận Buôn Ma Thuột mở màn then chốt,10.0,4.0,2.0,1.5,1.5,1.0,,False,10.0,,,
431,G5K_0431,memory_multiturn,G5K_MEM_VNTTGPQ_19,1,200,Đội Việt Nam Tuyên truyền Giải phóng quân khác Việt Minh thế nào?,"Việt Minh là một mặt trận chính trị ra đời năm 1941 để tập hợp lực lượng giải phóng dân tộc, còn Đội Việt Nam Tuyên truyền Giải phóng quân là lực lượng vũ trang cách mạng thành lập ngày 22/12/1944; vì vậy, hai tổ chức khác nhau về tính chất và thời điểm ra đời. [1][3]","[1]: Đội Việt Nam Tuyên truyền Giải phóng quân thành lập ngày 22/12/1944 :: Chuẩn hóa theo canonical fact VNTTGPQ_VS_VIET_MINH: Việt Minh là mặt trận chính trị ra đời năm 1941 để tập hợp lực lượng giải phóng dân tộc; Đội Việt Nam Tuyên truyền Giải phóng quân thành lập ngày 22/12/1944 là lực lượng vũ trang cách mạng. Hai tổ chức khác nhau về tính chất và thời điểm.. [TITLE] Đội Việt Nam Tuyên truyền Giải phóng quân thành lậ... | [3]: Hội nghị Trung ương 8 năm 1941 và Việt Minh :: Hội nghị Trung ương 8 năm 1941 hoàn chỉnh chuyển hướng chiến lược, đặt giải phóng dân tộc lên hàng đầu và gắn với việc thành lập Việt Minh.",Đội Việt Nam Tuyên truyền Giải phóng quân thành lập ngày 22/12/1944 | So sánh Đảng Cộng sản Việt Nam và Việt Minh | Hội nghị Trung ương 8 năm 1941 và Việt Minh | Đường 9 trong Chiến dịch Đường 9 - Nam Lào năm 1971 | Mặt trận Dân tộc Giải phóng miền Nam Việt Nam ra đời ngày 20/12/1960,10.0,4.0,2.0,1.5,1.5,1.0,,False,10.0,,,
432,G5K_0432,memory_multiturn,G5K_MEM_VNTTGPQ_19,2,200,Lực lượng vũ trang đó thành lập ngày nào?,Mặt trận Dân tộc Giải phóng miền Nam Việt Nam được thành lập ngày 20/12/1960; đây là tổ chức ở miền Nam nhằm tập hợp lực lượng miền Nam để đấu tranh chống Mỹ trong kháng chiến chống Mỹ. [1],"[1]: Mặt trận Dân tộc Giải phóng miền Nam Việt Nam ra đời ngày 20/12/1960 :: Chuẩn hóa theo canonical fact NLF_1960_FOUNDING_DATE: Mặt trận Dân tộc Giải phóng miền Nam Việt Nam ra đời ngày 20/12/1960; ý nghĩa cốt lõi là tập hợp lực lượng miền Nam đấu tranh chống Mỹ và chính quyền Sài Gòn trong kháng chiến chống Mỹ.. [TITLE] Mặt trận Dân tộc Giải phóng miền Nam Việt Nam ra đời ngày 20/12/1960 [SUMMARY] Ngày 20/12/1960, Mặt t...",Mặt trận Dân tộc Giải phóng miền Nam Việt Nam ra đời ngày 20/12/1960 | Đội Việt Nam Tuyên truyền Giải phóng quân thành lập ngày 22/12/1944 | So sánh Đảng Cộng sản Việt Nam và Việt Minh | Hội nghị Trung ương 8 năm 1941 và Việt Minh | Năm 1969: Chính phủ Cách mạng lâm thời và bối cảnh đàm phán,4.7,1.5,1.2,0.5,0.5,1.0,weak displayed citation support,True,8.5,Việt Minh | 1941,,
433,G5K_0433,memory_multiturn,G5K_MEM_YEAR_1954_20,1,200,Năm 1954 trong lịch sử Việt Nam gắn với những mốc nào?,"Năm 1954 gắn với Chiến dịch Điện Biên Phủ: mở màn ngày **13/3/1954** với trận **Him Lam**, diễn ra **56 ngày đêm**, và kết thúc thắng lợi vào **7/5/1954**. [1]","[1]: Mở màn Chiến dịch Điện Biên Phủ :: Chuẩn hóa theo canonical fact DBP_1954_MILESTONES: Các mốc ổn định của Chiến dịch Điện Biên Phủ: mở màn ngày 13/3/1954 với trận Him Lam, diễn ra 56 ngày đêm, và kết thúc thắng lợi ngày 7/5/1954.. [TITLE] Mở màn Chiến dịch Điện Biên Phủ - canonical answer evidence [SUMMARY] Ngày 13/3/1954, Chiến dịch Điện Biên Phủ mở màn với trận Him Lam. [YEAR] 195...",Mở màn Chiến dịch Điện Biên Phủ | Đường 9 trong Chiến dịch Đường 9 - Nam Lào năm 1971 | Việt Nam hóa chiến tranh giai đoạn 1969-1973 | Hội nghị Trung ương 8 năm 1941 và Việt Minh | Năm 1959: Đoàn 559 và đường Trường Sơn,7.8,2.8,2.0,1.0,1.0,1.0,,False,10.0,Genève,,
434,G5K_0434,memory_multiturn,G5K_MEM_YEAR_1954_20,2,200,"Trong hai mốc đó, mốc quân sự quyết định là gì?","Năm 1954 gắn với các mốc của Chiến dịch Điện Biên Phủ: mở màn ngày **13/3/1954** với trận **Him Lam**, kéo dài **56 ngày đêm**, và kết thúc thắng lợi ngày **7/5/1954** [1]. Trong hai mốc đó, mốc quân sự quyết định là **chiến thắng mở màn ngày 13/3/1954 tại Him Lam**, vì đây là sự khởi đầu của chiến dịch dẫn tới thắng lợi cuối cùng [1].","[1]: Mở màn Chiến dịch Điện Biên Phủ :: Chuẩn hóa theo canonical fact DBP_1954_MILESTONES: Các mốc ổn định của Chiến dịch Điện Biên Phủ: mở màn ngày 13/3/1954 với trận Him Lam, diễn ra 56 ngày đêm, và kết thúc thắng lợi ngày 7/5/1954.. [TITLE] Mở màn Chiến dịch Điện Biên Phủ - canonical answer evidence [SUMMARY] Ngày 13/3/1954, Chiến dịch Điện Biên Phủ mở màn với trận Him Lam. [YEAR] 195...",Mở màn Chiến dịch Điện Biên Phủ | Đường 9 trong Chiến dịch Đường 9 - Nam Lào năm 1971 | Việt Nam hóa chiến tranh giai đoạn 1969-1973 | Xô viết Nghệ Tĩnh trong cao trào 1930-1931 | Năm 1959: Đoàn 559 và đường Trường Sơn,7.8,2.8,2.0,1.0,1.0,1.0,,False,10.0,Genève,,
435,G5K_0435,memory_multiturn,G5K_MEM_XOVIET_21,1,200,Giai đoạn 1930-1931 gắn với phong trào nào?,"Giai đoạn 1930-1931 gắn với cao trào cách mạng Xô viết Nghệ Tĩnh, diễn ra nổi bật ở Nghệ An - Hà Tĩnh và thể hiện sức đấu tranh của quần chúng dưới sự lãnh đạo của Đảng [1]","[1]: Phong trào Xô Viết Nghệ Tĩnh :: Chuẩn hóa theo canonical fact XO_VIET_NGHE_TINH_1930_1931: Giai đoạn 1930-1931 gắn với cao trào cách mạng Xô viết Nghệ Tĩnh, diễn ra nổi bật ở Nghệ An - Hà Tĩnh và thể hiện sức đấu tranh của quần chúng dưới sự lãnh đạo của Đảng.. [TITLE] Phong trào Xô Viết Nghệ Tĩnh [SUMMARY] Từ tháng 9-1930, công nhân và nông dân tại Nghệ An và Hà Tĩnh dưới sự lãn...",Phong trào Xô Viết Nghệ Tĩnh | Phong trào dân chủ 1936-1939 | Đường 9 trong Chiến dịch Đường 9 - Nam Lào năm 1971 | So sánh Đảng Cộng sản Việt Nam và Việt Minh | Xô viết Nghệ Tĩnh trong cao trào 1930-1931,10.0,4.0,2.0,1.5,1.5,1.0,,False,10.0,,,
436,G5K_0436,memory_multiturn,G5K_MEM_XOVIET_21,2,200,Phong trào đó nổi bật ở địa bàn nào?,"Theo dữ liệu hiện có, chưa nêu rõ phong trào này nổi bật ở địa bàn nào; chỉ cho biết đó là phong trào dân chủ 1936-1939 với nhiều hình thức đấu tranh công khai và nửa công khai. [1]","[1]: Nguồn Stage20G2: phong trào dân chủ 1936-1939 :: Phong trào dân chủ 1936-1939 gắn với đấu tranh đòi dân sinh, dân chủ bằng nhiều hình thức công khai và nửa công khai, góp phần tập hợp quần chúng.",Nguồn Stage20G2: phong trào dân chủ 1936-1939 | Chiến thắng Phước Long cuối 1974 - đầu 1975 | Đồng Khởi là chuyển biến quan trọng ở miền Nam | Xô viết Nghệ Tĩnh trong cao trào 1930-1931 | Lời kêu gọi thi đua ái quốc ngày 11/6/1948,1.95,0.0,0.5,0.0,0.45,1.0,no expected factual slot found; weak displayed citation support,True,3.0,1930-1931 | Xô viết Nghệ Tĩnh,,
437,G5K_0437,memory_multiturn,G5K_MEM_APR30_22,1,200,Ngày 30/4/1975 có ý nghĩa gì?,"Ngày 30/4/1975 có ý nghĩa là ngày giải phóng miền Nam, chính quyền Sài Gòn đầu hàng, kết thúc chiến tranh và mở đường cho thống nhất đất nước. [1]","[1]: Ý nghĩa Chiến dịch Hồ Chí Minh và Đại thắng mùa Xuân 1975 :: Chuẩn hóa theo canonical fact APRIL_30_1975_MEANING: Ngày 30/4/1975 gắn với giải phóng miền Nam, chính quyền Sài Gòn đầu hàng, kết thúc chiến tranh và mở đường cho thống nhất đất nước.. [TITLE] Ý nghĩa Chiến dịch Hồ Chí Minh và Đại thắng mùa Xuân 1975 [SUMMARY] Chiến dịch Hồ Chí Minh là đòn quyết định trong cuộc tấn công quân sự cuối cùng của mùa X...",Ý nghĩa Chiến dịch Hồ Chí Minh và Đại thắng mùa Xuân 1975 | Ngày 30/4/1975 - Dinh Độc Lập bị chiếm và chính quyền Sài Gòn đầu hàng | Nguồn chứng minh 30/4/1975 là mốc kết thúc chiến tranh và thống nhất đất nước | So sánh Điện Biên Phủ 1954 và Chiến dịch Hồ Chí Minh 1975 | Chiến dịch Hồ Chí Minh,4.0,4.0,0.5,1.5,1.5,1.0,forbidden/wrong entity hit,True,10.0,,2/9/1945,
438,G5K_0438,memory_multiturn,G5K_MEM_APR30_22,2,200,Mốc đó mở đường cho điều gì sau chiến tranh?,"Ngày 30/4/1975 có ý nghĩa là **giải phóng miền Nam**, **kết thúc chiến tranh** và mở đường cho **thống nhất đất nước**; đây cũng là mốc chính quyền Sài Gòn đầu hàng sau Chiến dịch Hồ Chí Minh. [1]","[1]: Ý nghĩa Chiến dịch Hồ Chí Minh và Đại thắng mùa Xuân 1975 :: Chuẩn hóa theo canonical fact APRIL_30_1975_MEANING: Ngày 30/4/1975 gắn với giải phóng miền Nam, chính quyền Sài Gòn đầu hàng, kết thúc chiến tranh và mở đường cho thống nhất đất nước.. [TITLE] Ý nghĩa Chiến dịch Hồ Chí Minh và Đại thắng mùa Xuân 1975 [SUMMARY] Chiến dịch Hồ Chí Minh là đòn quyết định trong cuộc tấn công quân sự cuối cùng của mùa X...",Ý nghĩa Chiến dịch Hồ Chí Minh và Đại thắng mùa Xuân 1975 | Ngày 30/4/1975 - Dinh Độc Lập bị chiếm và chính quyền Sài Gòn đầu hàng | Nguồn chứng minh 30/4/1975 là mốc kết thúc chiến tranh và thống nhất đất nước | So sánh Điện Biên Phủ 1954 và Chiến dịch Hồ Chí Minh 1975 | Chiến dịch Hồ Chí Minh,4.0,4.0,0.5,1.5,1.5,1.0,forbidden/wrong entity hit,True,10.0,,2/9/1945,
439,G5K_0439,memory_multiturn,G5K_MEM_HIEN_PHAP_23,1,200,Hiến pháp 1946 khác Tuyên ngôn Độc lập ở đâu?,"Hiến pháp 1946 khác Tuyên ngôn Độc lập ở chỗ: **Tuyên ngôn Độc lập** ngày **2/9/1945** là văn kiện tuyên bố độc lập, khai sinh nước Việt Nam Dân chủ Cộng hòa, còn **Hiến pháp 1946** là bản hiến pháp đầu tiên, được Quốc hội thông qua để đặt nền tảng thể chế cho nhà nước mới. [1]","[1]: Timeline chuẩn hóa năm 1945 :: Chuẩn hóa theo canonical fact HIEN_PHAP_1946_VS_TUYEN_NGON: Tuyên ngôn Độc lập ngày 2/9/1945 là văn kiện tuyên bố độc lập, khai sinh nước Việt Nam Dân chủ Cộng hòa; Hiến pháp 1946 là bản hiến pháp đầu tiên, được Quốc hội thông qua để đặt nền tảng thể chế cho nhà nước mới.. [TITLE] Timeline chuẩn hóa năm 1945 [SUMMARY] Năm 1945 có các mốc chính: Nhậ...",Timeline chuẩn hóa năm 1945 | Ý nghĩa Cách mạng Tháng Tám 1945 | Ngày 2/9/1945 - Tuyên ngôn Độc lập tại Ba Đình | Ra mắt Chính phủ lâm thời nước VNDCCH | Lễ Tuyên ngôn Độc lập tại Quảng trường Ba Đình,10.0,4.0,2.0,1.5,1.5,1.0,,False,10.0,,,
440,G5K_0440,memory_multiturn,G5K_MEM_HIEN_PHAP_23,2,200,Văn kiện độc lập trước đó được đọc ngày nào?,"Văn kiện đó là **Tuyên ngôn Độc lập**, được **Hồ Chí Minh** đọc ngày **2/9/1945** tại **Quảng trường Ba Đình**. [1]","[1]: Năm 1945: Nhật đảo chính Pháp, Tổng khởi nghĩa và Tuyên ngôn Độc lập :: Chuẩn hóa theo canonical fact HO_CHI_MINH_READ_DECLARATION_1945: Ngày 2/9/1945, Hồ Chí Minh đọc Tuyên ngôn Độc lập tại Quảng trường Ba Đình, Hà Nội, khai sinh nước Việt Nam Dân chủ Cộng hòa.. [TITLE] Năm 1945: Nhật đảo chính Pháp, Tổng khởi nghĩa và Tuyên ngôn Độc lập [SUMMARY] Ngày 9/3/1945, Nhật đảo chính Pháp ở Đông Dương. [YEAR] 1945 [YEARS] 19...","Năm 1945: Nhật đảo chính Pháp, Tổng khởi nghĩa và Tuyên ngôn Độc lập | Ý nghĩa Cách mạng Tháng Tám 1945 | Năm 1959: Đoàn 559 và đường Trường Sơn | Nguồn trực tiếp: ngày 2/9/1945 là ngày tuyên bố độc lập | Timeline chuẩn hóa năm 1945",7.8,2.8,2.0,1.0,1.0,1.0,,False,10.0,Hiến pháp 1946,,
441,G5K_0441,memory_multiturn,G5K_MEM_TW8_24,1,200,Hội nghị thành lập Đảng 1930 khác Hội nghị Trung ương 8 năm 1941 thế nào?,"Hội nghị thành lập Đảng năm 1930 là hội nghị hợp nhất các tổ chức cộng sản để thành lập Đảng Cộng sản Việt Nam, còn Hội nghị Trung ương 8 năm 1941 thì hoàn chỉnh chuyển hướng chiến lược, đặt nhiệm vụ giải phóng dân tộc lên hàng đầu và gắn với việc thành lập Việt Minh để tập hợp lực lượng yêu nước. [1][3][4]","[1]: So sánh Việt Minh và Đảng Cộng sản Việt Nam :: Chuẩn hóa theo canonical fact PARTY_FOUNDING_1930_VS_TW8_1941: Hội nghị thành lập Đảng đầu năm 1930 gắn với việc hợp nhất các tổ chức cộng sản và thành lập Đảng Cộng sản Việt Nam; Hội nghị Trung ương 8 năm 1941 đặt nhiệm vụ giải phóng dân tộc lên hàng đầu và gắn với việc thành lập Việt Minh.. [TITLE] So sánh Việt Minh và Đảng Cộng sản Việt Nam [SUM... | [3]: Hội nghị Trung ương 8 năm 1941 và Việt Minh :: Hội nghị Trung ương 8 năm 1941 hoàn chỉnh chuyển hướng chiến lược, đặt giải phóng dân tộc lên hàng đầu và gắn với việc thành lập Việt Minh. | [4]: Đảng Cộng sản Việt Nam thành lập năm 1930 :: Đảng Cộng sản Việt Nam ra đời đầu năm 1930 qua Hội nghị hợp nhất các tổ chức cộng sản do Nguyễn Ái Quốc chủ trì.",So sánh Việt Minh và Đảng Cộng sản Việt Nam | So sánh Đảng Cộng sản Việt Nam và Việt Minh | Hội nghị Trung ương 8 năm 1941 và Việt Minh | Đảng Cộng sản Việt Nam thành lập năm 1930 | Đại hội I của Đảng năm 1935,10.0,4.0,2.0,1.5,1.5,1.0,,False,10.0,,,
442,G5K_0442,memory_multiturn,G5K_MEM_TW8_24,2,200,Hội nghị năm 1941 gắn với tổ chức nào?,"Hội nghị năm 1941 gắn với **Mặt trận Việt Minh**: mốc **19/5/1941** là ngày thành lập Việt Minh, gắn với **Hội nghị Trung ương 8** và chủ trương đặt nhiệm vụ **giải phóng dân tộc** lên hàng đầu. [1][2]","[1]: So sánh Đảng Cộng sản Việt Nam và Việt Minh :: Chuẩn hóa theo canonical fact VIET_MINH_1941_FOUNDING_DATE_EXACT: Mặt trận Việt Minh ra đời trong tháng 5/1941; nguồn dữ liệu ghi mốc 19/5/1941 là ngày thành lập Mặt trận Việt Minh, gắn với Hội nghị Trung ương 8 do Nguyễn Ái Quốc chủ trì và chủ trương đặt nhiệm vụ giải phóng dân tộc lên hàng đầu.. [TITLE] So sánh Đảng Cộng sản Việt Nam và Việt Minh... | [2]: Hội nghị Trung ương 8 năm 1941 và Việt Minh :: Hội nghị Trung ương 8 năm 1941 hoàn chỉnh chuyển hướng chiến lược, đặt giải phóng dân tộc lên hàng đầu và gắn với việc thành lập Việt Minh.",So sánh Đảng Cộng sản Việt Nam và Việt Minh | Hội nghị Trung ương 8 năm 1941 và Việt Minh | Đại hội II năm 1951 và Đảng Lao động Việt Nam | Đại hội I của Đảng năm 1935 | Năm 1939: Chiến tranh thế giới thứ hai và Hội nghị Trung ương 6,8.05,2.8,2.0,1.0,1.25,1.0,,False,10.0,1930,,
443,G5K_0443,memory_multiturn,G5K_MEM_DONG_KHOI_25,1,200,Từ Đồng Khởi đến Mặt trận Dân tộc Giải phóng miền Nam cần nhớ mốc nào?,"Mốc cần nhớ là **1959-1960**: phong trào **Đồng Khởi** đã đưa cách mạng miền Nam từ thế **giữ gìn lực lượng sang thế tiến công**, đồng thời **phá thế kìm kẹp** ở nhiều nơi và tạo cơ sở cho sự ra đời của **Mặt trận Dân tộc Giải phóng miền Nam**. [1]","[1]: Đồng Khởi là chuyển biến quan trọng ở miền Nam :: Chuẩn hóa theo canonical fact DONG_KHOI_MEANING: Đồng Khởi 1959-1960 làm thay đổi thế cách mạng miền Nam: từ thế giữ gìn lực lượng sang thế tiến công, phá thế kìm kẹp ở nhiều nơi và tạo cơ sở cho Mặt trận Dân tộc Giải phóng miền Nam (MTDTGPMN) ra đời.. [TITLE] Đồng Khởi là chuyển biến quan trọng ở miền Nam [SUMMARY] Đồng Khởi 1959-1960 là chuyển bi...",Đồng Khởi là chuyển biến quan trọng ở miền Nam | So sánh Đảng Cộng sản Việt Nam và Việt Minh | Hội nghị Trung ương 8 năm 1941 và Việt Minh | Năm 1975: Tổng tiến công mùa Xuân và giải phóng miền Nam | Năm 1959: Đoàn 559 và đường Trường Sơn,10.0,4.0,2.0,1.5,1.5,1.0,,False,10.0,,,
444,G5K_0444,memory_multiturn,G5K_MEM_DONG_KHOI_25,2,200,Mặt trận đó ra đời ngày nào?,Mặt trận Dân tộc Giải phóng miền Nam Việt Nam ra đời ngày 20/12/1960. [1],"[1]: Mặt trận Dân tộc Giải phóng miền Nam Việt Nam ra đời ngày 20/12/1960 :: Ngày 20/12/1960, Mặt trận Dân tộc Giải phóng miền Nam Việt Nam ra đời. Tổ chức này tập hợp lực lượng đấu tranh ở miền Nam.",Mặt trận Dân tộc Giải phóng miền Nam Việt Nam ra đời ngày 20/12/1960 | Năm 1930: Đảng Cộng sản Việt Nam ra đời và cao trào 1930-1931 | So sánh Đảng Cộng sản Việt Nam và Việt Minh | Đội Việt Nam Tuyên truyền Giải phóng quân thành lập ngày 22/12/1944 | Đồng Khởi là chuyển biến quan trọng ở miền Nam,8.0,2.8,2.0,1.0,1.2,1.0,,False,10.0,Đồng Khởi 1959-1960,,
445,G5K_0445,memory_multiturn,G5K_MEM_DBP_AIR_26,1,200,Điện Biên Phủ 1954 khác Điện Biên Phủ trên không 1972 thế nào?,"Điện Biên Phủ 1954 là chiến thắng chống Pháp ở Tây Bắc, kết thúc ngày 7/5/1954; còn Điện Biên Phủ trên không 1972 là thắng lợi chống Mỹ, đánh bại cuộc tập kích B-52 trong 12 ngày đêm Hà Nội - Hải Phòng [1] Điện Biên Phủ trên không 1972 đánh bại B-52 trong 12 ngày đêm, tạo sức ép quan trọng dẫn tới Paris 1973 [1]","[1]: Điện Biên Phủ trên không :: Chuẩn hóa theo canonical fact DBP_1954_VS_AIR_1972: Điện Biên Phủ 1954 là chiến thắng chống Pháp ở Tây Bắc, kết thúc ngày 7/5/1954; còn Điện Biên Phủ trên không 1972 là thắng lợi chống Mỹ, đánh bại cuộc tập kích B-52 trong 12 ngày đêm Hà Nội - Hải Phòng.. [TITLE] Điện Biên Phủ trên không - canonical answer evidence [SUMMARY] Cuối tháng 12/1972, quâ...",Điện Biên Phủ trên không | Năm 1972: Tiến công chiến lược và Điện Biên Phủ trên không | Bối cảnh chính của Điện Biên Phủ trên không | So sánh Điện Biên Phủ 1954 và Hiệp định Genève 1954 | Diễn biến chính thời kỳ 1945-1954,5.2,1.5,1.2,0.5,1.0,1.0,,False,9.0,1954 chống Pháp | 1972 chống Mỹ,,
446,G5K_0446,memory_multiturn,G5K_MEM_DBP_AIR_26,2,200,Sự kiện năm 1972 gắn với loại vũ khí nào?,"Sự kiện năm **1972** gắn với **máy bay ném bom B-52**: đó là cuộc tập kích chiến lược trong **12 ngày đêm** cuối tháng 12/1972, thường gọi là “Điện Biên Phủ trên không”, và thắng lợi này tạo sức ép dẫn tới **Hiệp định Paris 1973**. [1]","[1]: Điện Biên Phủ trên không :: Chuẩn hóa theo canonical fact DBP_AIR_1972_PARIS_PRESSURE: Điện Biên Phủ trên không diễn ra trong 12 ngày đêm cuối tháng 12/1972, khi quân dân miền Bắc đánh bại cuộc tập kích chiến lược bằng B-52; thắng lợi này tạo sức ép quan trọng dẫn tới việc ký Hiệp định Paris năm 1973.. [TITLE] Điện Biên Phủ trên không - canonical answer evidence [SUMMARY] Cuố...",Điện Biên Phủ trên không | Năm 1972: Tiến công chiến lược và Điện Biên Phủ trên không | Đường 9 trong Chiến dịch Đường 9 - Nam Lào năm 1971 | Việt Nam hóa chiến tranh giai đoạn 1969-1973 | Chiến thắng Phước Long cuối 1974 - đầu 1975,5.2,1.5,1.2,0.5,1.0,1.0,,False,9.0,1954 chống Pháp | 1972 chống Mỹ,,
447,G5K_0447,memory_multiturn,G5K_MEM_PARIS_APR30_27,1,200,Từ Paris 1973 đến 30/4/1975 nên nhớ tuyến nào?,Từ Paris 1973 đến 30/4/1975 có thể nhớ: ngày 27/1/1973 Hiệp định Paris được ký; sau đó Mỹ rút quân nhưng chiến tranh chưa kết thúc ngay; năm 1975 Tổng tiến công mùa Xuân phát triển và kết thúc bằng mốc 30/4/1975 [1],[1]: Phân biệt Hiệp định Genève 1954 và Hiệp định Paris 1973 :: Chuẩn hóa theo canonical fact PARIS_1973_TO_APR30_1975_TIMELINE: Từ Paris 1973 đến 30/4/1975 có thể nhớ: ngày 27/1/1973 Hiệp định Paris được ký; sau đó Mỹ rút quân nhưng chiến tranh chưa kết thúc ngay; năm 1975 Tổng tiến công mùa Xuân phát triển và kết thúc bằng mốc 30/4/1975.. [TITLE] Phân biệt Hiệp định Genève 1954 và Hiệp định Paris 1973 [SUMMAR...,Phân biệt Hiệp định Genève 1954 và Hiệp định Paris 1973 | Bối cảnh chính của Chiến dịch Hồ Chí Minh | Phân biệt 30/4/1975 với mốc Quốc hội hoàn tất thống nhất nhà nước | Bối cảnh chính của Hiệp định Paris 1973 | Năm 1974: chuyển biến trước Tổng tiến công 1975 và Phước Long,10.0,4.0,2.0,1.5,1.5,1.0,,False,10.0,,,
448,G5K_0448,memory_multiturn,G5K_MEM_PARIS_APR30_27,2,200,"Sau Paris, Mỹ làm gì về quân đội?","Sau Hiệp định Paris 1973, Mỹ rút quân khỏi miền Nam Việt Nam theo tiến trình thực hiện hiệp định; tuy vậy, chiến tranh chưa kết thúc ngay mà còn kéo dài đến năm 1975. [1]","[1]: So sánh Hiệp định Genève 1954 và Hiệp định Paris 1973 :: Chuẩn hóa theo canonical fact PARIS_1973_US_WITHDRAWAL: Không. Sau Hiệp định Paris 1973, Mỹ rút quân khỏi miền Nam Việt Nam theo tiến trình thực hiện hiệp định; tuy vậy chiến tranh chưa kết thúc hoàn toàn ngay mà còn kéo dài đến thắng lợi năm 1975.. [TITLE] So sánh Hiệp định Genève 1954 và Hiệp định Paris 1973 [SUMMARY] Hiệp định Genève 1954 gắn vớ...",So sánh Hiệp định Genève 1954 và Hiệp định Paris 1973 | Việt Nam hóa chiến tranh giai đoạn 1969-1973 | Chiến thắng Phước Long cuối 1974 - đầu 1975 | Phân biệt Hiệp định Genève 1954 và Hiệp định Paris 1973 | Chiến thắng Bình Giã 1964,10.0,4.0,2.0,1.5,1.5,1.0,,False,10.0,,,
449,G5K_0449,memory_multiturn,G5K_MEM_NHAT_DOC_LAP_28,1,200,Từ Nhật đảo chính Pháp đến Tuyên ngôn Độc lập gồm mốc nào?,"Từ Nhật đảo chính Pháp đến Tuyên ngôn Độc lập gồm các mốc chính: **9/3/1945** Nhật đảo chính Pháp ở Đông Dương; **Tổng khởi nghĩa tháng 8** năm 1945 giành chính quyền; và **2/9/1945** Hồ Chí Minh đọc Tuyên ngôn Độc lập, khai sinh nước Việt Nam Dân chủ Cộng hòa. [1]","[1]: Timeline chuẩn hóa năm 1945 :: Chuẩn hóa theo canonical fact NHAT_DAO_CHINH_TO_DOC_LAP_TIMELINE: Timeline từ Nhật đảo chính Pháp đến Tuyên ngôn Độc lập: ngày 9/3/1945 Nhật đảo chính Pháp ở Đông Dương; tháng 8/1945 diễn ra Tổng khởi nghĩa giành chính quyền; ngày 2/9/1945 Hồ Chí Minh đọc Tuyên ngôn Độc lập, khai sinh nước Việt Nam Dân chủ Cộng hòa.. [TITLE] Timeline chuẩn hóa năm ...","Timeline chuẩn hóa năm 1945 | So sánh Đảng Cộng sản Việt Nam và Việt Minh | Đội Việt Nam Tuyên truyền Giải phóng quân thành lập ngày 22/12/1944 | Năm 1945: Nhật đảo chính Pháp, Tổng khởi nghĩa và Tuyên ngôn Độc lập | Cao trào kháng Nhật cứu nước năm 1945",10.0,4.0,2.0,1.5,1.5,1.0,,False,10.0,,,
450,G5K_0450,memory_multiturn,G5K_MEM_NHAT_DOC_LAP_28,2,200,Mốc cuối của tuyến đó diễn ra ở đâu?,Mốc cuối của tuyến đó diễn ra ở **Phước Long**. [1],"[1]: Nguồn Stage20G2: Chiến thắng Phước Long và quyết tâm giải phóng miền Nam :: Chiến thắng Phước Long cuối năm 1974 - đầu năm 1975 có ý nghĩa thăm dò phản ứng của Mỹ, cho thấy khả năng giải phóng địa bàn cấp tỉnh và tác động đến quyết tâm giải phóng miền Nam.",Nguồn Stage20G2: Chiến thắng Phước Long và quyết tâm giải phóng miền Nam | Huế được giải phóng ngày 26/3/1975 | Ngày 10/3/1975 mở màn chiến dịch Tây Nguyên tại Buôn Ma Thuột | Năm 1930: Đảng Cộng sản Việt Nam ra đời và cao trào 1930-1931 | Năm 1975: Tổng tiến công mùa Xuân và giải phóng miền Nam,2.1,0.0,0.5,0.0,0.6,1.0,no expected factual slot found; weak displayed citation support,True,8.5,9/3/1945 | Tổng khởi nghĩa tháng 8 | 2/9/1945,,
451,G5K_0451,memory_multiturn,G5K_MEM_HIEP_DINH_SO_BO_29,1,200,Từ Hiệp định Sơ bộ đến Toàn quốc kháng chiến 1946 nên nhớ tuyến nào?,"Nên nhớ theo tuyến: **6/3/1946 – Hiệp định Sơ bộ**, **14/9/1946 – Tạm ước Việt - Pháp**, **19/12/1946 – Toàn quốc kháng chiến bùng nổ**. [1]","[1]: Năm 1946: Hiệp định Sơ bộ, Tạm ước và Toàn quốc kháng chiến :: Chuẩn hóa theo canonical fact HIEP_DINH_SO_BO_TO_TOAN_QUOC_1946_TIMELINE: Tuyến sự kiện năm 1946 có thể nhớ theo thứ tự: Hiệp định Sơ bộ Việt - Pháp ngày 6/3/1946, Tạm ước Việt - Pháp ngày 14/9/1946, rồi Toàn quốc kháng chiến bùng nổ ngày 19/12/1946.. [TITLE] Năm 1946: Hiệp định Sơ bộ, Tạm ước và Toàn quốc kháng chiến [SUMMARY] Ngày 6/3/1946, Hiệp ...","Năm 1946: Hiệp định Sơ bộ, Tạm ước và Toàn quốc kháng chiến | Đấu tranh ngoại giao với Pháp trước 19/12/1946 | Toàn quốc kháng chiến bùng nổ | Hình thành đường lối kháng chiến toàn dân, toàn diện, lâu dài, tự lực cánh sinh | Công bố/lan truyền Lời kêu gọi Toàn quốc kháng chiến",10.0,4.0,2.0,1.5,1.5,1.0,,False,10.0,,,
452,G5K_0452,memory_multiturn,G5K_MEM_HIEP_DINH_SO_BO_29,2,200,Mốc ngoại giao đầu tiên trong tuyến đó là ngày nào?,"Từ Hiệp định Sơ bộ đến Toàn quốc kháng chiến năm 1946, nên nhớ tuyến: **Hiệp định Sơ bộ Việt - Pháp (6/3/1946) → Tạm ước Việt - Pháp (14/9/1946) → Toàn quốc kháng chiến (19/12/1946)**. Mốc ngoại giao đầu tiên trong tuyến đó là **6/3/1946**. [1]","[1]: Năm 1946: Hiệp định Sơ bộ, Tạm ước và Toàn quốc kháng chiến :: Chuẩn hóa theo canonical fact HIEP_DINH_SO_BO_TO_TOAN_QUOC_1946_TIMELINE: Tuyến sự kiện năm 1946 có thể nhớ theo thứ tự: Hiệp định Sơ bộ Việt - Pháp ngày 6/3/1946, Tạm ước Việt - Pháp ngày 14/9/1946, rồi Toàn quốc kháng chiến bùng nổ ngày 19/12/1946.. [TITLE] Năm 1946: Hiệp định Sơ bộ, Tạm ước và Toàn quốc kháng chiến [SUMMARY] Ngày 6/3/1946, Hiệp ...","Năm 1946: Hiệp định Sơ bộ, Tạm ước và Toàn quốc kháng chiến | Đấu tranh ngoại giao với Pháp trước 19/12/1946 | Toàn quốc kháng chiến bùng nổ | Hình thành đường lối kháng chiến toàn dân, toàn diện, lâu dài, tự lực cánh sinh | Công bố/lan truyền Lời kêu gọi Toàn quốc kháng chiến",10.0,4.0,2.0,1.5,1.5,1.0,,False,10.0,,,
453,G5K_0453,memory_multiturn,G5K_MEM_BUON_MA_THUOT_HUE_30,1,200,Từ Buôn Ma Thuột đến Huế năm 1975 gồm những mốc nào?,"Từ Buôn Ma Thuột đến Huế năm 1975 có các mốc chính: ngày **10/3/1975**, trận **Buôn Ma Thuột** mở màn **Chiến dịch Tây Nguyên**; đến ngày **26/3/1975**, **Huế** được giải phóng trong diễn biến nhanh của Tổng tiến công mùa Xuân 1975. [1][2]","[1]: Ngày 10/3/1975 mở màn chiến dịch Tây Nguyên tại Buôn Ma Thuột :: Chuẩn hóa theo canonical fact BUON_MA_THUOT_1975_START_DATE: Ngày 10/3/1975 gắn với trận Buôn Ma Thuột, mốc mở màn then chốt của Chiến dịch Tây Nguyên và tạo đột phá cho Tổng tiến công mùa Xuân 1975.. [TITLE] Ngày 10/3/1975 mở màn chiến dịch Tây Nguyên tại Buôn Ma Thuột [SUMMARY] Ngày 10/3/1975, trận Buôn Ma Thuột mở màn chiến dịch Tây Nguyên, tạo ... | [2]: Huế được giải phóng ngày 26/3/1975 :: Ngày 26/3/1975, Huế được giải phóng trong diễn biến nhanh của Tổng tiến công mùa Xuân 1975.",Ngày 10/3/1975 mở màn chiến dịch Tây Nguyên tại Buôn Ma Thuột | Huế được giải phóng ngày 26/3/1975 | Năm 1975: Tổng tiến công mùa Xuân và giải phóng miền Nam | Bối cảnh chính của Chiến dịch Hồ Chí Minh | Năm 1974: chuyển biến trước Tổng tiến công 1975 và Phước Long,10.0,4.0,2.0,1.5,1.5,1.0,,False,10.0,,,
454,G5K_0454,memory_multiturn,G5K_MEM_BUON_MA_THUOT_HUE_30,2,200,Mốc Huế trong tuyến đó là ngày nào?,"Mốc Huế trong tuyến đó là ngày 26/3/1975, khi Huế được giải phóng. [1]","[1]: Nguồn Stage20G2: Huế được giải phóng ngày 26/3/1975 :: Ngày 26/3/1975, Huế được giải phóng trong diễn biến nhanh của Tổng tiến công mùa Xuân 1975.",Nguồn Stage20G2: Huế được giải phóng ngày 26/3/1975 | Đội Việt Nam Tuyên truyền Giải phóng quân thành lập ngày 22/12/1944 | Ngày 10/3/1975 mở màn chiến dịch Tây Nguyên tại Buôn Ma Thuột | Năm 1959: Đoàn 559 và đường Trường Sơn | Năm 1975: Tổng tiến công mùa Xuân và giải phóng miền Nam,9.79,4.0,2.0,1.5,1.29,1.0,,False,10.0,,,
455,G5K_0455,memory_multiturn,G5K_MEM_TET_PARIS_COMPARE_31,1,200,Tết Mậu Thân 1968 khác Hiệp định Paris 1973 ở điểm nào?,"Tết Mậu Thân 1968 là cuộc Tổng tiến công và nổi dậy diễn ra trên nhiều đô thị miền Nam, còn Hiệp định Paris 1973 là một mốc ngoại giao nhằm chấm dứt chiến tranh, lập lại hòa bình ở Việt Nam và gắn với việc Mỹ rút quân khỏi miền Nam Việt Nam; tuy vậy, chiến tranh chưa kết thúc ngay mà còn kéo dài đến thắng lợi năm 1975. [2][1][5] Tết Mậu Thân 1968 thúc đẩy cục diện đàm phán, mốc ngoại giao sau đó là Paris 1973; chiến tranh không kết thúc ngay [1]","[1]: So sánh Hiệp định Genève 1954 và Hiệp định Paris 1973 :: Chuẩn hóa theo canonical fact PARIS_1973_US_WITHDRAWAL: Không. Sau Hiệp định Paris 1973, Mỹ rút quân khỏi miền Nam Việt Nam theo tiến trình thực hiện hiệp định; tuy vậy chiến tranh chưa kết thúc hoàn toàn ngay mà còn kéo dài đến thắng lợi năm 1975.. [TITLE] So sánh Hiệp định Genève 1954 và Hiệp định Paris 1973 [SUMMARY] Hiệp định Genève 1954 gắn vớ... | [2]: Năm 1968: Tổng tiến công và nổi dậy Tết Mậu Thân :: Năm 1968, Tổng tiến công và nổi dậy Tết Mậu Thân diễn ra trên nhiều đô thị miền Nam. | [5]: Bối cảnh chính của Hiệp định Paris 1973 :: Ngày 27/1/1973, Hiệp định Paris về chấm dứt chiến tranh, lập lại hòa bình ở Việt Nam được ký kết.",So sánh Hiệp định Genève 1954 và Hiệp định Paris 1973 | Năm 1968: Tổng tiến công và nổi dậy Tết Mậu Thân | Năm 1972: Tiến công chiến lược và Điện Biên Phủ trên không | Năm 1974: chuyển biến trước Tổng tiến công 1975 và Phước Long | Bối cảnh chính của Hiệp định Paris 1973,10.0,4.0,2.0,1.5,1.5,1.0,,False,10.0,,,
456,G5K_0456,memory_multiturn,G5K_MEM_TET_PARIS_COMPARE_31,2,200,Mốc ngoại giao trong cặp đó là năm nào?,"Không. Sau Hiệp định Paris 1973, Mỹ rút quân khỏi miền Nam Việt Nam theo tiến trình thực hiện hiệp định; tuy vậy chiến tranh chưa kết thúc hoàn toàn ngay mà còn kéo dài đến thắng lợi năm 1975 [1]","[1]: So sánh Hiệp định Genève 1954 và Hiệp định Paris 1973 :: Chuẩn hóa theo canonical fact PARIS_1973_US_WITHDRAWAL: Không. Sau Hiệp định Paris 1973, Mỹ rút quân khỏi miền Nam Việt Nam theo tiến trình thực hiện hiệp định; tuy vậy chiến tranh chưa kết thúc hoàn toàn ngay mà còn kéo dài đến thắng lợi năm 1975.. [TITLE] So sánh Hiệp định Genève 1954 và Hiệp định Paris 1973 [SUMMARY] Hiệp định Genève 1954 gắn vớ...",So sánh Hiệp định Genève 1954 và Hiệp định Paris 1973 | Năm 1968: Tổng tiến công và nổi dậy Tết Mậu Thân | Năm 1974: chuyển biến trước Tổng tiến công 1975 và Phước Long | Năm 1972: Tiến công chiến lược và Điện Biên Phủ trên không | Năm 1969: Chính phủ Cách mạng lâm thời và bối cảnh đàm phán,7.8,2.8,2.0,1.0,1.0,1.0,,False,10.0,Tết Mậu Thân 1968,,
457,G5K_0457,memory_multiturn,G5K_MEM_GENEVE_ELECTION_32,1,200,Từ Genève 1954 đến tổng tuyển cử dự kiến 1956 nên nhớ gì?,"Từ Genève **1954**, cần nhớ rằng Hiệp định Genève xác lập **giới tuyến quân sự tạm thời**; đến **1956** thì **tổng tuyển cử** thống nhất đất nước được dự kiến nhưng **không được thực hiện**, nên tình trạng **chia cắt** kéo dài. [1][3]","[1]: Tổng tuyển cử thống nhất dự kiến năm 1956 sau Hiệp định Genève :: Chuẩn hóa theo canonical fact GENEVE_1954_TO_1956_ELECTION_TIMELINE: Từ Genève 1954 đến tổng tuyển cử cần nhớ: Hiệp định Genève năm 1954 xác lập giới tuyến quân sự tạm thời; tổng tuyển cử thống nhất đất nước dự kiến vào năm 1956 nhưng không được thực hiện, khiến tình trạng chia cắt kéo dài.. [TITLE] Tổng tuyển cử thống nhất dự kiến năm 1956 sau Hiệ... | [3]: Nguồn trực tiếp: Hiệp định Genève 1954 quy định đình chỉ chiến sự và giới tuyến tạm thời :: Hiệp định Genève 1954 về Đông Dương gắn với đình chỉ chiến sự; đối với Việt Nam, giới tuyến quân sự tạm thời được xác định ở vĩ tuyến 17.",Tổng tuyển cử thống nhất dự kiến năm 1956 sau Hiệp định Genève | Phân biệt Hiệp định Genève 1954 và Hiệp định Paris 1973 | Nguồn trực tiếp: Hiệp định Genève 1954 quy định đình chỉ chiến sự và giới tuyến tạm thời | Diễn biến chính thời kỳ 1945-1954 | So sánh Điện Biên Phủ 1954 và Hiệp định Genève 1954,10.0,4.0,2.0,1.5,1.5,1.0,,False,10.0,,,
458,G5K_0458,memory_multiturn,G5K_MEM_GENEVE_ELECTION_32,2,200,Việc tổng tuyển cử đó có diễn ra không?,"Không, cuộc tổng tuyển cử thống nhất dự kiến vào năm 1956 sau Hiệp định Genève 1954 đã không được thực hiện. [1]","[1]: Nguồn Stage20G2: tổng tuyển cử thống nhất dự kiến năm 1956 :: Sau Hiệp định Genève 1954, tổng tuyển cử thống nhất đất nước dự kiến vào năm 1956 nhưng không được thực hiện, trong bối cảnh Việt Nam tạm thời bị chia cắt.",Nguồn Stage20G2: tổng tuyển cử thống nhất dự kiến năm 1956 | Huế được giải phóng ngày 26/3/1975 | Ý nghĩa Cách mạng Tháng Tám 1945 | Đại hội I của Đảng năm 1935 | Năm 1972: Tiến công chiến lược và Điện Biên Phủ trên không,9.32,3.7,2.0,1.12,1.5,1.0,,False,10.0,chia cắt,,
459,G5K_0459,memory_multiturn,G5K_MEM_DONG_KHOI_TET_33,1,200,Từ Đồng Khởi đến Tết Mậu Thân nên nhớ tuyến nào?,"Có thể nhớ tuyến từ Đồng Khởi đến Tết Mậu Thân như sau: phong trào Đồng Khởi **1959-1960** làm cách mạng miền Nam chuyển sang thế tiến công; ngày **20/12/1960**, **Mặt trận Dân tộc Giải phóng miền Nam** ra đời; đến năm **1968** diễn ra Tết Mậu Thân, tức Tổng tiến công và nổi dậy trên nhiều đô thị miền Nam. [1][2] Tết Mậu Thân 1968 thúc đẩy cục diện đàm phán, mốc ngoại giao sau đó là Paris 1973; chiến tranh không kết thúc ngay [1]","[1]: Đồng Khởi là chuyển biến quan trọng ở miền Nam :: Chuẩn hóa theo canonical fact DONG_KHOI_TO_TET_MAU_THAN_TIMELINE: Từ Đồng Khởi đến Tết Mậu Thân có thể nhớ theo tuyến: phong trào Đồng Khởi 1959-1960 làm chuyển thế cách mạng miền Nam; ngày 20/12/1960 Mặt trận Dân tộc Giải phóng miền Nam ra đời; năm 1968 diễn ra Tết Mậu Thân với tác động chính trị lớn.. [TITLE] Đồng Khởi là chuyển biến quan trọng ở... | [2]: Năm 1968: Tổng tiến công và nổi dậy Tết Mậu Thân :: Năm 1968, Tổng tiến công và nổi dậy Tết Mậu Thân diễn ra trên nhiều đô thị miền Nam.","Đồng Khởi là chuyển biến quan trọng ở miền Nam | Năm 1968: Tổng tiến công và nổi dậy Tết Mậu Thân | Ngày 10/3/1975 mở màn chiến dịch Tây Nguyên tại Buôn Ma Thuột | Năm 1959: Đoàn 559 và đường Trường Sơn | Năm 1945: Nhật đảo chính Pháp, Tổng khởi nghĩa và Tuyên ngôn Độc lập",10.0,4.0,2.0,1.5,1.5,1.0,,False,10.0,,,
460,G5K_0460,memory_multiturn,G5K_MEM_DONG_KHOI_TET_33,2,502,Mốc sau trong tuyến đó diễn ra năm nào?,"9Router API mode trả về câu trả lời không đạt kiểm tra citation/context-only, nên hệ thống không hiển thị câu trả lời đó. Local no-cloud mode vẫn khả dụng.",,Nguồn trực tiếp: Chiến dịch Hòa Bình diễn ra giai đoạn 1951-1952 | Mặt trận Dân tộc Giải phóng miền Nam Việt Nam ra đời ngày 20/12/1960 | Năm 1959: Đoàn 559 và đường Trường Sơn | Tổng tuyển cử thống nhất dự kiến năm 1956 sau Hiệp định Genève | Năm 1974: chuyển biến trước Tổng tiến công 1975 và Phước Long,2.0,0.0,0.5,0.0,0.0,0.5,HTTP/postcheck error; no usable final answer,True,,1959-1960 | 20/12/1960 | Mặt trận Dân tộc Giải phóng miền Nam | 1968,,Answer was blocked by runtime/citation-context postcheck.
461,G5K_0461,guard_oos_invalid,,1,200,hôm nay trời mưa không?,Câu hỏi này nằm ngoài phạm vi lịch sử Việt Nam 1930-1975 của hệ thống. Mình chỉ trả lời các câu hỏi dựa trên dữ liệu nội bộ thuộc giai đoạn 1930-1975; vì vậy không cần trả lời nội dung ngoài phạm vi và không bịa thông tin.,,,9.9,4.0,2.0,1.4,1.5,1.0,,False,,,,Guard/OOS refused deterministically without cloud.
462,G5K_0462,guard_oos_invalid,,1,200,giá vàng hôm nay bao nhiêu?,Câu hỏi này nằm ngoài phạm vi lịch sử Việt Nam 1930-1975 của hệ thống. Mình chỉ trả lời các câu hỏi dựa trên dữ liệu nội bộ thuộc giai đoạn 1930-1975; vì vậy không cần trả lời nội dung ngoài phạm vi và không bịa thông tin.,,,9.9,4.0,2.0,1.4,1.5,1.0,,False,,,,Guard/OOS refused deterministically without cloud.
463,G5K_0463,guard_oos_invalid,,1,200,ai vô địch World Cup 2022?,Câu hỏi này nằm ngoài phạm vi lịch sử Việt Nam 1930-1975 của hệ thống. Mình chỉ trả lời các câu hỏi dựa trên dữ liệu nội bộ thuộc giai đoạn 1930-1975; vì vậy không cần trả lời nội dung ngoài phạm vi và không bịa thông tin.,,,9.9,4.0,2.0,1.4,1.5,1.0,,False,,,,Guard/OOS refused deterministically without cloud.
464,G5K_0464,guard_oos_invalid,,1,200,thời tiết Hà Nội ngày mai thế nào?,Câu hỏi này nằm ngoài phạm vi lịch sử Việt Nam 1930-1975 của hệ thống. Mình chỉ trả lời các câu hỏi dựa trên dữ liệu nội bộ thuộc giai đoạn 1930-1975; vì vậy không cần trả lời nội dung ngoài phạm vi và không bịa thông tin.,,,9.9,4.0,2.0,1.4,1.5,1.0,,False,,,,Guard/OOS refused deterministically without cloud.
465,G5K_0465,guard_oos_invalid,,1,200,bitcoin hôm nay tăng hay giảm?,Câu hỏi này nằm ngoài phạm vi lịch sử Việt Nam 1930-1975 của hệ thống. Mình chỉ trả lời các câu hỏi dựa trên dữ liệu nội bộ thuộc giai đoạn 1930-1975; vì vậy không cần trả lời nội dung ngoài phạm vi và không bịa thông tin.,,,9.9,4.0,2.0,1.4,1.5,1.0,,False,,,,Guard/OOS refused deterministically without cloud.
466,G5K_0466,guard_oos_invalid,,1,200,lập trình Python vòng for như thế nào?,Câu hỏi này nằm ngoài phạm vi lịch sử Việt Nam 1930-1975 của hệ thống. Mình chỉ trả lời các câu hỏi dựa trên dữ liệu nội bộ thuộc giai đoạn 1930-1975; vì vậy không cần trả lời nội dung ngoài phạm vi và không bịa thông tin.,,,9.9,4.0,2.0,1.4,1.5,1.0,,False,,,,Guard/OOS refused deterministically without cloud.
467,G5K_0467,guard_oos_invalid,,1,502,hãy viết bài thơ tình bốn câu,"9Router API mode trả về câu trả lời không đạt kiểm tra citation/context-only, nên hệ thống không hiển thị câu trả lời đó. Local no-cloud mode vẫn khả dụng.",,Xô viết Nghệ Tĩnh | Đội Việt Nam Tuyên truyền Giải phóng quân thành lập ngày 22/12/1944 | Xô viết Nghệ Tĩnh trong cao trào 1930-1931 | Hội nghị Trung ương 8 năm 1941 và Việt Minh | Bình dân học vụ sau Cách mạng Tháng Tám,1.0,0.0,0.5,0.0,0.0,0.5,HTTP/postcheck error on OOS/invalid case,True,,proper guard refusal,,OOS/invalid case returned HTTP/postcheck error instead of clean guard response.
468,G5K_0468,guard_oos_invalid,,1,200,àasfasfg,"Mình chưa nhận diện được câu hỏi lịch sử hợp lệ. Vui lòng nhập lại câu hỏi rõ hơn về một sự kiện, nhân vật, mốc thời gian hoặc chủ đề lịch sử Việt Nam trong phạm vi dữ liệu.",,,9.9,4.0,2.0,1.4,1.5,1.0,,False,,,,Guard/OOS refused deterministically without cloud.
469,G5K_0469,guard_oos_invalid,,1,200,asdf qwer zxcv,"Mình chưa nhận diện được câu hỏi lịch sử hợp lệ. Vui lòng nhập lại câu hỏi rõ hơn về một sự kiện, nhân vật, mốc thời gian hoặc chủ đề lịch sử Việt Nam trong phạm vi dữ liệu.",,,9.9,4.0,2.0,1.4,1.5,1.0,,False,,,,Guard/OOS refused deterministically without cloud.
470,G5K_0470,guard_oos_invalid,,1,200,sự kiện năm 1900 là gì?,Câu hỏi này nằm ngoài phạm vi lịch sử Việt Nam 1930-1975 của hệ thống. Mình chỉ trả lời các câu hỏi dựa trên dữ liệu nội bộ thuộc giai đoạn 1930-1975; vì vậy không cần trả lời nội dung ngoài phạm vi và không bịa thông tin.,,,9.9,4.0,2.0,1.4,1.5,1.0,,False,,,,Guard/OOS refused deterministically without cloud.
471,G5K_0471,guard_oos_invalid,,1,200,Năm 2001 Việt Nam có sự kiện gì?,Câu hỏi này nằm ngoài phạm vi lịch sử Việt Nam 1930-1975 của hệ thống. Mình chỉ trả lời các câu hỏi dựa trên dữ liệu nội bộ thuộc giai đoạn 1930-1975; vì vậy không cần trả lời nội dung ngoài phạm vi và không bịa thông tin.,,,9.9,4.0,2.0,1.4,1.5,1.0,,False,,,,Guard/OOS refused deterministically without cloud.
472,G5K_0472,guard_oos_invalid,,1,502,Lý Thường Kiệt đánh Tống năm nào?,"9Router API mode trả về câu trả lời không đạt kiểm tra citation/context-only, nên hệ thống không hiển thị câu trả lời đó. Local no-cloud mode vẫn khả dụng.",,"Nguồn Stage20G2: timeline mở rộng năm 1968 | Lời kêu gọi thi đua ái quốc ngày 11/6/1948 | Đại hội I của Đảng năm 1935 | Năm 1945: Nhật đảo chính Pháp, Tổng khởi nghĩa và Tuyên ngôn Độc lập | Năm 1975: Tổng tiến công mùa Xuân và giải phóng miền Nam",1.0,0.0,0.5,0.0,0.0,0.5,HTTP/postcheck error on OOS/invalid case,True,,proper guard refusal,,OOS/invalid case returned HTTP/postcheck error instead of clean guard response.
473,G5K_0473,guard_oos_invalid,,1,200,Chiến thắng Bạch Đằng năm 938 diễn ra thế nào?,Câu hỏi này nằm ngoài phạm vi lịch sử Việt Nam 1930-1975 của hệ thống. Mình chỉ trả lời các câu hỏi dựa trên dữ liệu nội bộ thuộc giai đoạn 1930-1975; vì vậy không cần trả lời nội dung ngoài phạm vi và không bịa thông tin.,,,9.9,4.0,2.0,1.4,1.5,1.0,,False,,,,Guard/OOS refused deterministically without cloud.
474,G5K_0474,guard_oos_invalid,,1,200,Nhà Trần chống Nguyên Mông mấy lần?,Câu hỏi này nằm ngoài phạm vi lịch sử Việt Nam 1930-1975 của hệ thống. Mình chỉ trả lời các câu hỏi dựa trên dữ liệu nội bộ thuộc giai đoạn 1930-1975; vì vậy không cần trả lời nội dung ngoài phạm vi và không bịa thông tin.,,,9.9,4.0,2.0,1.4,1.5,1.0,,False,,,,Guard/OOS refused deterministically without cloud.
475,G5K_0475,guard_oos_invalid,,1,200,Sau năm 1976 Việt Nam đổi mới kinh tế khi nào?,Câu hỏi này nằm ngoài phạm vi lịch sử Việt Nam 1930-1975 của hệ thống. Mình chỉ trả lời các câu hỏi dựa trên dữ liệu nội bộ thuộc giai đoạn 1930-1975; vì vậy không cần trả lời nội dung ngoài phạm vi và không bịa thông tin.,,,9.9,4.0,2.0,1.4,1.5,1.0,,False,,,,Guard/OOS refused deterministically without cloud.
476,G5K_0476,guard_oos_invalid,,1,200,Đổi mới năm 1986 có nội dung gì?,Câu hỏi này nằm ngoài phạm vi lịch sử Việt Nam 1930-1975 của hệ thống. Mình chỉ trả lời các câu hỏi dựa trên dữ liệu nội bộ thuộc giai đoạn 1930-1975; vì vậy không cần trả lời nội dung ngoài phạm vi và không bịa thông tin.,,,9.9,4.0,2.0,1.4,1.5,1.0,,False,,,,Guard/OOS refused deterministically without cloud.
477,G5K_0477,guard_oos_invalid,,1,200,Hãy tư vấn mua laptop học AI,Câu hỏi này nằm ngoài phạm vi lịch sử Việt Nam 1930-1975 của hệ thống. Mình chỉ trả lời các câu hỏi dựa trên dữ liệu nội bộ thuộc giai đoạn 1930-1975; vì vậy không cần trả lời nội dung ngoài phạm vi và không bịa thông tin.,,,9.9,4.0,2.0,1.4,1.5,1.0,,False,,,,Guard/OOS refused deterministically without cloud.
478,G5K_0478,guard_oos_invalid,,1,200,tỷ giá USD hôm nay là bao nhiêu?,Câu hỏi này nằm ngoài phạm vi lịch sử Việt Nam 1930-1975 của hệ thống. Mình chỉ trả lời các câu hỏi dựa trên dữ liệu nội bộ thuộc giai đoạn 1930-1975; vì vậy không cần trả lời nội dung ngoài phạm vi và không bịa thông tin.,,,9.9,4.0,2.0,1.4,1.5,1.0,,False,,,,Guard/OOS refused deterministically without cloud.
479,G5K_0479,guard_oos_invalid,,1,502,đặt lịch nhắc tôi uống nước,"9Router API mode trả về câu trả lời không đạt kiểm tra citation/context-only, nên hệ thống không hiển thị câu trả lời đó. Local no-cloud mode vẫn khả dụng.",,Nguồn Stage20G2: tổng tuyển cử thống nhất dự kiến năm 1956 | Hội nghị Trung ương 8 năm 1941 và Việt Minh | Cao trào kháng Nhật cứu nước năm 1945 | Ý nghĩa Cách mạng Tháng Tám 1945 | Năm 1939: Chiến tranh thế giới thứ hai và Hội nghị Trung ương 6,1.0,0.0,0.5,0.0,0.0,0.5,HTTP/postcheck error on OOS/invalid case,True,,proper guard refusal,,OOS/invalid case returned HTTP/postcheck error instead of clean guard response.
480,G5K_0480,guard_oos_invalid,,1,502,dịch câu này sang tiếng Anh: tôi yêu lịch sử,"9Router API mode trả về câu trả lời không đạt kiểm tra citation/context-only, nên hệ thống không hiển thị câu trả lời đó. Local no-cloud mode vẫn khả dụng.",,Nguồn Stage20G2: Đường 9 - Nam Lào và Lam Sơn 719 năm 1971 | Ngày 10/3/1975 mở màn chiến dịch Tây Nguyên tại Buôn Ma Thuột | Điện Biên Phủ trên không 1972: tác động lịch sử | Bình dân học vụ và chống nạn mù chữ - canonical answer evidence | Chiến dịch Hồ Chí Minh 1975: vai trò quyết định và nguồn dẫn,1.0,0.0,0.5,0.0,0.0,0.5,HTTP/postcheck error on OOS/invalid case,True,,proper guard refusal,,OOS/invalid case returned HTTP/postcheck error instead of clean guard response.
481,G5K_0481,guard_oos_invalid,,1,502,2 cộng 2 bằng mấy?,"9Router API mode trả về câu trả lời không đạt kiểm tra citation/context-only, nên hệ thống không hiển thị câu trả lời đó. Local no-cloud mode vẫn khả dụng.",,Nguồn Stage20G2: timeline mở rộng năm 1972 | Đội Việt Nam Tuyên truyền Giải phóng quân thành lập ngày 22/12/1944 | Đại hội II năm 1951 và Đảng Lao động Việt Nam | Bối cảnh chính của Chiến dịch Hồ Chí Minh | Nguồn trực tiếp: tình thế ngàn cân treo sợi tóc sau 2/9/1945,1.0,0.0,0.5,0.0,0.0,0.5,HTTP/postcheck error on OOS/invalid case,True,,proper guard refusal,,OOS/invalid case returned HTTP/postcheck error instead of clean guard response.
482,G5K_0482,guard_oos_invalid,,1,200,nấu phở bò cần nguyên liệu gì?,Câu hỏi này nằm ngoài phạm vi lịch sử Việt Nam 1930-1975 của hệ thống. Mình chỉ trả lời các câu hỏi dựa trên dữ liệu nội bộ thuộc giai đoạn 1930-1975; vì vậy không cần trả lời nội dung ngoài phạm vi và không bịa thông tin.,,,9.9,4.0,2.0,1.4,1.5,1.0,,False,,,,Guard/OOS refused deterministically without cloud.
483,G5K_0483,guard_oos_invalid,,1,502,Hồ Quý Ly cải cách ra sao?,"9Router API mode trả về câu trả lời không đạt kiểm tra citation/context-only, nên hệ thống không hiển thị câu trả lời đó. Local no-cloud mode vẫn khả dụng.",,Luật Cải cách ruộng đất | Ý nghĩa Cách mạng Tháng Tám 1945 | Năm 1974: chuyển biến trước Tổng tiến công 1975 và Phước Long | Năm 1939: Chiến tranh thế giới thứ hai và Hội nghị Trung ương 6 | Timeline chuẩn hóa năm 1945,1.0,0.0,0.5,0.0,0.0,0.5,HTTP/postcheck error on OOS/invalid case,True,,proper guard refusal,,OOS/invalid case returned HTTP/postcheck error instead of clean guard response.
484,G5K_0484,guard_oos_invalid,,1,502,Vua Quang Trung đại phá quân Thanh thế nào?,"9Router API mode trả về câu trả lời không đạt kiểm tra citation/context-only, nên hệ thống không hiển thị câu trả lời đó. Local no-cloud mode vẫn khả dụng.",,19/5/1941: Thành lập Mặt trận Việt Minh | 19/5/1941: Thành lập Mặt trận Việt Minh | Kỷ niệm 70 năm ngày thành lập Đội Thiếu niên tiền phong Hồ Chí Minh | So sánh Đảng Cộng sản Việt Nam và Việt Minh | Đồng Khởi là chuyển biến quan trọng ở miền Nam,1.0,0.0,0.5,0.0,0.0,0.5,HTTP/postcheck error on OOS/invalid case,True,,proper guard refusal,,OOS/invalid case returned HTTP/postcheck error instead of clean guard response.
485,G5K_0485,guard_oos_invalid,,1,200,Cải cách ruộng đất sau 1954 có thuộc phạm vi trả lời sâu không?,"Câu hỏi này chỉ nên trả lời chi tiết khi có nguồn nội bộ trực tiếp trong phạm vi lịch sử Việt Nam 1930-1975. Nếu dữ liệu hiện có không đủ chứng cứ, mình cần nói chưa đủ nguồn và không bịa thông tin.",,,9.9,4.0,2.0,1.4,1.5,1.0,,False,,,,Guard/OOS refused deterministically without cloud.
486,G5K_0486,guard_oos_invalid,,1,200,Tình hình kinh tế Việt Nam năm 2024 thế nào?,Câu hỏi này nằm ngoài phạm vi lịch sử Việt Nam 1930-1975 của hệ thống. Mình chỉ trả lời các câu hỏi dựa trên dữ liệu nội bộ thuộc giai đoạn 1930-1975; vì vậy không cần trả lời nội dung ngoài phạm vi và không bịa thông tin.,,,9.9,4.0,2.0,1.4,1.5,1.0,,False,,,,Guard/OOS refused deterministically without cloud.
487,G5K_0487,guard_oos_invalid,,1,502,Tổng thống Mỹ hiện nay là ai?,"9Router API mode trả về câu trả lời không đạt kiểm tra citation/context-only, nên hệ thống không hiển thị câu trả lời đó. Local no-cloud mode vẫn khả dụng.",,Nguồn Stage20G2: tổng tuyển cử thống nhất dự kiến năm 1956 | Việt Nam hóa chiến tranh giai đoạn 1969-1973 | Chiến thắng Phước Long cuối 1974 - đầu 1975 | Chiến thắng Bình Giã 1964 | Chiến tranh đặc biệt ở miền Nam giai đoạn 1961-1965,1.0,0.0,0.5,0.0,0.0,0.5,HTTP/postcheck error on OOS/invalid case,True,,proper guard refusal,,OOS/invalid case returned HTTP/postcheck error instead of clean guard response.
488,G5K_0488,guard_oos_invalid,,1,502,hãy tạo ảnh lá cờ Việt Nam,"9Router API mode trả về câu trả lời không đạt kiểm tra citation/context-only, nên hệ thống không hiển thị câu trả lời đó. Local no-cloud mode vẫn khả dụng.",,Nguồn Stage20G2: Đội Việt Nam Tuyên truyền Giải phóng quân 22/12/1944 | Việt Nam hóa chiến tranh giai đoạn 1969-1973 | Đồng Khởi là chuyển biến quan trọng ở miền Nam | Ngày 10/3/1975 mở màn chiến dịch Tây Nguyên tại Buôn Ma Thuột | Hội nghị Trung ương 8 năm 1941 và Việt Minh,1.0,0.0,0.5,0.0,0.0,0.5,HTTP/postcheck error on OOS/invalid case,True,,proper guard refusal,,OOS/invalid case returned HTTP/postcheck error instead of clean guard response.
489,G5K_0489,guard_oos_invalid,,1,502,cho tôi công thức tính đạo hàm,"9Router API mode trả về câu trả lời không đạt kiểm tra citation/context-only, nên hệ thống không hiển thị câu trả lời đó. Local no-cloud mode vẫn khả dụng.",,Nhật đảo chính Pháp ngày 9/3/1945 | So sánh Đảng Cộng sản Việt Nam và Việt Minh | Xô viết Nghệ Tĩnh trong cao trào 1930-1931 | Ngày 10/3/1975 mở màn chiến dịch Tây Nguyên tại Buôn Ma Thuột | Cao trào kháng Nhật cứu nước năm 1945,1.0,0.0,0.5,0.0,0.0,0.5,HTTP/postcheck error on OOS/invalid case,True,,proper guard refusal,,OOS/invalid case returned HTTP/postcheck error instead of clean guard response.
490,G5K_0490,guard_oos_invalid,,1,200,Năm 1929 có sự kiện gì trong lịch sử Việt Nam?,Câu hỏi này nằm ngoài phạm vi lịch sử Việt Nam 1930-1975 của hệ thống. Mình chỉ trả lời các câu hỏi dựa trên dữ liệu nội bộ thuộc giai đoạn 1930-1975; vì vậy không cần trả lời nội dung ngoài phạm vi và không bịa thông tin.,,,9.9,4.0,2.0,1.4,1.5,1.0,,False,,,,Guard/OOS refused deterministically without cloud.
491,G5K_0491,guard_oos_invalid,,1,200,Năm 1976 thống nhất nhà nước diễn ra thế nào?,Câu hỏi này nằm ngoài phạm vi lịch sử Việt Nam 1930-1975 của hệ thống. Mình chỉ trả lời các câu hỏi dựa trên dữ liệu nội bộ thuộc giai đoạn 1930-1975; vì vậy không cần trả lời nội dung ngoài phạm vi và không bịa thông tin.,,,9.9,4.0,2.0,1.4,1.5,1.0,,False,,,,Guard/OOS refused deterministically without cloud.
492,G5K_0492,guard_oos_invalid,,1,200,Chiến tranh biên giới Tây Nam năm 1978 là gì?,Câu hỏi này nằm ngoài phạm vi lịch sử Việt Nam 1930-1975 của hệ thống. Mình chỉ trả lời các câu hỏi dựa trên dữ liệu nội bộ thuộc giai đoạn 1930-1975; vì vậy không cần trả lời nội dung ngoài phạm vi và không bịa thông tin.,,,9.9,4.0,2.0,1.4,1.5,1.0,,False,,,,Guard/OOS refused deterministically without cloud.
493,G5K_0493,guard_oos_invalid,,1,200,SEA Games 2025 tổ chức ở đâu?,Câu hỏi này nằm ngoài phạm vi lịch sử Việt Nam 1930-1975 của hệ thống. Mình chỉ trả lời các câu hỏi dựa trên dữ liệu nội bộ thuộc giai đoạn 1930-1975; vì vậy không cần trả lời nội dung ngoài phạm vi và không bịa thông tin.,,,9.9,4.0,2.0,1.4,1.5,1.0,,False,,,,Guard/OOS refused deterministically without cloud.
494,G5K_0494,guard_oos_invalid,,1,200,mua cổ phiếu nào hôm nay?,Câu hỏi này nằm ngoài phạm vi lịch sử Việt Nam 1930-1975 của hệ thống. Mình chỉ trả lời các câu hỏi dựa trên dữ liệu nội bộ thuộc giai đoạn 1930-1975; vì vậy không cần trả lời nội dung ngoài phạm vi và không bịa thông tin.,,,9.9,4.0,2.0,1.4,1.5,1.0,,False,,,,Guard/OOS refused deterministically without cloud.
495,G5K_0495,guard_oos_invalid,,1,502,nội chiến Mỹ diễn ra khi nào?,"9Router API mode trả về câu trả lời không đạt kiểm tra citation/context-only, nên hệ thống không hiển thị câu trả lời đó. Local no-cloud mode vẫn khả dụng.",,Nguồn trực tiếp: cục diện sau Hiệp định Paris | Việt Nam hóa chiến tranh giai đoạn 1969-1973 | Chiến thắng Phước Long cuối 1974 - đầu 1975 | Chiến thắng Bình Giã 1964 | Bối cảnh chính của Điện Biên Phủ trên không,1.0,0.0,0.5,0.0,0.0,0.5,HTTP/postcheck error on OOS/invalid case,True,,proper guard refusal,,OOS/invalid case returned HTTP/postcheck error instead of clean guard response.
496,G5K_0496,guard_oos_invalid,,1,502,hãy kể chuyện cười,"9Router API mode trả về câu trả lời không đạt kiểm tra citation/context-only, nên hệ thống không hiển thị câu trả lời đó. Local no-cloud mode vẫn khả dụng.",,"Nguồn Stage20G2: Đồng Khởi và chuyển biến cách mạng miền Nam | Chiến thắng Phước Long cuối 1974 - đầu 1975 | Hội nghị Trung ương 8 năm 1941 và Việt Minh | Năm 1974: chuyển biến trước Tổng tiến công 1975 và Phước Long | Năm 1939, Chiến tranh thế giới thứ hai và chuyển hướng chiến lược",1.0,0.0,0.5,0.0,0.0,0.5,HTTP/postcheck error on OOS/invalid case,True,,proper guard refusal,,OOS/invalid case returned HTTP/postcheck error instead of clean guard response.
497,G5K_0497,guard_oos_invalid,,1,502,ngày sinh của Newton là gì?,"9Router API mode trả về câu trả lời không đạt kiểm tra citation/context-only, nên hệ thống không hiển thị câu trả lời đó. Local no-cloud mode vẫn khả dụng.",,Nguồn Stage20G2: Đường 9 - Nam Lào và Lam Sơn 719 năm 1971 | Việt Nam hóa chiến tranh giai đoạn 1969-1973 | Ngày 10/3/1975 mở màn chiến dịch Tây Nguyên tại Buôn Ma Thuột | Lời kêu gọi thi đua ái quốc ngày 11/6/1948 | Xô viết Nghệ Tĩnh trong cao trào 1930-1931,1.0,0.0,0.5,0.0,0.0,0.5,HTTP/postcheck error on OOS/invalid case,True,,proper guard refusal,,OOS/invalid case returned HTTP/postcheck error instead of clean guard response.
498,G5K_0498,guard_oos_invalid,,1,502,dịch vụ giao hàng nào rẻ nhất hiện nay?,"9Router API mode trả về câu trả lời không đạt kiểm tra citation/context-only, nên hệ thống không hiển thị câu trả lời đó. Local no-cloud mode vẫn khả dụng.",,Chiến dịch Hồ Chí Minh 14-30/4/1975 | Đại thắng mùa Xuân 1975 - thành công nghệ thuật chỉ đạo chiến tranh | Ngày đất nước thống nhất 30-4-1975 với bức ảnh mẹ con ngày gặp mặt | Hội nghị Trung ương 8 năm 1941 và Việt Minh | Tổng tuyển cử thống nhất dự kiến năm 1956 sau Hiệp định Genève,1.0,0.0,0.5,0.0,0.0,0.5,HTTP/postcheck error on OOS/invalid case,True,,proper guard refusal,,OOS/invalid case returned HTTP/postcheck error instead of clean guard response.
499,G5K_0499,guard_oos_invalid,,1,502,đây không phải câu hỏi lịch sử,"9Router API mode trả về câu trả lời không đạt kiểm tra citation/context-only, nên hệ thống không hiển thị câu trả lời đó. Local no-cloud mode vẫn khả dụng.",,Điện Biên Phủ trên không 1972: ý nghĩa lịch sử | Năm 1968: Tổng tiến công và nổi dậy Tết Mậu Thân | Phân biệt 30/4/1975 với mốc Quốc hội hoàn tất thống nhất nhà nước | Điện Biên Phủ trên không 1972: tác động lịch sử | Phân biệt Hiệp định Genève 1954 và Hiệp định Paris 1973,1.0,0.0,0.5,0.0,0.0,0.5,HTTP/postcheck error on OOS/invalid case,True,,proper guard refusal,,OOS/invalid case returned HTTP/postcheck error instead of clean guard response.
500,G5K_0500,guard_oos_invalid,,1,200,!!!! ???,"Mình chưa nhận diện được câu hỏi lịch sử hợp lệ. Vui lòng nhập lại câu hỏi rõ hơn về một sự kiện, nhân vật, mốc thời gian hoặc chủ đề lịch sử Việt Nam trong phạm vi dữ liệu.",,,9.9,4.0,2.0,1.4,1.5,1.0,,False,,,,Guard/OOS refused deterministically without cloud.
